trade_time,open,high,low,close,vol,amount
2024-01-02 09:31:00,9.55,9.65,9.53,9.56,350800.0,3357869.0
2024-01-02 09:32:00,9.57,9.57,9.55,9.56,51300.0,490659.0
2024-01-02 09:33:00,9.55,9.57,9.55,9.56,58200.0,556536.0
2024-01-02 09:34:00,9.57,9.57,9.56,9.56,44600.0,426555.0
2024-01-02 09:35:00,9.57,9.57,9.54,9.54,39200.0,374638.0
2024-01-02 09:36:00,9.55,9.55,9.53,9.55,45000.0,429441.0
2024-01-02 09:37:00,9.54,9.56,9.54,9.55,36400.0,347566.0
2024-01-02 09:38:00,9.55,9.56,9.54,9.55,69100.0,659828.0
2024-01-02 09:39:00,9.55,9.56,9.54,9.55,64600.0,616737.0
2024-01-02 09:40:00,9.55,9.57,9.55,9.56,26700.0,255216.0
2024-01-02 09:41:00,9.56,9.61,9.56,9.61,112200.0,1074764.0
2024-01-02 09:42:00,9.61,9.61,9.59,9.59,33800.0,324381.0
2024-01-02 09:43:00,9.59,9.6,9.57,9.58,55300.0,529965.0
2024-01-02 09:44:00,9.58,9.59,9.58,9.58,43700.0,418690.0
2024-01-02 09:45:00,9.57,9.59,9.57,9.59,42300.0,405212.0
2024-01-02 09:46:00,9.59,9.59,9.57,9.58,19400.0,185846.0
2024-01-02 09:47:00,9.58,9.58,9.56,9.57,60900.0,582838.0
2024-01-02 09:48:00,9.56,9.57,9.56,9.57,23100.0,221055.0
2024-01-02 09:49:00,9.56,9.57,9.56,9.56,12500.0,119530.0
2024-01-02 09:50:00,9.56,9.58,9.56,9.57,36800.0,352218.0
2024-01-02 09:51:00,9.56,9.56,9.55,9.56,55100.0,526753.0
2024-01-02 09:52:00,9.56,9.57,9.56,9.56,20800.0,199037.0
2024-01-02 09:53:00,9.56,9.57,9.56,9.57,8300.0,79411.0
2024-01-02 09:54:00,9.57,9.57,9.55,9.57,67400.0,644388.0
2024-01-02 09:55:00,9.56,9.56,9.54,9.54,80700.0,770890.0
2024-01-02 09:56:00,9.54,9.54,9.53,9.54,53700.0,512230.0
2024-01-02 09:57:00,9.54,9.55,9.54,9.55,22300.0,212810.0
2024-01-02 09:58:00,9.54,9.55,9.54,9.54,21300.0,203288.0
2024-01-02 09:59:00,9.55,9.56,9.54,9.55,48900.0,466982.0
2024-01-02 10:00:00,9.55,9.56,9.55,9.55,20600.0,196734.0
2024-01-02 10:01:00,9.55,9.55,9.54,9.55,52000.0,496592.0
2024-01-02 10:02:00,9.56,9.57,9.55,9.56,55100.0,526984.0
2024-01-02 10:03:00,9.56,9.57,9.55,9.56,21900.0,209332.0
2024-01-02 10:04:00,9.55,9.56,9.55,9.56,36800.0,351484.0
2024-01-02 10:05:00,9.55,9.56,9.55,9.56,44900.0,429133.0
2024-01-02 10:06:00,9.55,9.56,9.55,9.56,33700.0,321879.0
2024-01-02 10:07:00,9.56,9.56,9.54,9.54,32900.0,314132.0
2024-01-02 10:08:00,9.54,9.56,9.54,9.55,20200.0,192908.0
2024-01-02 10:09:00,9.56,9.56,9.54,9.54,40500.0,386789.0
2024-01-02 10:10:00,9.55,9.56,9.55,9.55,10700.0,102214.0
2024-01-02 10:11:00,9.55,9.55,9.54,9.55,19400.0,185229.0
2024-01-02 10:12:00,9.54,9.55,9.54,9.54,7900.0,75386.0
2024-01-02 10:13:00,9.54,9.55,9.52,9.53,133500.0,1273170.0
2024-01-02 10:14:00,9.52,9.54,9.52,9.53,56600.0,539224.0
2024-01-02 10:15:00,9.53,9.53,9.53,9.53,43700.0,416475.0
2024-01-02 10:16:00,9.53,9.54,9.53,9.53,8300.0,79123.0
2024-01-02 10:17:00,9.54,9.54,9.53,9.54,52400.0,499419.0
2024-01-02 10:18:00,9.53,9.55,9.53,9.54,39000.0,371992.0
2024-01-02 10:19:00,9.54,9.54,9.53,9.54,31200.0,297622.0
2024-01-02 10:20:00,9.54,9.54,9.53,9.53,15000.0,142964.0
2024-01-02 10:21:00,9.54,9.54,9.53,9.54,9600.0,91503.0
2024-01-02 10:22:00,9.53,9.53,9.53,9.53,9400.0,89585.0
2024-01-02 10:23:00,9.53,9.53,9.52,9.53,114600.0,1091476.0
2024-01-02 10:24:00,9.53,9.53,9.52,9.52,25500.0,242900.0
2024-01-02 10:25:00,9.52,9.54,9.52,9.54,45500.0,433593.0
2024-01-02 10:26:00,9.53,9.54,9.52,9.52,17000.0,161998.0
2024-01-02 10:27:00,9.53,9.53,9.52,9.52,5600.0,53363.0
2024-01-02 10:28:00,9.53,9.53,9.53,9.53,10500.0,100061.0
2024-01-02 10:29:00,9.53,9.54,9.53,9.53,17500.0,166845.0
2024-01-02 10:30:00,9.53,9.53,9.53,9.53,40400.0,385012.0
2024-01-02 10:31:00,9.52,9.52,9.52,9.52,10000.0,95200.0
2024-01-02 10:32:00,9.52,9.53,9.52,9.53,43100.0,410598.0
2024-01-02 10:33:00,9.53,9.53,9.52,9.52,9000.0,85685.0
2024-01-02 10:34:00,9.52,9.53,9.52,9.53,34400.0,327653.0
2024-01-02 10:35:00,9.52,9.53,9.52,9.52,15900.0,151476.0
2024-01-02 10:36:00,9.52,9.53,9.52,9.53,24000.0,228483.0
2024-01-02 10:37:00,9.52,9.53,9.52,9.53,10800.0,102913.0
2024-01-02 10:38:00,9.52,9.53,9.52,9.53,18400.0,175342.0
2024-01-02 10:39:00,9.53,9.53,9.52,9.53,23400.0,222995.0
2024-01-02 10:40:00,9.52,9.52,9.52,9.52,47600.0,453152.0
2024-01-02 10:41:00,9.52,9.53,9.52,9.52,38200.0,363670.0
2024-01-02 10:42:00,9.52,9.52,9.52,9.52,7200.0,68544.0
2024-01-02 10:43:00,9.52,9.53,9.52,9.52,16500.0,157188.0
2024-01-02 10:44:00,9.52,9.53,9.52,9.52,7600.0,72368.0
2024-01-02 10:45:00,9.52,9.53,9.52,9.52,41400.0,394182.0
2024-01-02 10:46:00,9.52,9.53,9.52,9.53,13400.0,127669.0
2024-01-02 10:47:00,9.53,9.53,9.52,9.52,700.0,6665.0
2024-01-02 10:48:00,9.52,9.54,9.52,9.54,98300.0,937124.0
2024-01-02 10:49:00,9.54,9.54,9.53,9.53,11100.0,105882.0
2024-01-02 10:50:00,9.54,9.54,9.53,9.53,4300.0,41014.0
2024-01-02 10:51:00,9.54,9.54,9.53,9.53,6700.0,63890.0
2024-01-02 10:52:00,9.53,9.54,9.52,9.52,26900.0,256396.0
2024-01-02 10:53:00,9.53,9.53,9.52,9.52,9200.0,87619.0
2024-01-02 10:54:00,9.52,9.53,9.52,9.52,3600.0,34273.0
2024-01-02 10:55:00,9.53,9.53,9.51,9.51,55400.0,527445.0
2024-01-02 10:56:00,9.51,9.52,9.51,9.52,37900.0,360465.0
2024-01-02 10:57:00,9.51,9.51,9.51,9.51,27100.0,257721.0
2024-01-02 10:58:00,9.51,9.51,9.5,9.51,41100.0,390822.0
2024-01-02 10:59:00,9.51,9.52,9.51,9.51,8900.0,84644.0
2024-01-02 11:00:00,9.51,9.52,9.51,9.52,8400.0,79904.0
2024-01-02 11:01:00,9.52,9.52,9.51,9.52,54200.0,515926.0
2024-01-02 11:02:00,9.52,9.53,9.52,9.53,3900.0,37133.0
2024-01-02 11:03:00,9.53,9.53,9.52,9.52,10700.0,101915.0
2024-01-02 11:04:00,9.52,9.53,9.52,9.53,41700.0,397377.0
2024-01-02 11:05:00,9.52,9.53,9.52,9.52,10500.0,100026.0
2024-01-02 11:06:00,9.53,9.54,9.53,9.53,24100.0,229749.0
2024-01-02 11:07:00,9.53,9.54,9.53,9.54,4900.0,46743.0
2024-01-02 11:08:00,9.54,9.55,9.54,9.55,29200.0,278567.5
2024-01-02 11:09:00,9.55,9.55,9.54,9.54,9000.0,85893.0
2024-01-02 11:10:00,9.55,9.57,9.54,9.57,87000.0,830482.5
2024-01-02 11:11:00,9.56,9.57,9.56,9.56,24000.0,229476.0
2024-01-02 11:12:00,9.57,9.57,9.57,9.57,2400.0,22968.0
2024-01-02 11:13:00,9.57,9.57,9.56,9.57,8900.0,85103.0
2024-01-02 11:14:00,9.57,9.57,9.56,9.57,30100.0,287868.0
2024-01-02 11:15:00,9.57,9.57,9.56,9.57,27200.0,260167.0
2024-01-02 11:16:00,9.57,9.58,9.57,9.57,27400.0,262302.0
2024-01-02 11:17:00,9.57,9.58,9.57,9.57,37100.0,355102.0
2024-01-02 11:18:00,9.58,9.58,9.57,9.57,16700.0,159884.0
2024-01-02 11:19:00,9.58,9.58,9.57,9.57,13000.0,124524.0
2024-01-02 11:20:00,9.58,9.58,9.57,9.58,60800.0,582403.0
2024-01-02 11:21:00,9.57,9.59,9.57,9.58,94000.0,901081.0
2024-01-02 11:22:00,9.58,9.59,9.57,9.57,14700.0,140847.0
2024-01-02 11:23:00,9.57,9.58,9.56,9.56,33000.0,315798.0
2024-01-02 11:24:00,9.57,9.58,9.56,9.56,20900.0,200072.0
2024-01-02 11:25:00,9.56,9.58,9.56,9.58,9200.0,88125.0
2024-01-02 11:26:00,9.57,9.58,9.57,9.58,13000.0,124530.0
2024-01-02 11:27:00,9.58,9.58,9.57,9.58,7500.0,71848.0
2024-01-02 11:28:00,9.57,9.58,9.57,9.57,26400.0,252650.0
2024-01-02 11:29:00,9.56,9.57,9.56,9.57,61000.0,583571.0
2024-01-02 11:30:00,9.57,9.59,9.57,9.58,55300.0,529820.0
2024-01-02 13:01:00,9.58,9.58,9.56,9.57,116500.0,1115128.0
2024-01-02 13:02:00,9.56,9.58,9.56,9.58,19700.0,188616.0
2024-01-02 13:03:00,9.58,9.58,9.57,9.57,32900.0,315136.0
2024-01-02 13:04:00,9.58,9.7,9.57,9.7,544000.0,5244392.0
2024-01-02 13:05:00,9.69,9.69,9.64,9.66,131300.0,1268086.0
2024-01-02 13:06:00,9.66,9.66,9.63,9.64,246600.0,2380706.0
2024-01-02 13:07:00,9.64,9.65,9.64,9.64,66500.0,641678.0
2024-01-02 13:08:00,9.63,9.64,9.61,9.62,84700.0,815674.0
2024-01-02 13:09:00,9.62,9.64,9.61,9.63,86600.0,833391.0
2024-01-02 13:10:00,9.62,9.64,9.61,9.61,142900.0,1374911.0
2024-01-02 13:11:00,9.62,9.63,9.61,9.63,25400.0,244417.0
2024-01-02 13:12:00,9.62,9.62,9.61,9.62,11400.0,109640.0
2024-01-02 13:13:00,9.61,9.62,9.61,9.61,13900.0,133637.0
2024-01-02 13:14:00,9.62,9.63,9.61,9.61,15700.0,150993.0
2024-01-02 13:15:00,9.62,9.62,9.6,9.61,22500.0,216193.0
2024-01-02 13:16:00,9.6,9.61,9.59,9.61,22100.0,212200.0
2024-01-02 13:17:00,9.6,9.62,9.6,9.62,12200.0,117276.0
2024-01-02 13:18:00,9.62,9.62,9.6,9.62,29200.0,280811.0
2024-01-02 13:19:00,9.62,9.63,9.61,9.62,49500.0,476202.0
2024-01-02 13:20:00,9.61,9.63,9.61,9.61,23800.0,229036.0
2024-01-02 13:21:00,9.61,9.63,9.6,9.6,31000.0,297850.0
2024-01-02 13:22:00,9.6,9.62,9.6,9.6,19700.0,189191.0
2024-01-02 13:23:00,9.61,9.63,9.6,9.62,71100.0,684407.0
2024-01-02 13:24:00,9.62,9.62,9.61,9.61,6500.0,62500.0
2024-01-02 13:25:00,9.61,9.62,9.61,9.62,38500.0,370159.0
2024-01-02 13:26:00,9.62,9.62,9.61,9.61,2000.0,19234.0
2024-01-02 13:27:00,9.62,9.63,9.62,9.62,31500.0,303097.0
2024-01-02 13:28:00,9.62,9.63,9.62,9.62,23800.0,229035.0
2024-01-02 13:29:00,9.62,9.63,9.62,9.62,21300.0,204422.0
2024-01-02 13:30:00,9.62,9.63,9.62,9.62,29800.0,287352.5
2024-01-02 13:31:00,9.62,9.63,9.6,9.62,33300.0,320175.0
2024-01-02 13:32:00,9.62,9.62,9.6,9.61,13700.0,131640.0
2024-01-02 13:33:00,9.6,9.62,9.59,9.59,24000.0,230422.0
2024-01-02 13:34:00,9.59,9.6,9.59,9.6,3800.0,36467.0
2024-01-02 13:35:00,9.59,9.6,9.58,9.58,32900.0,315557.0
2024-01-02 13:36:00,9.59,9.59,9.58,9.59,29400.0,281678.0
2024-01-02 13:37:00,9.58,9.59,9.58,9.58,35600.0,341065.0
2024-01-02 13:38:00,9.58,9.58,9.57,9.58,6100.0,58430.0
2024-01-02 13:39:00,9.58,9.59,9.58,9.58,18600.0,177719.5
2024-01-02 13:40:00,9.58,9.59,9.57,9.58,14000.0,134116.0
2024-01-02 13:41:00,9.58,9.59,9.58,9.59,6900.0,66146.0
2024-01-02 13:42:00,9.59,9.59,9.58,9.58,3600.0,34516.0
2024-01-02 13:43:00,9.58,9.59,9.57,9.57,37100.0,355512.0
2024-01-02 13:44:00,9.58,9.58,9.57,9.58,7200.0,68958.0
2024-01-02 13:45:00,9.58,9.58,9.57,9.58,15900.0,152312.0
2024-01-02 13:46:00,9.58,9.58,9.57,9.57,13900.0,133164.0
2024-01-02 13:47:00,9.57,9.58,9.57,9.58,5900.0,56502.0
2024-01-02 13:48:00,9.59,9.59,9.57,9.59,28400.0,272008.5
2024-01-02 13:49:00,9.59,9.59,9.58,9.58,30900.0,296052.0
2024-01-02 13:50:00,9.58,9.58,9.57,9.58,29500.0,282602.0
2024-01-02 13:51:00,9.58,9.58,9.57,9.58,44100.0,422175.0
2024-01-02 13:52:00,9.57,9.58,9.57,9.57,6100.0,58419.0
2024-01-02 13:53:00,9.57,9.57,9.56,9.57,65500.0,627315.5
2024-01-02 13:54:00,9.57,9.57,9.56,9.56,5400.0,51653.0
2024-01-02 13:55:00,9.57,9.57,9.56,9.57,19000.0,181828.0
2024-01-02 13:56:00,9.57,9.58,9.57,9.58,28000.0,267950.0
2024-01-02 13:57:00,9.56,9.58,9.56,9.57,43700.0,417736.0
2024-01-02 13:58:00,9.58,9.58,9.57,9.58,10100.0,96699.0
2024-01-02 13:59:00,9.58,9.58,9.57,9.57,9200.0,88111.0
2024-01-02 14:00:00,9.58,9.58,9.57,9.58,18000.0,172420.0
2024-01-02 14:01:00,9.58,9.58,9.57,9.57,11500.0,110144.0
2024-01-02 14:02:00,9.58,9.59,9.58,9.59,35300.0,338245.0
2024-01-02 14:03:00,9.59,9.59,9.58,9.58,36900.0,353811.0
2024-01-02 14:04:00,9.58,9.58,9.57,9.57,64900.0,621669.0
2024-01-02 14:05:00,9.57,9.58,9.57,9.58,11200.0,107258.0
2024-01-02 14:06:00,9.58,9.58,9.57,9.57,5100.0,48849.0
2024-01-02 14:07:00,9.57,9.59,9.57,9.58,27000.0,258591.0
2024-01-02 14:08:00,9.59,9.59,9.57,9.58,42700.0,409059.0
2024-01-02 14:09:00,9.59,9.59,9.58,9.58,9400.0,90105.0
2024-01-02 14:10:00,9.59,9.59,9.58,9.58,14400.0,138074.0
2024-01-02 14:11:00,9.59,9.59,9.58,9.58,9800.0,93941.0
2024-01-02 14:12:00,9.59,9.6,9.59,9.6,34600.0,332414.5
2024-01-02 14:13:00,9.6,9.6,9.59,9.59,13700.0,131508.0
2024-01-02 14:14:00,9.6,9.6,9.59,9.6,22400.0,215009.0
2024-01-02 14:15:00,9.6,9.61,9.59,9.6,15300.0,146933.0
2024-01-02 14:16:00,9.61,9.61,9.59,9.6,27900.0,267820.0
2024-01-02 14:17:00,9.59,9.6,9.59,9.6,16000.0,153570.0
2024-01-02 14:18:00,9.59,9.6,9.59,9.6,16400.0,157364.0
2024-01-02 14:19:00,9.59,9.6,9.59,9.59,24300.0,233166.0
2024-01-02 14:20:00,9.59,9.59,9.58,9.59,78900.0,756612.0
2024-01-02 14:21:00,9.59,9.59,9.59,9.59,4000.0,38360.0
2024-01-02 14:22:00,9.58,9.59,9.58,9.58,7900.0,75698.0
2024-01-02 14:23:00,9.59,9.6,9.58,9.59,36500.0,350011.0
2024-01-02 14:24:00,9.59,9.59,9.58,9.59,5500.0,52728.0
2024-01-02 14:25:00,9.58,9.58,9.58,9.58,49200.0,471345.0
2024-01-02 14:26:00,9.59,9.59,9.58,9.58,10400.0,99655.0
2024-01-02 14:27:00,9.59,9.59,9.57,9.58,28100.0,269231.0
2024-01-02 14:28:00,9.59,9.59,9.57,9.58,46800.0,447968.0
2024-01-02 14:29:00,9.58,9.58,9.57,9.58,13400.0,128256.0
2024-01-02 14:30:00,9.57,9.58,9.57,9.57,33400.0,319682.0
2024-01-02 14:31:00,9.57,9.59,9.57,9.58,58400.0,559481.0
2024-01-02 14:32:00,9.58,9.59,9.58,9.58,41700.0,399538.0
2024-01-02 14:33:00,9.58,9.59,9.58,9.58,19800.0,189698.0
2024-01-02 14:34:00,9.59,9.59,9.58,9.58,23500.0,225130.0
2024-01-02 14:35:00,9.59,9.59,9.57,9.58,23400.0,224198.0
2024-01-02 14:36:00,9.58,9.58,9.58,9.58,18800.0,180141.0
2024-01-02 14:37:00,9.59,9.59,9.58,9.58,48500.0,464960.0
2024-01-02 14:38:00,9.58,9.59,9.57,9.57,25500.0,244287.0
2024-01-02 14:39:00,9.57,9.58,9.57,9.58,25500.0,244287.0
2024-01-02 14:40:00,9.58,9.58,9.57,9.57,42700.0,408402.5
2024-01-02 14:41:00,9.57,9.58,9.57,9.57,10500.0,100510.0
2024-01-02 14:42:00,9.57,9.57,9.56,9.56,34000.0,325793.5
2024-01-02 14:43:00,9.57,9.57,9.56,9.56,25500.0,243788.0
2024-01-02 14:44:00,9.56,9.56,9.55,9.56,34600.0,330741.0
2024-01-02 14:45:00,9.57,9.57,9.56,9.56,18700.0,178777.0
2024-01-02 14:46:00,9.57,9.57,9.56,9.57,50800.0,485893.0
2024-01-02 14:47:00,9.56,9.57,9.56,9.57,19200.0,183612.0
2024-01-02 14:48:00,9.57,9.57,9.56,9.56,16300.0,155931.0
2024-01-02 14:49:00,9.57,9.57,9.56,9.57,44900.0,429331.0
2024-01-02 14:50:00,9.56,9.57,9.56,9.56,28100.0,268674.0
2024-01-02 14:51:00,9.56,9.57,9.56,9.56,7500.0,71711.0
2024-01-02 14:52:00,9.56,9.57,9.56,9.57,53200.0,509040.0
2024-01-02 14:53:00,9.57,9.57,9.56,9.56,7800.0,74643.0
2024-01-02 14:54:00,9.57,9.57,9.56,9.57,30200.0,288934.0
2024-01-02 14:55:00,9.56,9.56,9.55,9.55,52200.0,498966.0
2024-01-02 14:56:00,9.56,9.56,9.55,9.55,32300.0,308522.0
2024-01-02 14:57:00,9.55,9.56,9.55,9.55,43900.0,419347.0
2024-01-02 14:58:00,9.55,9.55,9.55,9.55,0.0,0.0
2024-01-02 14:59:00,9.55,9.55,9.55,9.55,0.0,0.0
2024-01-02 15:00:00,9.55,9.55,9.55,9.55,82000.0,783100.0
2024-01-03 09:31:00,9.51,9.54,9.51,9.52,129400.0,1232880.0
2024-01-03 09:32:00,9.52,9.52,9.48,9.5,118600.0,1126650.0
2024-01-03 09:33:00,9.49,9.49,9.46,9.48,81800.0,775211.0
2024-01-03 09:34:00,9.48,9.49,9.47,9.49,60100.0,569551.0
2024-01-03 09:35:00,9.49,9.53,9.48,9.53,38300.0,364129.0
2024-01-03 09:36:00,9.53,9.53,9.51,9.51,50200.0,478273.0
2024-01-03 09:37:00,9.51,9.53,9.51,9.53,11600.0,110485.0
2024-01-03 09:38:00,9.53,9.53,9.52,9.53,8600.0,81916.0
2024-01-03 09:39:00,9.52,9.52,9.51,9.51,31600.0,300701.0
2024-01-03 09:40:00,9.5,9.52,9.49,9.51,30100.0,285977.0
2024-01-03 09:41:00,9.5,9.53,9.5,9.53,28400.0,270307.0
2024-01-03 09:42:00,9.53,9.55,9.53,9.54,59200.0,564530.0
2024-01-03 09:43:00,9.54,9.54,9.52,9.54,37300.0,355612.0
2024-01-03 09:44:00,9.54,9.54,9.52,9.52,30500.0,290753.0
2024-01-03 09:45:00,9.52,9.53,9.51,9.52,15400.0,146606.0
2024-01-03 09:46:00,9.52,9.53,9.52,9.52,5200.0,49514.0
2024-01-03 09:47:00,9.53,9.53,9.52,9.53,18700.0,178214.0
2024-01-03 09:48:00,9.54,9.54,9.53,9.53,26200.0,249777.0
2024-01-03 09:49:00,9.54,9.54,9.52,9.53,24300.0,231638.0
2024-01-03 09:50:00,9.53,9.54,9.52,9.52,17400.0,165817.0
2024-01-03 09:51:00,9.53,9.54,9.53,9.53,15200.0,144838.0
2024-01-03 09:52:00,9.54,9.54,9.52,9.52,60200.0,573552.0
2024-01-03 09:53:00,9.52,9.52,9.51,9.52,11900.0,113285.0
2024-01-03 09:54:00,9.52,9.53,9.52,9.53,14400.0,137213.0
2024-01-03 09:55:00,9.53,9.53,9.51,9.52,20300.0,193231.0
2024-01-03 09:56:00,9.51,9.52,9.51,9.52,10200.0,97053.0
2024-01-03 09:57:00,9.51,9.51,9.49,9.5,65500.0,622539.0
2024-01-03 09:58:00,9.5,9.5,9.49,9.49,9700.0,92096.0
2024-01-03 09:59:00,9.49,9.49,9.49,9.49,36600.0,347334.0
2024-01-03 10:00:00,9.49,9.5,9.49,9.5,10700.0,101595.0
2024-01-03 10:01:00,9.5,9.51,9.49,9.49,47600.0,452153.0
2024-01-03 10:02:00,9.5,9.51,9.5,9.51,21900.0,208118.0
2024-01-03 10:03:00,9.51,9.51,9.5,9.5,21300.0,202410.0
2024-01-03 10:04:00,9.5,9.5,9.48,9.48,71500.0,678605.0
2024-01-03 10:05:00,9.48,9.49,9.47,9.47,87200.0,826362.0
2024-01-03 10:06:00,9.49,9.49,9.46,9.47,57400.0,543470.0
2024-01-03 10:07:00,9.48,9.48,9.47,9.48,17500.0,165897.0
2024-01-03 10:08:00,9.46,9.47,9.41,9.44,332900.0,3142345.0
2024-01-03 10:09:00,9.44,9.45,9.44,9.45,26500.0,250377.0
2024-01-03 10:10:00,9.44,9.45,9.44,9.44,18700.0,176590.0
2024-01-03 10:11:00,9.44,9.44,9.43,9.43,82300.0,776461.0
2024-01-03 10:12:00,9.43,9.44,9.43,9.44,24800.0,233913.0
2024-01-03 10:13:00,9.43,9.45,9.43,9.45,30200.0,285080.0
2024-01-03 10:14:00,9.45,9.45,9.43,9.43,70400.0,664223.0
2024-01-03 10:15:00,9.43,9.44,9.43,9.44,7900.0,74505.0
2024-01-03 10:16:00,9.44,9.44,9.43,9.43,15200.0,143474.0
2024-01-03 10:17:00,9.43,9.44,9.43,9.43,29300.0,276313.0
2024-01-03 10:18:00,9.43,9.44,9.43,9.43,21000.0,198062.0
2024-01-03 10:19:00,9.43,9.43,9.42,9.43,9500.0,89562.0
2024-01-03 10:20:00,9.44,9.44,9.43,9.43,13000.0,122584.0
2024-01-03 10:21:00,9.43,9.44,9.43,9.43,25500.0,240480.0
2024-01-03 10:22:00,9.43,9.43,9.41,9.43,83900.0,790335.0
2024-01-03 10:23:00,9.43,9.44,9.43,9.43,11000.0,103739.0
2024-01-03 10:24:00,9.44,9.44,9.43,9.44,11200.0,105705.0
2024-01-03 10:25:00,9.43,9.44,9.43,9.43,35000.0,330051.0
2024-01-03 10:26:00,9.43,9.43,9.43,9.43,12000.0,113160.0
2024-01-03 10:27:00,9.43,9.44,9.43,9.43,4600.0,43383.5
2024-01-03 10:28:00,9.43,9.44,9.43,9.43,22500.0,212078.0
2024-01-03 10:29:00,9.43,9.43,9.41,9.42,39500.0,372094.0
2024-01-03 10:30:00,9.41,9.43,9.41,9.43,21600.0,203519.0
2024-01-03 10:31:00,9.42,9.43,9.42,9.43,39500.0,372424.0
2024-01-03 10:32:00,9.43,9.44,9.43,9.43,14600.0,137677.0
2024-01-03 10:33:00,9.43,9.44,9.43,9.44,17800.0,168029.0
2024-01-03 10:34:00,9.44,9.44,9.43,9.44,21000.0,198160.5
2024-01-03 10:35:00,9.44,9.44,9.44,9.44,24000.0,226560.0
2024-01-03 10:36:00,9.44,9.44,9.42,9.42,29900.0,281966.0
2024-01-03 10:37:00,9.42,9.44,9.42,9.43,77800.0,733743.0
2024-01-03 10:38:00,9.43,9.43,9.42,9.43,9800.0,91927.0
2024-01-03 10:39:00,9.42,9.43,9.42,9.43,29300.0,276056.0
2024-01-03 10:40:00,9.43,9.43,9.42,9.43,10200.0,96175.0
2024-01-03 10:41:00,9.43,9.43,9.42,9.42,33200.0,312759.0
2024-01-03 10:42:00,9.42,9.43,9.42,9.42,39500.0,372640.5
2024-01-03 10:43:00,9.42,9.42,9.42,9.42,10900.0,102242.0
2024-01-03 10:44:00,9.43,9.43,9.42,9.42,1800.0,16963.0
2024-01-03 10:45:00,9.42,9.44,9.42,9.44,21500.0,203177.5
2024-01-03 10:46:00,9.44,9.44,9.42,9.43,9000.0,84401.5
2024-01-03 10:47:00,9.43,9.44,9.43,9.44,11100.0,105180.5
2024-01-03 10:48:00,9.44,9.44,9.44,9.44,2400.0,22656.0
2024-01-03 10:49:00,9.44,9.44,9.42,9.42,11100.0,104170.5
2024-01-03 10:50:00,9.43,9.44,9.43,9.44,41200.0,388602.0
2024-01-03 10:51:00,9.43,9.43,9.42,9.43,28800.0,271579.0
2024-01-03 10:52:00,9.43,9.44,9.43,9.43,28100.0,265019.0
2024-01-03 10:53:00,9.44,9.44,9.43,9.43,16600.0,156559.0
2024-01-03 10:54:00,9.43,9.43,9.42,9.43,4300.0,40517.0
2024-01-03 10:55:00,9.42,9.43,9.42,9.43,600.0,5655.0
2024-01-03 10:56:00,9.42,9.43,9.42,9.42,6500.0,61289.0
2024-01-03 10:57:00,9.43,9.44,9.41,9.44,71800.0,677039.0
2024-01-03 10:58:00,9.42,9.43,9.42,9.43,11400.0,107496.0
2024-01-03 10:59:00,9.42,9.44,9.42,9.44,5700.0,53749.0
2024-01-03 11:00:00,9.44,9.45,9.44,9.45,8300.0,77895.0
2024-01-03 11:01:00,9.44,9.44,9.43,9.44,19600.0,185500.0
2024-01-03 11:02:00,9.44,9.44,9.42,9.42,26200.0,247032.0
2024-01-03 11:03:00,9.42,9.42,9.42,9.42,19500.0,183690.0
2024-01-03 11:04:00,9.42,9.42,9.41,9.41,36500.0,343515.0
2024-01-03 11:05:00,9.42,9.42,9.41,9.42,40400.0,380448.0
2024-01-03 11:06:00,9.41,9.42,9.41,9.41,5600.0,52719.0
2024-01-03 11:07:00,9.42,9.42,9.41,9.41,11300.0,106337.0
2024-01-03 11:08:00,9.41,9.41,9.4,9.4,157800.0,1484570.0
2024-01-03 11:09:00,9.4,9.41,9.4,9.41,32400.0,304661.0
2024-01-03 11:10:00,9.41,9.41,9.4,9.41,22700.0,213466.0
2024-01-03 11:11:00,9.41,9.41,9.4,9.4,17200.0,161717.0
2024-01-03 11:12:00,9.4,9.4,9.39,9.39,54600.0,513117.0
2024-01-03 11:13:00,9.39,9.4,9.39,9.39,30100.0,282765.0
2024-01-03 11:14:00,9.39,9.39,9.38,9.39,29100.0,273244.0
2024-01-03 11:15:00,9.39,9.39,9.38,9.39,36200.0,339887.0
2024-01-03 11:16:00,9.4,9.4,9.39,9.39,35300.0,331771.0
2024-01-03 11:17:00,9.39,9.4,9.38,9.4,27400.0,257303.0
2024-01-03 11:18:00,9.4,9.4,9.39,9.39,9900.0,92969.0
2024-01-03 11:19:00,9.38,9.39,9.38,9.38,5300.0,49727.0
2024-01-03 11:20:00,9.39,9.4,9.38,9.38,10300.0,96652.0
2024-01-03 11:21:00,9.39,9.39,9.38,9.38,37000.0,347078.0
2024-01-03 11:22:00,9.38,9.39,9.38,9.38,24000.0,225154.0
2024-01-03 11:23:00,9.38,9.39,9.38,9.38,20400.0,191525.0
2024-01-03 11:24:00,9.38,9.39,9.37,9.38,46000.0,431504.0
2024-01-03 11:25:00,9.39,9.39,9.37,9.37,24200.0,227002.0
2024-01-03 11:26:00,9.37,9.39,9.37,9.39,33000.0,309383.0
2024-01-03 11:27:00,9.38,9.4,9.38,9.39,14400.0,135207.0
2024-01-03 11:28:00,9.39,9.4,9.38,9.39,19300.0,181221.0
2024-01-03 11:29:00,9.39,9.39,9.38,9.38,21700.0,203761.0
2024-01-03 11:30:00,9.38,9.39,9.38,9.38,14000.0,131425.0
2024-01-03 13:01:00,9.4,9.4,9.37,9.39,81300.0,762971.0
2024-01-03 13:02:00,9.39,9.39,9.38,9.39,26500.0,248751.0
2024-01-03 13:03:00,9.38,9.39,9.38,9.39,7700.0,72235.0
2024-01-03 13:04:00,9.38,9.38,9.37,9.38,6200.0,58154.0
2024-01-03 13:05:00,9.38,9.38,9.37,9.38,12100.0,113473.0
2024-01-03 13:06:00,9.38,9.38,9.37,9.37,18700.0,175253.0
2024-01-03 13:07:00,9.37,9.38,9.37,9.38,78300.0,734320.0
2024-01-03 13:08:00,9.38,9.39,9.38,9.38,20100.0,188552.0
2024-01-03 13:09:00,9.38,9.38,9.37,9.38,27000.0,253243.0
2024-01-03 13:10:00,9.38,9.38,9.38,9.38,39200.0,367704.0
2024-01-03 13:11:00,9.38,9.39,9.38,9.39,9300.0,87299.0
2024-01-03 13:12:00,9.39,9.39,9.38,9.39,14500.0,136133.0
2024-01-03 13:13:00,9.39,9.39,9.38,9.38,37100.0,348021.0
2024-01-03 13:14:00,9.38,9.39,9.37,9.37,21500.0,201619.0
2024-01-03 13:15:00,9.38,9.38,9.37,9.37,2700.0,25304.0
2024-01-03 13:16:00,9.37,9.38,9.37,9.37,58200.0,545358.0
2024-01-03 13:17:00,9.37,9.38,9.36,9.36,59600.0,558305.0
2024-01-03 13:18:00,9.36,9.38,9.36,9.38,68500.0,641840.0
2024-01-03 13:19:00,9.38,9.38,9.37,9.38,20800.0,195045.0
2024-01-03 13:20:00,9.37,9.38,9.37,9.37,15000.0,140581.0
2024-01-03 13:21:00,9.37,9.38,9.37,9.38,14200.0,133057.0
2024-01-03 13:22:00,9.38,9.38,9.37,9.38,27800.0,260695.0
2024-01-03 13:23:00,9.38,9.38,9.37,9.38,9300.0,87216.0
2024-01-03 13:24:00,9.38,9.38,9.37,9.38,13500.0,126516.0
2024-01-03 13:25:00,9.38,9.38,9.37,9.38,4300.0,40324.0
2024-01-03 13:26:00,9.38,9.38,9.37,9.37,11400.0,106828.0
2024-01-03 13:27:00,9.37,9.38,9.37,9.38,5700.0,53427.0
2024-01-03 13:28:00,9.38,9.38,9.37,9.37,6100.0,57174.0
2024-01-03 13:29:00,9.37,9.38,9.36,9.36,49500.0,463837.0
2024-01-03 13:30:00,9.36,9.37,9.36,9.37,15400.0,144193.0
2024-01-03 13:31:00,9.37,9.37,9.36,9.37,14400.0,134809.0
2024-01-03 13:32:00,9.36,9.38,9.36,9.38,18300.0,171521.0
2024-01-03 13:33:00,9.37,9.38,9.37,9.37,24200.0,226837.0
2024-01-03 13:34:00,9.37,9.38,9.37,9.38,7600.0,71231.0
2024-01-03 13:35:00,9.38,9.38,9.37,9.37,5800.0,54401.0
2024-01-03 13:36:00,9.38,9.38,9.37,9.37,14900.0,139696.0
2024-01-03 13:37:00,9.38,9.39,9.37,9.39,47100.0,441782.0
2024-01-03 13:38:00,9.39,9.4,9.38,9.4,29900.0,280840.0
2024-01-03 13:39:00,9.4,9.4,9.37,9.38,36300.0,340572.0
2024-01-03 13:40:00,9.39,9.39,9.37,9.37,5800.0,54403.0
2024-01-03 13:41:00,9.37,9.37,9.37,9.37,18800.0,176187.0
2024-01-03 13:42:00,9.37,9.38,9.37,9.37,8900.0,83445.0
2024-01-03 13:43:00,9.38,9.38,9.36,9.36,82500.0,772856.0
2024-01-03 13:44:00,9.36,9.37,9.36,9.36,6400.0,59913.0
2024-01-03 13:45:00,9.36,9.37,9.36,9.36,4200.0,39346.0
2024-01-03 13:46:00,9.37,9.37,9.36,9.36,15600.0,146032.0
2024-01-03 13:47:00,9.37,9.37,9.36,9.37,5400.0,50577.0
2024-01-03 13:48:00,9.37,9.37,9.36,9.36,3400.0,31853.0
2024-01-03 13:49:00,9.36,9.37,9.36,9.37,6800.0,63653.0
2024-01-03 13:50:00,9.37,9.37,9.36,9.36,18600.0,174110.0
2024-01-03 13:51:00,9.37,9.37,9.36,9.37,17000.0,159141.0
2024-01-03 13:52:00,9.37,9.37,9.36,9.36,25100.0,234952.0
2024-01-03 13:53:00,9.36,9.36,9.35,9.36,21600.0,202175.0
2024-01-03 13:54:00,9.36,9.37,9.36,9.37,15100.0,141378.0
2024-01-03 13:55:00,9.36,9.37,9.36,9.36,1200.0,11241.0
2024-01-03 13:56:00,9.36,9.37,9.36,9.37,13100.0,122626.0
2024-01-03 13:57:00,9.36,9.37,9.36,9.36,24700.0,231218.0
2024-01-03 13:58:00,9.37,9.37,9.35,9.36,141100.0,1320227.0
2024-01-03 13:59:00,9.36,9.37,9.35,9.36,36300.0,339611.0
2024-01-03 14:00:00,9.35,9.36,9.35,9.36,45600.0,426602.0
2024-01-03 14:01:00,9.36,9.36,9.35,9.36,19600.0,183383.0
2024-01-03 14:02:00,9.36,9.37,9.35,9.37,14800.0,138513.0
2024-01-03 14:03:00,9.37,9.37,9.35,9.36,33000.0,308728.0
2024-01-03 14:04:00,9.37,9.37,9.36,9.36,2200.0,20593.0
2024-01-03 14:05:00,9.37,9.39,9.37,9.39,48700.0,456556.0
2024-01-03 14:06:00,9.38,9.38,9.37,9.38,13900.0,130351.0
2024-01-03 14:07:00,9.38,9.39,9.38,9.38,8500.0,79739.0
2024-01-03 14:08:00,9.37,9.38,9.37,9.37,5600.0,52520.0
2024-01-03 14:09:00,9.37,9.37,9.36,9.37,27000.0,252982.0
2024-01-03 14:10:00,9.38,9.39,9.37,9.39,37700.0,353608.0
2024-01-03 14:11:00,9.39,9.4,9.39,9.39,20000.0,187823.0
2024-01-03 14:12:00,9.4,9.41,9.4,9.41,27000.0,253819.0
2024-01-03 14:13:00,9.4,9.41,9.4,9.41,16900.0,158875.0
2024-01-03 14:14:00,9.41,9.41,9.38,9.39,74200.0,697460.0
2024-01-03 14:15:00,9.39,9.39,9.39,9.39,2200.0,20658.0
2024-01-03 14:16:00,9.39,9.4,9.39,9.4,11400.0,107075.0
2024-01-03 14:17:00,9.4,9.41,9.4,9.4,38400.0,361032.0
2024-01-03 14:18:00,9.4,9.4,9.39,9.4,14800.0,139118.0
2024-01-03 14:19:00,9.4,9.42,9.4,9.42,23100.0,217393.0
2024-01-03 14:20:00,9.42,9.42,9.41,9.42,6300.0,59288.0
2024-01-03 14:21:00,9.42,9.42,9.41,9.42,7400.0,69636.0
2024-01-03 14:22:00,9.42,9.43,9.42,9.43,17100.0,161084.0
2024-01-03 14:23:00,9.42,9.43,9.42,9.43,14200.0,133794.0
2024-01-03 14:24:00,9.42,9.43,9.41,9.42,32900.0,309951.0
2024-01-03 14:25:00,9.43,9.43,9.42,9.43,19200.0,180958.0
2024-01-03 14:26:00,9.43,9.43,9.43,9.43,30700.0,289455.0
2024-01-03 14:27:00,9.44,9.45,9.44,9.45,46700.0,440924.0
2024-01-03 14:28:00,9.45,9.45,9.43,9.43,38100.0,359684.0
2024-01-03 14:29:00,9.44,9.44,9.43,9.44,13000.0,122690.0
2024-01-03 14:30:00,9.44,9.45,9.44,9.44,34700.0,327585.0
2024-01-03 14:31:00,9.44,9.44,9.42,9.44,66500.0,626978.0
2024-01-03 14:32:00,9.44,9.44,9.42,9.44,31300.0,295195.0
2024-01-03 14:33:00,9.44,9.44,9.42,9.43,20200.0,190494.0
2024-01-03 14:34:00,9.44,9.44,9.43,9.43,7100.0,66978.0
2024-01-03 14:35:00,9.42,9.43,9.42,9.42,8800.0,82911.0
2024-01-03 14:36:00,9.42,9.42,9.41,9.42,18600.0,175197.0
2024-01-03 14:37:00,9.42,9.42,9.41,9.41,17800.0,167562.0
2024-01-03 14:38:00,9.41,9.42,9.41,9.41,1600.0,15057.0
2024-01-03 14:39:00,9.42,9.42,9.41,9.42,3100.0,29196.0
2024-01-03 14:40:00,9.41,9.42,9.4,9.42,37700.0,354767.0
2024-01-03 14:41:00,9.41,9.41,9.4,9.4,9000.0,84660.0
2024-01-03 14:42:00,9.41,9.41,9.4,9.4,8900.0,83691.0
2024-01-03 14:43:00,9.4,9.42,9.4,9.41,36100.0,339711.0
2024-01-03 14:44:00,9.41,9.42,9.41,9.42,73100.0,688576.0
2024-01-03 14:45:00,9.42,9.43,9.41,9.41,7900.0,74413.0
2024-01-03 14:46:00,9.41,9.42,9.41,9.42,15700.0,147871.0
2024-01-03 14:47:00,9.43,9.43,9.41,9.41,20800.0,195935.0
2024-01-03 14:48:00,9.41,9.43,9.4,9.42,62600.0,588903.0
2024-01-03 14:49:00,9.41,9.41,9.41,9.41,11700.0,110102.0
2024-01-03 14:50:00,9.41,9.41,9.4,9.4,20900.0,196665.0
2024-01-03 14:51:00,9.41,9.42,9.4,9.41,26800.0,252117.0
2024-01-03 14:52:00,9.41,9.42,9.41,9.42,42800.0,403009.0
2024-01-03 14:53:00,9.41,9.42,9.41,9.41,12400.0,116721.0
2024-01-03 14:54:00,9.42,9.42,9.41,9.42,6600.0,62160.0
2024-01-03 14:55:00,9.41,9.42,9.41,9.42,28900.0,272128.0
2024-01-03 14:56:00,9.42,9.43,9.41,9.43,41300.0,388945.0
2024-01-03 14:57:00,9.43,9.43,9.42,9.42,25700.0,242192.0
2024-01-03 14:58:00,9.42,9.42,9.42,9.42,0.0,0.0
2024-01-03 14:59:00,9.42,9.42,9.42,9.42,0.0,0.0
2024-01-03 15:00:00,9.42,9.42,9.42,9.42,67800.0,638676.0
2024-01-04 09:31:00,9.39,9.41,9.35,9.35,189900.0,1780603.0
2024-01-04 09:32:00,9.35,9.39,9.34,9.37,39400.0,368708.0
2024-01-04 09:33:00,9.36,9.37,9.33,9.34,65900.0,616034.0
2024-01-04 09:34:00,9.33,9.35,9.33,9.35,34900.0,326019.0
2024-01-04 09:35:00,9.35,9.35,9.33,9.33,91800.0,857096.0
2024-01-04 09:36:00,9.33,9.35,9.33,9.34,35200.0,328739.0
2024-01-04 09:37:00,9.34,9.35,9.34,9.35,40700.0,379770.0
2024-01-04 09:38:00,9.35,9.36,9.34,9.35,38100.0,356222.0
2024-01-04 09:39:00,9.35,9.36,9.34,9.34,6900.0,64500.0
2024-01-04 09:40:00,9.36,9.36,9.34,9.36,20500.0,191680.0
2024-01-04 09:41:00,9.36,9.37,9.36,9.36,17800.0,166612.0
2024-01-04 09:42:00,9.36,9.36,9.33,9.34,63600.0,594642.0
2024-01-04 09:43:00,9.35,9.35,9.34,9.35,8000.0,74768.0
2024-01-04 09:44:00,9.35,9.36,9.35,9.36,9600.0,89763.0
2024-01-04 09:45:00,9.35,9.37,9.35,9.37,41200.0,385578.0
2024-01-04 09:46:00,9.37,9.38,9.36,9.38,6700.0,62779.0
2024-01-04 09:47:00,9.38,9.38,9.36,9.36,25900.0,242694.0
2024-01-04 09:48:00,9.35,9.36,9.35,9.36,9100.0,85140.0
2024-01-04 09:49:00,9.36,9.37,9.35,9.36,25700.0,240549.0
2024-01-04 09:50:00,9.36,9.37,9.35,9.36,21500.0,201314.0
2024-01-04 09:51:00,9.36,9.37,9.35,9.36,7900.0,73907.0
2024-01-04 09:52:00,9.36,9.37,9.35,9.36,18800.0,176117.0
2024-01-04 09:53:00,9.36,9.37,9.36,9.37,10000.0,93661.0
2024-01-04 09:54:00,9.37,9.37,9.37,9.37,5200.0,48724.0
2024-01-04 09:55:00,9.38,9.38,9.36,9.36,18500.0,173368.0
2024-01-04 09:56:00,9.37,9.38,9.36,9.38,5500.0,51518.0
2024-01-04 09:57:00,9.38,9.38,9.37,9.37,9100.0,85314.0
2024-01-04 09:58:00,9.36,9.38,9.36,9.37,22700.0,212665.0
2024-01-04 09:59:00,9.38,9.38,9.35,9.35,41300.0,386799.0
2024-01-04 10:00:00,9.36,9.36,9.35,9.35,9100.0,85125.0
2024-01-04 10:01:00,9.35,9.36,9.35,9.35,7500.0,70186.0
2024-01-04 10:02:00,9.35,9.37,9.35,9.36,13900.0,130098.0
2024-01-04 10:03:00,9.36,9.36,9.35,9.35,14100.0,131942.0
2024-01-04 10:04:00,9.35,9.36,9.35,9.35,18200.0,170325.0
2024-01-04 10:05:00,9.36,9.37,9.35,9.37,4000.0,37457.0
2024-01-04 10:06:00,9.36,9.36,9.35,9.36,40100.0,375034.0
2024-01-04 10:07:00,9.35,9.37,9.35,9.36,6900.0,64588.0
2024-01-04 10:08:00,9.36,9.37,9.36,9.36,5000.0,46812.0
2024-01-04 10:09:00,9.36,9.37,9.35,9.35,20000.0,187200.0
2024-01-04 10:10:00,9.36,9.36,9.35,9.36,22200.0,207751.0
2024-01-04 10:11:00,9.35,9.35,9.35,9.35,44600.0,417009.0
2024-01-04 10:12:00,9.34,9.34,9.33,9.34,57900.0,540778.0
2024-01-04 10:13:00,9.34,9.34,9.33,9.34,11000.0,102709.0
2024-01-04 10:14:00,9.35,9.36,9.35,9.36,18100.0,169280.0
2024-01-04 10:15:00,9.35,9.36,9.35,9.36,4500.0,42080.0
2024-01-04 10:16:00,9.36,9.36,9.36,9.36,25300.0,236808.0
2024-01-04 10:17:00,9.36,9.37,9.36,9.36,7700.0,72116.0
2024-01-04 10:18:00,9.37,9.37,9.36,9.36,20600.0,192821.0
2024-01-04 10:19:00,9.36,9.36,9.36,9.36,0.0,0.0
2024-01-04 10:20:00,9.36,9.37,9.36,9.36,1100.0,10304.0
2024-01-04 10:21:00,9.37,9.37,9.36,9.36,23700.0,221853.0
2024-01-04 10:22:00,9.35,9.36,9.35,9.36,4100.0,38368.0
2024-01-04 10:23:00,9.35,9.36,9.35,9.36,1600.0,14965.0
2024-01-04 10:24:00,9.35,9.35,9.34,9.34,60500.0,565674.0
2024-01-04 10:25:00,9.35,9.35,9.34,9.34,13200.0,123359.0
2024-01-04 10:26:00,9.35,9.35,9.34,9.34,7900.0,73863.0
2024-01-04 10:27:00,9.35,9.35,9.35,9.35,12000.0,112200.0
2024-01-04 10:28:00,9.34,9.35,9.34,9.34,3400.0,31761.0
2024-01-04 10:29:00,9.35,9.35,9.34,9.35,11000.0,102847.0
2024-01-04 10:30:00,9.34,9.35,9.34,9.35,22300.0,208449.0
2024-01-04 10:31:00,9.35,9.35,9.35,9.35,19500.0,182325.0
2024-01-04 10:32:00,9.35,9.36,9.34,9.35,18400.0,172034.0
2024-01-04 10:33:00,9.35,9.35,9.35,9.35,13700.0,128095.0
2024-01-04 10:34:00,9.36,9.36,9.35,9.35,10600.0,99114.0
2024-01-04 10:35:00,9.35,9.36,9.34,9.34,13800.0,129009.0
2024-01-04 10:36:00,9.35,9.35,9.34,9.35,6000.0,56070.0
2024-01-04 10:37:00,9.34,9.34,9.34,9.34,22800.0,212955.0
2024-01-04 10:38:00,9.34,9.35,9.33,9.34,40200.0,375458.0
2024-01-04 10:39:00,9.34,9.34,9.33,9.33,4700.0,43869.0
2024-01-04 10:40:00,9.34,9.35,9.34,9.34,21300.0,199007.0
2024-01-04 10:41:00,9.34,9.34,9.33,9.33,29200.0,272698.0
2024-01-04 10:42:00,9.34,9.34,9.33,9.33,8000.0,74662.0
2024-01-04 10:43:00,9.33,9.34,9.33,9.33,59900.0,558915.0
2024-01-04 10:44:00,9.33,9.33,9.32,9.33,38800.0,362001.0
2024-01-04 10:45:00,9.33,9.34,9.33,9.34,6300.0,58798.0
2024-01-04 10:46:00,9.33,9.33,9.33,9.33,9700.0,90501.0
2024-01-04 10:47:00,9.33,9.34,9.33,9.34,15500.0,144633.0
2024-01-04 10:48:00,9.34,9.34,9.33,9.34,20200.0,188645.0
2024-01-04 10:49:00,9.34,9.34,9.33,9.33,8500.0,79317.0
2024-01-04 10:50:00,9.34,9.34,9.33,9.33,1200.0,11207.0
2024-01-04 10:51:00,9.34,9.34,9.33,9.34,5000.0,46665.0
2024-01-04 10:52:00,9.33,9.34,9.31,9.32,72800.0,678684.0
2024-01-04 10:53:00,9.32,9.33,9.3,9.3,465100.0,4327353.0
2024-01-04 10:54:00,9.32,9.33,9.31,9.33,21600.0,201180.0
2024-01-04 10:55:00,9.32,9.32,9.31,9.31,6900.0,64251.0
2024-01-04 10:56:00,9.32,9.33,9.31,9.31,11900.0,110885.0
2024-01-04 10:57:00,9.32,9.33,9.32,9.32,11900.0,110937.0
2024-01-04 10:58:00,9.32,9.32,9.31,9.32,4600.0,42859.0
2024-01-04 10:59:00,9.31,9.32,9.3,9.3,85000.0,790747.0
2024-01-04 11:00:00,9.3,9.31,9.29,9.3,10400.0,96699.0
2024-01-04 11:01:00,9.29,9.31,9.29,9.31,17900.0,166443.0
2024-01-04 11:02:00,9.3,9.31,9.3,9.31,5600.0,52120.0
2024-01-04 11:03:00,9.31,9.32,9.3,9.31,12400.0,115471.0
2024-01-04 11:04:00,9.31,9.31,9.31,9.31,9900.0,92169.0
2024-01-04 11:05:00,9.31,9.32,9.31,9.32,8400.0,78230.0
2024-01-04 11:06:00,9.31,9.32,9.31,9.32,35100.0,327031.0
2024-01-04 11:07:00,9.31,9.32,9.31,9.32,9100.0,84722.0
2024-01-04 11:08:00,9.32,9.32,9.31,9.31,6500.0,60557.0
2024-01-04 11:09:00,9.31,9.32,9.3,9.3,17500.0,162910.0
2024-01-04 11:10:00,9.31,9.31,9.3,9.3,8000.0,74423.0
2024-01-04 11:11:00,9.3,9.31,9.3,9.31,31100.0,289279.0
2024-01-04 11:12:00,9.31,9.31,9.31,9.31,1200.0,11172.0
2024-01-04 11:13:00,9.3,9.31,9.3,9.3,7600.0,70685.0
2024-01-04 11:14:00,9.3,9.31,9.3,9.3,7400.0,68822.0
2024-01-04 11:15:00,9.3,9.31,9.3,9.3,37100.0,345080.0
2024-01-04 11:16:00,9.31,9.31,9.31,9.31,10600.0,98686.0
2024-01-04 11:17:00,9.3,9.32,9.3,9.31,8700.0,81010.0
2024-01-04 11:18:00,9.31,9.32,9.31,9.31,1500.0,13975.0
2024-01-04 11:19:00,9.31,9.32,9.31,9.31,11100.0,103432.0
2024-01-04 11:20:00,9.32,9.32,9.31,9.31,2000.0,18631.0
2024-01-04 11:21:00,9.32,9.32,9.32,9.32,13000.0,121160.0
2024-01-04 11:22:00,9.32,9.32,9.31,9.32,11300.0,105253.0
2024-01-04 11:23:00,9.32,9.33,9.32,9.32,13200.0,123017.0
2024-01-04 11:24:00,9.32,9.32,9.31,9.31,2900.0,27001.0
2024-01-04 11:25:00,9.31,9.32,9.31,9.31,16000.0,148962.0
2024-01-04 11:26:00,9.3,9.3,9.29,9.29,124300.0,1155517.0
2024-01-04 11:27:00,9.28,9.3,9.28,9.3,32300.0,300060.0
2024-01-04 11:28:00,9.3,9.31,9.3,9.31,25500.0,237152.0
2024-01-04 11:29:00,9.31,9.31,9.3,9.3,15800.0,147041.0
2024-01-04 11:30:00,9.3,9.32,9.29,9.31,23600.0,219470.0
2024-01-04 13:01:00,9.31,9.33,9.29,9.32,131300.0,1221434.0
2024-01-04 13:02:00,9.32,9.32,9.3,9.3,55700.0,518149.0
2024-01-04 13:03:00,9.3,9.3,9.3,9.3,2300.0,21390.0
2024-01-04 13:04:00,9.3,9.3,9.3,9.3,5100.0,47430.0
2024-01-04 13:05:00,9.3,9.3,9.3,9.3,7400.0,68820.0
2024-01-04 13:06:00,9.3,9.31,9.3,9.31,4900.0,45577.0
2024-01-04 13:07:00,9.3,9.3,9.3,9.3,42400.0,394320.0
2024-01-04 13:08:00,9.29,9.3,9.28,9.28,27700.0,257335.0
2024-01-04 13:09:00,9.28,9.29,9.27,9.27,52300.0,485345.0
2024-01-04 13:10:00,9.28,9.29,9.28,9.28,39200.0,363771.0
2024-01-04 13:11:00,9.28,9.28,9.27,9.27,13600.0,126138.0
2024-01-04 13:12:00,9.28,9.28,9.27,9.27,43000.0,398614.0
2024-01-04 13:13:00,9.27,9.28,9.27,9.28,16700.0,154970.0
2024-01-04 13:14:00,9.28,9.28,9.27,9.27,33200.0,307862.0
2024-01-04 13:15:00,9.28,9.28,9.28,9.28,11900.0,110432.0
2024-01-04 13:16:00,9.28,9.28,9.28,9.28,22500.0,208800.0
2024-01-04 13:17:00,9.28,9.29,9.28,9.29,6300.0,58525.0
2024-01-04 13:18:00,9.29,9.29,9.28,9.29,6300.0,58519.0
2024-01-04 13:19:00,9.28,9.29,9.28,9.28,19500.0,181122.0
2024-01-04 13:20:00,9.29,9.29,9.28,9.29,16300.0,151414.0
2024-01-04 13:21:00,9.29,9.3,9.29,9.3,900.0,8365.0
2024-01-04 13:22:00,9.3,9.3,9.29,9.3,33800.0,314325.0
2024-01-04 13:23:00,9.3,9.3,9.3,9.3,9400.0,87420.0
2024-01-04 13:24:00,9.3,9.3,9.3,9.3,3100.0,28810.0
2024-01-04 13:25:00,9.29,9.29,9.28,9.29,41500.0,385534.0
2024-01-04 13:26:00,9.29,9.29,9.28,9.28,18100.0,168103.0
2024-01-04 13:27:00,9.28,9.29,9.28,9.29,13300.0,123545.0
2024-01-04 13:28:00,9.28,9.29,9.28,9.29,6800.0,63155.0
2024-01-04 13:29:00,9.29,9.29,9.28,9.28,8000.0,74261.0
2024-01-04 13:30:00,9.28,9.29,9.28,9.28,29300.0,271919.0
2024-01-04 13:31:00,9.28,9.28,9.27,9.28,29000.0,269115.0
2024-01-04 13:32:00,9.27,9.27,9.26,9.26,110000.0,1019625.0
2024-01-04 13:33:00,9.27,9.27,9.25,9.26,31900.0,295398.0
2024-01-04 13:34:00,9.25,9.27,9.25,9.27,113600.0,1051473.0
2024-01-04 13:35:00,9.28,9.28,9.27,9.27,11900.0,110321.0
2024-01-04 13:36:00,9.27,9.28,9.27,9.28,3000.0,27835.0
2024-01-04 13:37:00,9.27,9.28,9.27,9.28,6500.0,60262.0
2024-01-04 13:38:00,9.27,9.28,9.27,9.28,4100.0,38040.0
2024-01-04 13:39:00,9.27,9.28,9.27,9.28,4200.0,38940.0
2024-01-04 13:40:00,9.27,9.28,9.27,9.27,14100.0,130756.0
2024-01-04 13:41:00,9.28,9.28,9.27,9.28,4600.0,42678.0
2024-01-04 13:42:00,9.28,9.28,9.28,9.28,11000.0,102080.0
2024-01-04 13:43:00,9.28,9.29,9.28,9.28,14300.0,132714.0
2024-01-04 13:44:00,9.28,9.29,9.28,9.29,10500.0,97445.0
2024-01-04 13:45:00,9.29,9.29,9.28,9.28,9500.0,88170.0
2024-01-04 13:46:00,9.27,9.28,9.26,9.26,40700.0,377321.0
2024-01-04 13:47:00,9.26,9.27,9.26,9.27,26800.0,248424.0
2024-01-04 13:48:00,9.27,9.27,9.26,9.27,4600.0,42619.0
2024-01-04 13:49:00,9.26,9.27,9.26,9.27,4200.0,38900.0
2024-01-04 13:50:00,9.26,9.27,9.26,9.26,40200.0,372265.0
2024-01-04 13:51:00,9.26,9.26,9.25,9.25,12500.0,115696.0
2024-01-04 13:52:00,9.25,9.26,9.25,9.26,14400.0,133275.0
2024-01-04 13:53:00,9.27,9.27,9.25,9.25,9300.0,86135.0
2024-01-04 13:54:00,9.26,9.27,9.26,9.26,12000.0,111156.0
2024-01-04 13:55:00,9.26,9.27,9.26,9.26,13200.0,122245.0
2024-01-04 13:56:00,9.26,9.27,9.26,9.26,7300.0,67601.0
2024-01-04 13:57:00,9.26,9.26,9.26,9.26,26200.0,242621.0
2024-01-04 13:58:00,9.26,9.26,9.25,9.25,30400.0,281392.0
2024-01-04 13:59:00,9.25,9.26,9.25,9.26,200.0,1851.0
2024-01-04 14:00:00,9.26,9.26,9.25,9.26,9300.0,86058.0
2024-01-04 14:01:00,9.26,9.26,9.25,9.25,31000.0,286761.0
2024-01-04 14:02:00,9.25,9.26,9.24,9.24,33800.0,312490.0
2024-01-04 14:03:00,9.24,9.25,9.24,9.25,14000.0,129373.0
2024-01-04 14:04:00,9.24,9.25,9.23,9.24,38000.0,351117.0
2024-01-04 14:05:00,9.23,9.25,9.23,9.25,41000.0,378855.0
2024-01-04 14:06:00,9.25,9.25,9.24,9.25,13800.0,127640.0
2024-01-04 14:07:00,9.26,9.27,9.26,9.27,24700.0,228843.0
2024-01-04 14:08:00,9.27,9.28,9.27,9.28,41400.0,384145.0
2024-01-04 14:09:00,9.28,9.28,9.27,9.27,11300.0,104804.0
2024-01-04 14:10:00,9.28,9.29,9.28,9.29,11800.0,109541.0
2024-01-04 14:11:00,9.29,9.29,9.28,9.29,14600.0,135626.0
2024-01-04 14:12:00,9.29,9.3,9.29,9.3,21400.0,199006.0
2024-01-04 14:13:00,9.3,9.3,9.27,9.27,19300.0,179315.0
2024-01-04 14:14:00,9.28,9.28,9.27,9.28,5800.0,53796.0
2024-01-04 14:15:00,9.28,9.28,9.27,9.27,2900.0,26903.0
2024-01-04 14:16:00,9.27,9.28,9.26,9.26,32500.0,301275.0
2024-01-04 14:17:00,9.26,9.27,9.25,9.25,31600.0,292622.0
2024-01-04 14:18:00,9.26,9.26,9.26,9.26,21100.0,195388.0
2024-01-04 14:19:00,9.27,9.27,9.26,9.27,12700.0,117664.0
2024-01-04 14:20:00,9.27,9.28,9.27,9.28,40100.0,371874.0
2024-01-04 14:21:00,9.28,9.28,9.27,9.28,4800.0,44543.0
2024-01-04 14:22:00,9.28,9.28,9.28,9.28,27500.0,255200.0
2024-01-04 14:23:00,9.28,9.28,9.27,9.27,10000.0,92798.0
2024-01-04 14:24:00,9.27,9.27,9.27,9.27,1600.0,14832.0
2024-01-04 14:25:00,9.28,9.28,9.27,9.28,18000.0,167029.0
2024-01-04 14:26:00,9.28,9.28,9.27,9.27,31000.0,287386.0
2024-01-04 14:27:00,9.28,9.28,9.28,9.28,300.0,2784.0
2024-01-04 14:28:00,9.27,9.28,9.27,9.27,25000.0,231751.0
2024-01-04 14:29:00,9.28,9.28,9.27,9.27,5100.0,47303.0
2024-01-04 14:30:00,9.27,9.27,9.26,9.27,24700.0,228942.0
2024-01-04 14:31:00,9.27,9.27,9.26,9.27,33700.0,312387.0
2024-01-04 14:32:00,9.27,9.27,9.25,9.26,43800.0,405584.0
2024-01-04 14:33:00,9.26,9.27,9.26,9.27,15800.0,146317.0
2024-01-04 14:34:00,9.26,9.26,9.26,9.26,300.0,2778.0
2024-01-04 14:35:00,9.27,9.28,9.26,9.28,30600.0,284125.5
2024-01-04 14:36:00,9.28,9.28,9.27,9.28,33400.0,309937.0
2024-01-04 14:37:00,9.29,9.3,9.29,9.3,19100.0,177456.0
2024-01-04 14:38:00,9.3,9.3,9.29,9.29,1900.0,17657.0
2024-01-04 14:39:00,9.29,9.3,9.29,9.3,53600.0,498276.0
2024-01-04 14:40:00,9.3,9.3,9.28,9.29,33100.0,307525.0
2024-01-04 14:41:00,9.29,9.3,9.28,9.28,6000.0,55739.0
2024-01-04 14:42:00,9.28,9.29,9.28,9.29,18500.0,171797.0
2024-01-04 14:43:00,9.29,9.29,9.28,9.28,55500.0,515116.0
2024-01-04 14:44:00,9.28,9.29,9.28,9.29,40100.0,372134.0
2024-01-04 14:45:00,9.27,9.29,9.27,9.29,9800.0,90990.0
2024-01-04 14:46:00,9.28,9.29,9.28,9.28,8500.0,78948.0
2024-01-04 14:47:00,9.28,9.29,9.28,9.28,19500.0,181080.0
2024-01-04 14:48:00,9.28,9.29,9.28,9.28,15600.0,144806.0
2024-01-04 14:49:00,9.29,9.29,9.28,9.29,12400.0,115137.0
2024-01-04 14:50:00,9.28,9.29,9.28,9.28,29900.0,277709.0
2024-01-04 14:51:00,9.28,9.29,9.28,9.28,15500.0,143854.0
2024-01-04 14:52:00,9.28,9.29,9.28,9.28,22200.0,206052.0
2024-01-04 14:53:00,9.28,9.29,9.28,9.29,22000.0,204199.0
2024-01-04 14:54:00,9.28,9.29,9.28,9.28,13900.0,129024.0
2024-01-04 14:55:00,9.28,9.29,9.28,9.29,11700.0,108632.0
2024-01-04 14:56:00,9.29,9.29,9.28,9.29,8500.0,78913.0
2024-01-04 14:57:00,9.29,9.29,9.28,9.29,71200.0,661142.0
2024-01-04 14:58:00,9.28,9.28,9.28,9.28,27000.0,250560.0
2024-01-04 14:59:00,9.28,9.28,9.28,9.28,0.0,0.0
2024-01-04 15:00:00,9.29,9.29,9.29,9.29,66600.0,618714.0
2024-01-05 09:31:00,9.29,9.29,9.21,9.23,207400.0,1918920.0
2024-01-05 09:32:00,9.23,9.23,9.2,9.22,120600.0,1111407.0
2024-01-05 09:33:00,9.22,9.23,9.21,9.22,136000.0,1254306.0
2024-01-05 09:34:00,9.22,9.25,9.22,9.25,58500.0,540253.0
2024-01-05 09:35:00,9.25,9.28,9.25,9.27,7700.0,71321.0
2024-01-05 09:36:00,9.27,9.29,9.27,9.29,18600.0,172504.0
2024-01-05 09:37:00,9.29,9.32,9.29,9.32,42200.0,392449.0
2024-01-05 09:38:00,9.32,9.33,9.31,9.33,72900.0,679638.0
2024-01-05 09:39:00,9.33,9.35,9.32,9.34,68600.0,640562.0
2024-01-05 09:40:00,9.34,9.35,9.33,9.34,56300.0,525718.0
2024-01-05 09:41:00,9.34,9.35,9.32,9.32,95500.0,891695.0
2024-01-05 09:42:00,9.32,9.32,9.31,9.31,50800.0,473191.0
2024-01-05 09:43:00,9.31,9.31,9.28,9.3,34500.0,320678.0
2024-01-05 09:44:00,9.29,9.31,9.29,9.31,17400.0,161822.0
2024-01-05 09:45:00,9.31,9.32,9.29,9.31,12100.0,112625.0
2024-01-05 09:46:00,9.32,9.33,9.32,9.32,31600.0,294624.0
2024-01-05 09:47:00,9.33,9.33,9.3,9.31,52900.0,492690.0
2024-01-05 09:48:00,9.31,9.32,9.31,9.32,16400.0,152755.0
2024-01-05 09:49:00,9.32,9.32,9.31,9.31,17300.0,161108.0
2024-01-05 09:50:00,9.31,9.31,9.3,9.31,27600.0,256951.0
2024-01-05 09:51:00,9.31,9.32,9.3,9.32,10900.0,101470.0
2024-01-05 09:52:00,9.32,9.32,9.31,9.31,14300.0,133225.0
2024-01-05 09:53:00,9.31,9.31,9.29,9.3,30400.0,282725.0
2024-01-05 09:54:00,9.3,9.3,9.3,9.3,32800.0,305040.0
2024-01-05 09:55:00,9.29,9.29,9.28,9.28,13500.0,125414.0
2024-01-05 09:56:00,9.28,9.28,9.26,9.27,70900.0,657045.0
2024-01-05 09:57:00,9.26,9.27,9.26,9.27,72300.0,669574.0
2024-01-05 09:58:00,9.27,9.27,9.26,9.27,18500.0,171469.0
2024-01-05 09:59:00,9.27,9.28,9.27,9.28,25200.0,233787.0
2024-01-05 10:00:00,9.29,9.29,9.28,9.29,13900.0,129039.0
2024-01-05 10:01:00,9.28,9.28,9.27,9.28,22200.0,205996.0
2024-01-05 10:02:00,9.27,9.28,9.27,9.27,21300.0,197436.0
2024-01-05 10:03:00,9.27,9.28,9.27,9.27,15500.0,143685.0
2024-01-05 10:04:00,9.27,9.28,9.27,9.27,19700.0,182764.0
2024-01-05 10:05:00,9.27,9.27,9.27,9.27,5700.0,52841.0
2024-01-05 10:06:00,9.27,9.27,9.26,9.26,26200.0,242860.0
2024-01-05 10:07:00,9.26,9.28,9.26,9.28,23800.0,220641.0
2024-01-05 10:08:00,9.28,9.29,9.27,9.27,13700.0,127130.0
2024-01-05 10:09:00,9.27,9.27,9.26,9.26,15300.0,141814.0
2024-01-05 10:10:00,9.27,9.27,9.26,9.27,12400.0,114919.0
2024-01-05 10:11:00,9.26,9.26,9.26,9.26,16600.0,153718.0
2024-01-05 10:12:00,9.27,9.27,9.26,9.26,7100.0,65809.0
2024-01-05 10:13:00,9.26,9.27,9.26,9.26,5300.0,49089.0
2024-01-05 10:14:00,9.26,9.26,9.25,9.25,46100.0,426696.0
2024-01-05 10:15:00,9.26,9.26,9.25,9.25,13400.0,123961.0
2024-01-05 10:16:00,9.25,9.25,9.24,9.24,76700.0,709392.0
2024-01-05 10:17:00,9.24,9.25,9.24,9.24,15200.0,140451.0
2024-01-05 10:18:00,9.24,9.25,9.24,9.24,7300.0,67475.0
2024-01-05 10:19:00,9.24,9.24,9.24,9.24,6200.0,57288.0
2024-01-05 10:20:00,9.25,9.25,9.24,9.24,9000.0,83214.0
2024-01-05 10:21:00,9.24,9.25,9.24,9.25,79500.0,735296.0
2024-01-05 10:22:00,9.26,9.26,9.24,9.24,42200.0,390376.0
2024-01-05 10:23:00,9.24,9.24,9.23,9.23,70700.0,653061.0
2024-01-05 10:24:00,9.23,9.25,9.23,9.24,29300.0,270740.0
2024-01-05 10:25:00,9.25,9.26,9.25,9.26,77800.0,720384.0
2024-01-05 10:26:00,9.26,9.28,9.26,9.27,236900.0,2193770.0
2024-01-05 10:27:00,9.27,9.28,9.27,9.28,41200.0,382157.0
2024-01-05 10:28:00,9.27,9.29,9.27,9.28,9500.0,88152.0
2024-01-05 10:29:00,9.26,9.27,9.25,9.27,102800.0,952062.0
2024-01-05 10:30:00,9.26,9.27,9.26,9.26,24300.0,225025.0
2024-01-05 10:31:00,9.26,9.26,9.25,9.25,16000.0,148134.0
2024-01-05 10:32:00,9.26,9.27,9.26,9.27,4400.0,40749.0
2024-01-05 10:33:00,9.26,9.26,9.25,9.25,6000.0,55552.0
2024-01-05 10:34:00,9.25,9.26,9.24,9.25,75500.0,698375.0
2024-01-05 10:35:00,9.24,9.25,9.24,9.24,16900.0,156294.0
2024-01-05 10:36:00,9.25,9.25,9.23,9.24,44700.0,412996.0
2024-01-05 10:37:00,9.23,9.23,9.23,9.23,5200.0,47996.0
2024-01-05 10:38:00,9.23,9.24,9.23,9.24,12200.0,112648.0
2024-01-05 10:39:00,9.24,9.24,9.23,9.23,26600.0,245771.0
2024-01-05 10:40:00,9.23,9.24,9.23,9.24,19300.0,178276.0
2024-01-05 10:41:00,9.23,9.24,9.23,9.23,114600.0,1057822.0
2024-01-05 10:42:00,9.23,9.23,9.23,9.23,90800.0,838068.0
2024-01-05 10:43:00,9.23,9.23,9.22,9.22,23300.0,215039.0
2024-01-05 10:44:00,9.23,9.24,9.23,9.23,3600.0,33237.0
2024-01-05 10:45:00,9.23,9.23,9.22,9.22,32100.0,296229.0
2024-01-05 10:46:00,9.23,9.23,9.22,9.22,9600.0,88593.0
2024-01-05 10:47:00,9.23,9.23,9.22,9.22,48400.0,446320.0
2024-01-05 10:48:00,9.23,9.23,9.23,9.23,5800.0,53534.0
2024-01-05 10:49:00,9.24,9.24,9.24,9.24,6800.0,62832.0
2024-01-05 10:50:00,9.23,9.23,9.23,9.23,32400.0,299052.0
2024-01-05 10:51:00,9.23,9.24,9.22,9.24,44000.0,406005.0
2024-01-05 10:52:00,9.23,9.24,9.23,9.23,5300.0,48921.0
2024-01-05 10:53:00,9.23,9.24,9.23,9.23,2600.0,24008.0
2024-01-05 10:54:00,9.24,9.24,9.23,9.24,5400.0,49889.0
2024-01-05 10:55:00,9.24,9.25,9.23,9.23,48200.0,445350.0
2024-01-05 10:56:00,9.24,9.25,9.24,9.25,15900.0,146893.0
2024-01-05 10:57:00,9.25,9.25,9.23,9.24,26600.0,245702.0
2024-01-05 10:58:00,9.24,9.24,9.23,9.24,24400.0,225445.0
2024-01-05 10:59:00,9.24,9.25,9.24,9.24,14400.0,133064.0
2024-01-05 11:00:00,9.24,9.24,9.23,9.24,700.0,6466.0
2024-01-05 11:01:00,9.23,9.24,9.23,9.23,3100.0,28617.0
2024-01-05 11:02:00,9.23,9.24,9.23,9.24,8500.0,78528.0
2024-01-05 11:03:00,9.24,9.24,9.23,9.23,29300.0,270448.0
2024-01-05 11:04:00,9.24,9.24,9.23,9.23,6100.0,56305.0
2024-01-05 11:05:00,9.23,9.23,9.22,9.22,13700.0,126349.0
2024-01-05 11:06:00,9.23,9.23,9.22,9.22,5700.0,52595.0
2024-01-05 11:07:00,9.22,9.22,9.22,9.22,11600.0,106953.0
2024-01-05 11:08:00,9.23,9.23,9.21,9.21,49800.0,459095.0
2024-01-05 11:09:00,9.22,9.22,9.21,9.21,16200.0,149205.0
2024-01-05 11:10:00,9.21,9.21,9.2,9.2,55100.0,507370.0
2024-01-05 11:11:00,9.21,9.22,9.21,9.22,5000.0,46055.0
2024-01-05 11:12:00,9.21,9.21,9.2,9.2,39200.0,361016.0
2024-01-05 11:13:00,9.2,9.21,9.2,9.2,7800.0,71779.0
2024-01-05 11:14:00,9.2,9.21,9.2,9.21,3700.0,34059.0
2024-01-05 11:15:00,9.2,9.21,9.2,9.21,3100.0,28542.0
2024-01-05 11:16:00,9.2,9.21,9.19,9.2,114800.0,1056162.0
2024-01-05 11:17:00,9.2,9.2,9.2,9.2,5700.0,52440.0
2024-01-05 11:18:00,9.21,9.21,9.2,9.2,1600.0,14724.0
2024-01-05 11:19:00,9.2,9.21,9.2,9.2,17400.0,160090.0
2024-01-05 11:20:00,9.2,9.21,9.2,9.2,25200.0,231843.0
2024-01-05 11:21:00,9.2,9.21,9.19,9.19,25100.0,230920.0
2024-01-05 11:22:00,9.2,9.21,9.19,9.21,22100.0,203385.0
2024-01-05 11:23:00,9.21,9.22,9.2,9.2,13400.0,123402.0
2024-01-05 11:24:00,9.2,9.2,9.2,9.2,1000.0,9200.0
2024-01-05 11:25:00,9.2,9.2,9.2,9.2,36300.0,333960.0
2024-01-05 11:26:00,9.2,9.2,9.18,9.18,85300.0,783670.0
2024-01-05 11:27:00,9.18,9.19,9.18,9.19,4800.0,44083.0
2024-01-05 11:28:00,9.19,9.19,9.18,9.19,7600.0,69831.0
2024-01-05 11:29:00,9.19,9.19,9.18,9.18,36700.0,336920.0
2024-01-05 11:30:00,9.19,9.19,9.18,9.18,3100.0,28485.0
2024-01-05 13:01:00,9.18,9.2,9.18,9.2,97000.0,891090.0
2024-01-05 13:02:00,9.2,9.2,9.19,9.19,33300.0,306240.0
2024-01-05 13:03:00,9.19,9.2,9.19,9.2,13900.0,127745.0
2024-01-05 13:04:00,9.2,9.2,9.18,9.19,18700.0,171879.0
2024-01-05 13:05:00,9.19,9.19,9.18,9.19,7600.0,69829.0
2024-01-05 13:06:00,9.19,9.2,9.19,9.2,14900.0,137032.0
2024-01-05 13:07:00,9.2,9.2,9.2,9.2,12700.0,116840.0
2024-01-05 13:08:00,9.19,9.19,9.18,9.19,60400.0,554963.0
2024-01-05 13:09:00,9.18,9.19,9.18,9.18,11200.0,102830.0
2024-01-05 13:10:00,9.19,9.19,9.17,9.17,84100.0,771885.0
2024-01-05 13:11:00,9.17,9.18,9.17,9.18,16200.0,148691.0
2024-01-05 13:12:00,9.17,9.18,9.17,9.18,2200.0,20187.0
2024-01-05 13:13:00,9.17,9.18,9.17,9.18,4600.0,42205.0
2024-01-05 13:14:00,9.18,9.18,9.17,9.18,12100.0,111044.0
2024-01-05 13:15:00,9.18,9.18,9.17,9.18,12000.0,110132.0
2024-01-05 13:16:00,9.18,9.19,9.18,9.19,33100.0,303897.0
2024-01-05 13:17:00,9.19,9.2,9.19,9.19,12800.0,117672.0
2024-01-05 13:18:00,9.2,9.2,9.19,9.19,18700.0,171858.0
2024-01-05 13:19:00,9.19,9.19,9.18,9.19,6400.0,58785.0
2024-01-05 13:20:00,9.19,9.19,9.18,9.19,8700.0,79939.0
2024-01-05 13:21:00,9.18,9.19,9.18,9.18,50200.0,460841.0
2024-01-05 13:22:00,9.18,9.18,9.17,9.17,5200.0,47692.0
2024-01-05 13:23:00,9.17,9.18,9.17,9.17,5300.0,48604.0
2024-01-05 13:24:00,9.17,9.18,9.17,9.18,5600.0,51353.0
2024-01-05 13:25:00,9.18,9.18,9.17,9.18,5400.0,49534.0
2024-01-05 13:26:00,9.17,9.18,9.17,9.17,12100.0,111004.0
2024-01-05 13:27:00,9.17,9.18,9.17,9.17,5000.0,45860.0
2024-01-05 13:28:00,9.17,9.18,9.17,9.17,7900.0,72453.0
2024-01-05 13:29:00,9.18,9.18,9.17,9.18,89000.0,816859.0
2024-01-05 13:30:00,9.18,9.19,9.18,9.18,9400.0,86352.0
2024-01-05 13:31:00,9.18,9.18,9.17,9.18,39700.0,364389.0
2024-01-05 13:32:00,9.18,9.18,9.16,9.16,221800.0,2033338.0
2024-01-05 13:33:00,9.17,9.17,9.15,9.15,127600.0,1167633.0
2024-01-05 13:34:00,9.16,9.16,9.15,9.15,55000.0,503493.0
2024-01-05 13:35:00,9.16,9.16,9.15,9.16,26200.0,239855.0
2024-01-05 13:36:00,9.16,9.16,9.16,9.16,23200.0,212512.0
2024-01-05 13:37:00,9.17,9.17,9.16,9.16,3300.0,30251.0
2024-01-05 13:38:00,9.16,9.17,9.16,9.16,37000.0,338935.0
2024-01-05 13:39:00,9.16,9.16,9.14,9.15,167600.0,1533300.0
2024-01-05 13:40:00,9.15,9.15,9.15,9.15,3200.0,29280.0
2024-01-05 13:41:00,9.15,9.15,9.14,9.14,3100.0,28350.0
2024-01-05 13:42:00,9.15,9.15,9.14,9.15,10300.0,94239.0
2024-01-05 13:43:00,9.15,9.15,9.14,9.15,41100.0,376141.0
2024-01-05 13:44:00,9.14,9.15,9.14,9.15,31500.0,288129.0
2024-01-05 13:45:00,9.15,9.15,9.14,9.14,30600.0,279769.0
2024-01-05 13:46:00,9.14,9.14,9.12,9.14,110500.0,1009569.0
2024-01-05 13:47:00,9.14,9.14,9.13,9.13,22900.0,209235.0
2024-01-05 13:48:00,9.14,9.14,9.14,9.14,10700.0,97798.0
2024-01-05 13:49:00,9.14,9.14,9.13,9.14,10300.0,94139.0
2024-01-05 13:50:00,9.14,9.15,9.14,9.15,19800.0,180975.0
2024-01-05 13:51:00,9.14,9.15,9.14,9.15,10000.0,91467.0
2024-01-05 13:52:00,9.14,9.14,9.14,9.14,20400.0,186475.0
2024-01-05 13:53:00,9.14,9.15,9.14,9.14,21900.0,200169.0
2024-01-05 13:54:00,9.14,9.14,9.13,9.14,10200.0,93205.0
2024-01-05 13:55:00,9.13,9.14,9.13,9.14,43100.0,393506.0
2024-01-05 13:56:00,9.14,9.14,9.13,9.13,18100.0,165264.0
2024-01-05 13:57:00,9.13,9.14,9.13,9.14,16700.0,152587.0
2024-01-05 13:58:00,9.14,9.14,9.13,9.13,19600.0,179116.0
2024-01-05 13:59:00,9.13,9.14,9.13,9.13,42400.0,387101.0
2024-01-05 14:00:00,9.13,9.13,9.12,9.13,69600.0,635188.0
2024-01-05 14:01:00,9.14,9.14,9.13,9.14,34600.0,316227.0
2024-01-05 14:02:00,9.14,9.15,9.14,9.14,4600.0,42059.0
2024-01-05 14:03:00,9.15,9.15,9.14,9.15,49700.0,454705.0
2024-01-05 14:04:00,9.15,9.16,9.15,9.15,17400.0,159211.0
2024-01-05 14:05:00,9.14,9.14,9.11,9.13,168300.0,1536421.0
2024-01-05 14:06:00,9.13,9.13,9.13,9.13,2500.0,22825.0
2024-01-05 14:07:00,9.13,9.14,9.12,9.13,31800.0,290295.0
2024-01-05 14:08:00,9.13,9.13,9.09,9.1,256800.0,2338160.0
2024-01-05 14:09:00,9.11,9.11,9.1,9.11,70000.0,637667.0
2024-01-05 14:10:00,9.12,9.12,9.11,9.11,35700.0,325454.0
2024-01-05 14:11:00,9.11,9.11,9.11,9.11,18500.0,168535.0
2024-01-05 14:12:00,9.11,9.12,9.11,9.12,23700.0,216007.0
2024-01-05 14:13:00,9.11,9.11,9.11,9.11,3600.0,32796.0
2024-01-05 14:14:00,9.11,9.12,9.11,9.12,45700.0,416746.0
2024-01-05 14:15:00,9.11,9.12,9.11,9.12,7800.0,71112.0
2024-01-05 14:16:00,9.12,9.12,9.12,9.12,3200.0,29176.0
2024-01-05 14:17:00,9.11,9.12,9.11,9.11,23500.0,214097.0
2024-01-05 14:18:00,9.11,9.11,9.1,9.11,22300.0,203149.0
2024-01-05 14:19:00,9.11,9.11,9.1,9.1,26800.0,243980.0
2024-01-05 14:20:00,9.1,9.11,9.1,9.1,35100.0,319432.0
2024-01-05 14:21:00,9.1,9.1,9.1,9.1,64700.0,588732.0
2024-01-05 14:22:00,9.1,9.1,9.1,9.1,34600.0,314840.0
2024-01-05 14:23:00,9.1,9.11,9.09,9.1,21000.0,191027.0
2024-01-05 14:24:00,9.11,9.11,9.1,9.1,30700.0,279519.0
2024-01-05 14:25:00,9.1,9.1,9.09,9.1,19400.0,176518.0
2024-01-05 14:26:00,9.1,9.1,9.09,9.1,40700.0,370066.0
2024-01-05 14:27:00,9.09,9.1,9.08,9.09,79900.0,726126.0
2024-01-05 14:28:00,9.09,9.1,9.09,9.1,6000.0,54566.0
2024-01-05 14:29:00,9.1,9.1,9.09,9.09,74700.0,679185.0
2024-01-05 14:30:00,9.09,9.09,9.08,9.09,51100.0,464329.0
2024-01-05 14:31:00,9.08,9.09,9.07,9.08,154200.0,1400276.0
2024-01-05 14:32:00,9.08,9.08,9.07,9.07,77500.0,703156.0
2024-01-05 14:33:00,9.08,9.08,9.06,9.07,42300.0,383676.0
2024-01-05 14:34:00,9.08,9.08,9.07,9.08,29800.0,270425.0
2024-01-05 14:35:00,9.07,9.08,9.06,9.07,154000.0,1396216.0
2024-01-05 14:36:00,9.07,9.08,9.05,9.07,254000.0,2302286.0
2024-01-05 14:37:00,9.06,9.07,9.05,9.06,103900.0,941487.0
2024-01-05 14:38:00,9.06,9.07,9.06,9.07,37400.0,338865.0
2024-01-05 14:39:00,9.06,9.07,9.06,9.06,71800.0,650511.0
2024-01-05 14:40:00,9.06,9.07,9.06,9.06,136000.0,1233175.0
2024-01-05 14:41:00,9.06,9.07,9.06,9.06,121800.0,1103683.0
2024-01-05 14:42:00,9.06,9.06,9.05,9.05,54800.0,496328.0
2024-01-05 14:43:00,9.05,9.06,9.04,9.06,175300.0,1586929.0
2024-01-05 14:44:00,9.06,9.06,9.04,9.05,44400.0,401891.0
2024-01-05 14:45:00,9.05,9.06,9.05,9.06,45200.0,409356.0
2024-01-05 14:46:00,9.07,9.09,9.06,9.09,74500.0,675989.0
2024-01-05 14:47:00,9.08,9.09,9.07,9.08,48300.0,438577.0
2024-01-05 14:48:00,9.08,9.09,9.08,9.09,21300.0,193503.0
2024-01-05 14:49:00,9.09,9.1,9.08,9.09,47600.0,432671.0
2024-01-05 14:50:00,9.09,9.09,9.07,9.09,138700.0,1259570.0
2024-01-05 14:51:00,9.07,9.09,9.07,9.08,39400.0,357615.0
2024-01-05 14:52:00,9.08,9.09,9.07,9.09,46100.0,418841.0
2024-01-05 14:53:00,9.08,9.09,9.08,9.09,134600.0,1222558.0
2024-01-05 14:54:00,9.08,9.09,9.08,9.08,36900.0,335161.0
2024-01-05 14:55:00,9.09,9.1,9.09,9.09,30800.0,280026.0
2024-01-05 14:56:00,9.09,9.09,9.08,9.09,51200.0,465033.0
2024-01-05 14:57:00,9.09,9.09,9.08,9.08,32400.0,294164.0
2024-01-05 14:58:00,9.08,9.08,9.08,9.08,0.0,0.0
2024-01-05 14:59:00,9.08,9.08,9.08,9.08,0.0,0.0
2024-01-05 15:00:00,9.09,9.09,9.09,9.09,65500.0,595395.0
2024-01-08 09:31:00,9.09,9.1,9.02,9.03,225800.0,2047242.0
2024-01-08 09:32:00,9.03,9.07,9.03,9.06,99300.0,897446.0
2024-01-08 09:33:00,9.07,9.07,9.03,9.04,102400.0,925997.0
2024-01-08 09:34:00,9.04,9.06,9.03,9.03,87000.0,786904.0
2024-01-08 09:35:00,9.03,9.03,9.01,9.02,221000.0,1993050.0
2024-01-08 09:36:00,9.01,9.02,8.99,9.0,157200.0,1415733.0
2024-01-08 09:37:00,9.0,9.03,9.0,9.01,148300.0,1336332.0
2024-01-08 09:38:00,9.01,9.02,9.0,9.01,49500.0,446110.0
2024-01-08 09:39:00,9.01,9.03,9.01,9.03,94500.0,852524.0
2024-01-08 09:40:00,9.03,9.03,9.01,9.03,53800.0,485455.0
2024-01-08 09:41:00,9.03,9.03,9.02,9.02,43900.0,396350.0
2024-01-08 09:42:00,9.03,9.05,9.02,9.05,79800.0,720937.0
2024-01-08 09:43:00,9.05,9.05,9.03,9.03,54000.0,488181.0
2024-01-08 09:44:00,9.04,9.04,9.0,9.01,161400.0,1454014.0
2024-01-08 09:45:00,9.0,9.01,9.0,9.0,59200.0,533317.0
2024-01-08 09:46:00,9.0,9.02,9.0,9.02,116100.0,1046591.0
2024-01-08 09:47:00,9.02,9.02,9.01,9.01,113300.0,1020619.0
2024-01-08 09:48:00,9.01,9.02,8.98,8.98,140800.0,1266905.0
2024-01-08 09:49:00,8.98,8.99,8.97,8.98,144200.0,1294326.0
2024-01-08 09:50:00,8.97,8.98,8.96,8.98,145700.0,1306234.0
2024-01-08 09:51:00,8.98,8.98,8.97,8.97,56500.0,506994.0
2024-01-08 09:52:00,8.97,8.98,8.96,8.96,83500.0,748866.0
2024-01-08 09:53:00,8.96,8.97,8.93,8.94,154400.0,1381705.0
2024-01-08 09:54:00,8.94,8.94,8.93,8.94,37300.0,333377.0
2024-01-08 09:55:00,8.93,8.94,8.93,8.93,57700.0,515513.0
2024-01-08 09:56:00,8.93,8.94,8.92,8.92,84900.0,758179.0
2024-01-08 09:57:00,8.93,8.94,8.93,8.94,93400.0,834457.0
2024-01-08 09:58:00,8.93,8.94,8.93,8.94,52200.0,466422.0
2024-01-08 09:59:00,8.94,8.94,8.93,8.94,66100.0,590367.0
2024-01-08 10:00:00,8.94,8.94,8.92,8.93,144700.0,1291693.0
2024-01-08 10:01:00,8.93,8.93,8.91,8.92,126500.0,1128626.0
2024-01-08 10:02:00,8.92,8.93,8.92,8.93,27100.0,241889.0
2024-01-08 10:03:00,8.91,8.92,8.89,8.91,223600.0,1991009.0
2024-01-08 10:04:00,8.9,8.91,8.89,8.9,112400.0,1000660.0
2024-01-08 10:05:00,8.89,8.91,8.89,8.91,45000.0,400314.0
2024-01-08 10:06:00,8.91,8.91,8.9,8.91,81200.0,723263.0
2024-01-08 10:07:00,8.9,8.91,8.89,8.9,211300.0,1880100.0
2024-01-08 10:08:00,8.89,8.9,8.88,8.9,46300.0,411769.0
2024-01-08 10:09:00,8.89,8.9,8.89,8.9,57600.0,512494.0
2024-01-08 10:10:00,8.9,8.9,8.88,8.89,181100.0,1608993.0
2024-01-08 10:11:00,8.89,8.89,8.86,8.86,149900.0,1330639.0
2024-01-08 10:12:00,8.86,8.87,8.86,8.86,112500.0,996950.0
2024-01-08 10:13:00,8.86,8.86,8.85,8.86,124900.0,1106285.0
2024-01-08 10:14:00,8.85,8.87,8.85,8.87,77100.0,682850.0
2024-01-08 10:15:00,8.87,8.88,8.87,8.88,23000.0,204097.0
2024-01-08 10:16:00,8.87,8.88,8.86,8.87,70300.0,623489.0
2024-01-08 10:17:00,8.87,8.87,8.86,8.86,59500.0,527493.0
2024-01-08 10:18:00,8.86,8.87,8.86,8.87,51700.0,458526.0
2024-01-08 10:19:00,8.86,8.88,8.86,8.88,38700.0,343386.0
2024-01-08 10:20:00,8.88,8.89,8.87,8.89,59000.0,523822.0
2024-01-08 10:21:00,8.89,8.89,8.87,8.88,53300.0,473560.0
2024-01-08 10:22:00,8.88,8.89,8.88,8.88,41400.0,367485.0
2024-01-08 10:23:00,8.89,8.89,8.88,8.88,26600.0,236275.0
2024-01-08 10:24:00,8.88,8.88,8.86,8.86,59400.0,527126.0
2024-01-08 10:25:00,8.86,8.86,8.85,8.86,126800.0,1123304.0
2024-01-08 10:26:00,8.86,8.86,8.83,8.83,291200.0,2575820.0
2024-01-08 10:27:00,8.83,8.84,8.82,8.83,66600.0,588141.0
2024-01-08 10:28:00,8.83,8.83,8.82,8.83,73000.0,644544.0
2024-01-08 10:29:00,8.83,8.83,8.82,8.82,50100.0,441946.0
2024-01-08 10:30:00,8.82,8.83,8.81,8.83,154900.0,1365708.0
2024-01-08 10:31:00,8.82,8.82,8.81,8.82,55800.0,491930.0
2024-01-08 10:32:00,8.83,8.83,8.82,8.83,14700.0,129799.0
2024-01-08 10:33:00,8.84,8.85,8.83,8.85,36200.0,320226.0
2024-01-08 10:34:00,8.85,8.85,8.82,8.82,68800.0,608197.0
2024-01-08 10:35:00,8.83,8.84,8.82,8.84,58100.0,512496.0
2024-01-08 10:36:00,8.84,8.84,8.83,8.83,75800.0,669751.0
2024-01-08 10:37:00,8.83,8.84,8.82,8.84,48100.0,424634.0
2024-01-08 10:38:00,8.83,8.85,8.83,8.85,43800.0,387406.0
2024-01-08 10:39:00,8.85,8.85,8.83,8.83,50700.0,447945.0
2024-01-08 10:40:00,8.84,8.85,8.82,8.83,51900.0,458412.0
2024-01-08 10:41:00,8.83,8.83,8.81,8.81,122600.0,1081074.0
2024-01-08 10:42:00,8.81,8.81,8.8,8.8,94700.0,834267.0
2024-01-08 10:43:00,8.81,8.81,8.8,8.81,114100.0,1004440.0
2024-01-08 10:44:00,8.81,8.81,8.8,8.8,15600.0,137404.0
2024-01-08 10:45:00,8.81,8.81,8.8,8.8,25600.0,225491.0
2024-01-08 10:46:00,8.81,8.81,8.79,8.8,155700.0,1370273.0
2024-01-08 10:47:00,8.8,8.8,8.79,8.8,15100.0,132864.0
2024-01-08 10:48:00,8.81,8.81,8.8,8.81,17800.0,156791.0
2024-01-08 10:49:00,8.81,8.82,8.8,8.81,12900.0,113653.0
2024-01-08 10:50:00,8.81,8.81,8.81,8.81,11200.0,98672.0
2024-01-08 10:51:00,8.81,8.82,8.8,8.8,24900.0,219428.0
2024-01-08 10:52:00,8.8,8.81,8.8,8.81,32300.0,284482.0
2024-01-08 10:53:00,8.81,8.82,8.81,8.81,31600.0,278650.0
2024-01-08 10:54:00,8.81,8.82,8.81,8.82,8200.0,72298.0
2024-01-08 10:55:00,8.82,8.82,8.81,8.82,35600.0,313742.0
2024-01-08 10:56:00,8.81,8.81,8.8,8.8,23700.0,208756.0
2024-01-08 10:57:00,8.81,8.81,8.79,8.8,120300.0,1058721.0
2024-01-08 10:58:00,8.8,8.8,8.8,8.8,18600.0,163678.0
2024-01-08 10:59:00,8.8,8.81,8.8,8.8,10200.0,89768.0
2024-01-08 11:00:00,8.81,8.81,8.79,8.8,21000.0,184830.0
2024-01-08 11:01:00,8.79,8.8,8.79,8.8,16300.0,143437.0
2024-01-08 11:02:00,8.8,8.8,8.79,8.79,21600.0,189865.0
2024-01-08 11:03:00,8.79,8.8,8.79,8.8,37300.0,328076.0
2024-01-08 11:04:00,8.81,8.81,8.8,8.81,32500.0,286106.0
2024-01-08 11:05:00,8.81,8.81,8.8,8.81,7000.0,61638.0
2024-01-08 11:06:00,8.81,8.81,8.81,8.81,15600.0,137436.0
2024-01-08 11:07:00,8.81,8.81,8.8,8.81,39200.0,344964.0
2024-01-08 11:08:00,8.8,8.81,8.8,8.8,25300.0,222711.0
2024-01-08 11:09:00,8.8,8.81,8.8,8.81,18700.0,164571.0
2024-01-08 11:10:00,8.8,8.81,8.8,8.81,19400.0,170912.0
2024-01-08 11:11:00,8.81,8.81,8.8,8.81,5300.0,46681.0
2024-01-08 11:12:00,8.81,8.82,8.81,8.82,10600.0,93433.0
2024-01-08 11:13:00,8.82,8.83,8.82,8.82,8500.0,74989.0
2024-01-08 11:14:00,8.81,8.83,8.81,8.81,35500.0,312925.0
2024-01-08 11:15:00,8.82,8.82,8.81,8.82,3400.0,29983.0
2024-01-08 11:16:00,8.82,8.83,8.81,8.82,12600.0,111135.0
2024-01-08 11:17:00,8.83,8.83,8.83,8.83,15400.0,135982.0
2024-01-08 11:18:00,8.83,8.85,8.83,8.85,15800.0,139645.0
2024-01-08 11:19:00,8.85,8.85,8.84,8.85,17100.0,151271.0
2024-01-08 11:20:00,8.85,8.85,8.81,8.82,29100.0,257031.0
2024-01-08 11:21:00,8.83,8.84,8.82,8.84,8600.0,75959.0
2024-01-08 11:22:00,8.84,8.84,8.82,8.84,26800.0,236756.0
2024-01-08 11:23:00,8.84,8.84,8.82,8.83,35600.0,314344.0
2024-01-08 11:24:00,8.83,8.84,8.82,8.84,11200.0,98883.0
2024-01-08 11:25:00,8.83,8.83,8.81,8.81,54200.0,478102.0
2024-01-08 11:26:00,8.82,8.82,8.81,8.82,2600.0,22917.0
2024-01-08 11:27:00,8.81,8.82,8.81,8.82,600.0,5291.0
2024-01-08 11:28:00,8.81,8.82,8.81,8.81,6200.0,54677.0
2024-01-08 11:29:00,8.82,8.82,8.81,8.82,21700.0,191302.0
2024-01-08 11:30:00,8.81,8.81,8.81,8.81,18400.0,162104.0
2024-01-08 13:01:00,8.82,8.83,8.81,8.82,72800.0,642129.0
2024-01-08 13:02:00,8.82,8.83,8.81,8.81,20500.0,180823.0
2024-01-08 13:03:00,8.81,8.82,8.81,8.82,4900.0,43211.0
2024-01-08 13:04:00,8.82,8.82,8.81,8.82,36900.0,325454.0
2024-01-08 13:05:00,8.82,8.84,8.81,8.84,13800.0,121789.0
2024-01-08 13:06:00,8.84,8.84,8.84,8.84,900.0,7956.0
2024-01-08 13:07:00,8.83,8.83,8.82,8.82,27500.0,242640.0
2024-01-08 13:08:00,8.82,8.82,8.81,8.81,3100.0,27336.0
2024-01-08 13:09:00,8.82,8.82,8.81,8.82,10800.0,95191.0
2024-01-08 13:10:00,8.82,8.83,8.82,8.83,18400.0,162292.0
2024-01-08 13:11:00,8.83,8.83,8.82,8.83,3200.0,28250.0
2024-01-08 13:12:00,8.83,8.83,8.82,8.82,28000.0,246964.0
2024-01-08 13:13:00,8.82,8.82,8.81,8.82,30700.0,270766.0
2024-01-08 13:14:00,8.81,8.82,8.81,8.81,6000.0,52883.0
2024-01-08 13:15:00,8.81,8.82,8.81,8.81,19500.0,171867.0
2024-01-08 13:16:00,8.82,8.82,8.8,8.8,79800.0,703019.0
2024-01-08 13:17:00,8.8,8.82,8.8,8.82,15300.0,134758.0
2024-01-08 13:18:00,8.82,8.82,8.81,8.81,20400.0,179725.0
2024-01-08 13:19:00,8.81,8.82,8.8,8.81,10300.0,90771.0
2024-01-08 13:20:00,8.81,8.82,8.81,8.82,14700.0,129577.0
2024-01-08 13:21:00,8.81,8.82,8.8,8.8,25100.0,221136.0
2024-01-08 13:22:00,8.8,8.81,8.8,8.81,32300.0,284538.0
2024-01-08 13:23:00,8.81,8.81,8.8,8.81,14900.0,131265.0
2024-01-08 13:24:00,8.81,8.82,8.8,8.82,11900.0,104849.0
2024-01-08 13:25:00,8.82,8.83,8.8,8.81,25600.0,225770.0
2024-01-08 13:26:00,8.82,8.82,8.81,8.82,6800.0,59944.0
2024-01-08 13:27:00,8.81,8.82,8.81,8.82,4100.0,36154.0
2024-01-08 13:28:00,8.82,8.82,8.81,8.81,22400.0,197400.0
2024-01-08 13:29:00,8.81,8.82,8.8,8.82,28400.0,250212.0
2024-01-08 13:30:00,8.81,8.82,8.81,8.81,8200.0,72273.0
2024-01-08 13:31:00,8.82,8.82,8.81,8.82,17000.0,149845.0
2024-01-08 13:32:00,8.82,8.82,8.81,8.82,14800.0,130510.0
2024-01-08 13:33:00,8.82,8.83,8.81,8.81,15800.0,139346.0
2024-01-08 13:34:00,8.81,8.82,8.8,8.8,74100.0,652866.0
2024-01-08 13:35:00,8.8,8.81,8.8,8.8,3700.0,32569.0
2024-01-08 13:36:00,8.8,8.81,8.8,8.81,3900.0,34339.0
2024-01-08 13:37:00,8.81,8.81,8.8,8.81,26200.0,230821.0
2024-01-08 13:38:00,8.81,8.81,8.8,8.8,6600.0,58115.0
2024-01-08 13:39:00,8.8,8.81,8.8,8.81,7600.0,66890.0
2024-01-08 13:40:00,8.8,8.81,8.8,8.81,13000.0,114447.0
2024-01-08 13:41:00,8.81,8.81,8.79,8.79,239200.0,2104743.0
2024-01-08 13:42:00,8.79,8.81,8.79,8.8,27400.0,241065.0
2024-01-08 13:43:00,8.81,8.81,8.79,8.79,30500.0,268376.0
2024-01-08 13:44:00,8.79,8.8,8.79,8.8,25500.0,224194.0
2024-01-08 13:45:00,8.8,8.8,8.79,8.79,8400.0,73909.0
2024-01-08 13:46:00,8.79,8.8,8.79,8.79,4800.0,42203.0
2024-01-08 13:47:00,8.8,8.8,8.79,8.79,7000.0,61545.0
2024-01-08 13:48:00,8.79,8.81,8.79,8.81,48200.0,424148.0
2024-01-08 13:49:00,8.8,8.81,8.8,8.81,1800.0,15848.0
2024-01-08 13:50:00,8.8,8.81,8.8,8.8,24600.0,216582.0
2024-01-08 13:51:00,8.8,8.81,8.79,8.79,26700.0,234958.0
2024-01-08 13:52:00,8.79,8.8,8.79,8.79,15100.0,132745.0
2024-01-08 13:53:00,8.79,8.8,8.79,8.79,23200.0,203950.0
2024-01-08 13:54:00,8.8,8.8,8.79,8.79,14700.0,129234.0
2024-01-08 13:55:00,8.8,8.81,8.8,8.81,27300.0,240214.0
2024-01-08 13:56:00,8.8,8.81,8.8,8.81,3500.0,30578.599609375
2024-01-08 13:57:00,8.81,8.81,8.8,8.8,39800.0,350276.0
2024-01-08 13:58:00,8.8,8.81,8.79,8.81,44000.0,387494.40625
2024-01-08 13:59:00,8.81,8.81,8.8,8.81,18200.0,160244.0
2024-01-08 14:00:00,8.81,8.81,8.79,8.79,47100.0,414276.0
2024-01-08 14:01:00,8.79,8.8,8.78,8.79,65100.0,572201.0
2024-01-08 14:02:00,8.78,8.79,8.78,8.79,17000.0,149376.0
2024-01-08 14:03:00,8.78,8.78,8.77,8.78,65300.0,573330.0
2024-01-08 14:04:00,8.78,8.79,8.77,8.79,26000.0,228240.0
2024-01-08 14:05:00,8.79,8.8,8.78,8.79,17100.0,150254.0
2024-01-08 14:06:00,8.8,8.81,8.8,8.81,31400.0,276512.0
2024-01-08 14:07:00,8.81,8.84,8.81,8.84,27500.0,242782.0
2024-01-08 14:08:00,8.84,8.85,8.82,8.82,76200.0,673822.0
2024-01-08 14:09:00,8.83,8.85,8.83,8.85,19000.0,167823.0
2024-01-08 14:10:00,8.84,8.85,8.82,8.82,51100.0,450968.0
2024-01-08 14:11:00,8.82,8.82,8.79,8.8,70700.0,622415.0
2024-01-08 14:12:00,8.79,8.79,8.77,8.79,54400.0,477872.0
2024-01-08 14:13:00,8.79,8.81,8.79,8.79,10300.0,90615.0
2024-01-08 14:14:00,8.79,8.8,8.79,8.8,15600.0,137188.0
2024-01-08 14:15:00,8.8,8.81,8.8,8.81,5100.0,44918.0
2024-01-08 14:16:00,8.81,8.81,8.8,8.8,7100.0,62519.0
2024-01-08 14:17:00,8.8,8.81,8.79,8.8,15900.0,139920.0
2024-01-08 14:18:00,8.79,8.81,8.79,8.8,9500.0,83560.0
2024-01-08 14:19:00,8.8,8.8,8.79,8.79,13800.0,121429.0
2024-01-08 14:20:00,8.8,8.8,8.79,8.79,10300.0,90548.0
2024-01-08 14:21:00,8.8,8.8,8.79,8.8,8400.0,73896.0
2024-01-08 14:22:00,8.79,8.8,8.79,8.8,16600.0,145939.0
2024-01-08 14:23:00,8.8,8.81,8.8,8.8,25300.0,222646.0
2024-01-08 14:24:00,8.81,8.81,8.8,8.8,11200.0,98603.0
2024-01-08 14:25:00,8.8,8.81,8.8,8.81,16500.0,145333.0
2024-01-08 14:26:00,8.81,8.82,8.81,8.82,12100.0,106692.0
2024-01-08 14:27:00,8.83,8.83,8.82,8.83,23400.0,206532.0
2024-01-08 14:28:00,8.83,8.83,8.82,8.82,15200.0,134131.0
2024-01-08 14:29:00,8.83,8.83,8.81,8.81,17500.0,154272.0
2024-01-08 14:30:00,8.81,8.83,8.81,8.82,8300.0,73238.0
2024-01-08 14:31:00,8.81,8.82,8.8,8.8,30500.0,268616.0
2024-01-08 14:32:00,8.81,8.81,8.79,8.81,23800.0,209470.0
2024-01-08 14:33:00,8.8,8.81,8.79,8.79,30000.0,264061.0
2024-01-08 14:34:00,8.79,8.8,8.78,8.79,68800.0,604699.0
2024-01-08 14:35:00,8.79,8.79,8.78,8.79,21000.0,184578.0
2024-01-08 14:36:00,8.78,8.79,8.78,8.78,19200.0,168686.0
2024-01-08 14:37:00,8.78,8.79,8.77,8.79,90300.0,792669.0
2024-01-08 14:38:00,8.78,8.79,8.77,8.78,109500.0,961039.0
2024-01-08 14:39:00,8.78,8.79,8.77,8.77,20100.0,176358.0
2024-01-08 14:40:00,8.78,8.79,8.77,8.78,17500.0,153627.0
2024-01-08 14:41:00,8.78,8.79,8.78,8.79,21300.0,187015.0
2024-01-08 14:42:00,8.79,8.79,8.78,8.78,20300.0,178269.0
2024-01-08 14:43:00,8.78,8.79,8.78,8.78,27900.0,244986.0
2024-01-08 14:44:00,8.79,8.79,8.78,8.78,5400.0,47447.0
2024-01-08 14:45:00,8.78,8.79,8.77,8.78,58500.0,513774.0
2024-01-08 14:46:00,8.78,8.79,8.77,8.79,33000.0,289728.0
2024-01-08 14:47:00,8.78,8.79,8.78,8.79,16600.0,145825.0
2024-01-08 14:48:00,8.79,8.8,8.78,8.79,59100.0,519316.0
2024-01-08 14:49:00,8.78,8.79,8.78,8.79,22500.0,197760.0
2024-01-08 14:50:00,8.79,8.79,8.78,8.79,15200.0,133556.0
2024-01-08 14:51:00,8.79,8.79,8.78,8.78,31000.0,272280.0
2024-01-08 14:52:00,8.78,8.78,8.77,8.78,109800.0,963790.0
2024-01-08 14:53:00,8.78,8.78,8.77,8.78,14900.0,130820.0
2024-01-08 14:54:00,8.77,8.78,8.76,8.78,99400.0,871810.0
2024-01-08 14:55:00,8.78,8.78,8.77,8.77,17400.0,152657.0
2024-01-08 14:56:00,8.77,8.79,8.77,8.78,60900.0,534651.0
2024-01-08 14:57:00,8.78,8.79,8.76,8.77,97500.0,855502.0
2024-01-08 14:58:00,8.77,8.77,8.77,8.77,0.0,0.0
2024-01-08 14:59:00,8.77,8.77,8.77,8.77,0.0,0.0
2024-01-08 15:00:00,8.76,8.76,8.76,8.76,106500.0,932940.0
2024-01-09 09:31:00,8.79,8.86,8.79,8.84,333100.0,2940171.0
2024-01-09 09:32:00,8.85,8.85,8.83,8.85,157900.0,1396575.0
2024-01-09 09:33:00,8.87,8.89,8.86,8.86,163800.0,1453704.0
2024-01-09 09:34:00,8.86,8.88,8.86,8.88,78700.0,698319.0
2024-01-09 09:35:00,8.88,8.91,8.87,8.9,143600.0,1277244.0
2024-01-09 09:36:00,8.89,8.89,8.88,8.88,80300.0,713435.0
2024-01-09 09:37:00,8.89,8.89,8.86,8.86,129600.0,1150837.0
2024-01-09 09:38:00,8.86,8.89,8.86,8.87,114800.0,1018138.0
2024-01-09 09:39:00,8.89,8.91,8.88,8.9,72000.0,640463.0
2024-01-09 09:40:00,8.91,8.93,8.91,8.92,157600.0,1405845.0
2024-01-09 09:41:00,8.92,8.94,8.92,8.93,154200.0,1376082.0
2024-01-09 09:42:00,8.93,8.94,8.92,8.93,97100.0,867271.0
2024-01-09 09:43:00,8.93,8.96,8.93,8.94,197900.0,1769916.0
2024-01-09 09:44:00,8.94,8.95,8.9,8.9,312500.0,2792868.0
2024-01-09 09:45:00,8.91,8.91,8.88,8.88,84900.0,755684.0
2024-01-09 09:46:00,8.88,8.89,8.87,8.87,51900.0,460853.0
2024-01-09 09:47:00,8.87,8.88,8.87,8.87,46500.0,412538.0
2024-01-09 09:48:00,8.87,8.9,8.87,8.89,49600.0,440656.0
2024-01-09 09:49:00,8.89,8.89,8.87,8.87,23300.0,206910.0
2024-01-09 09:50:00,8.88,8.9,8.88,8.89,57400.0,510406.0
2024-01-09 09:51:00,8.89,8.89,8.88,8.89,71300.0,634063.0
2024-01-09 09:52:00,8.89,8.89,8.87,8.87,94000.0,835530.0
2024-01-09 09:53:00,8.87,8.87,8.86,8.87,38600.0,342339.0
2024-01-09 09:54:00,8.86,8.87,8.86,8.86,46200.0,409360.0
2024-01-09 09:55:00,8.86,8.87,8.85,8.85,46000.0,407518.0
2024-01-09 09:56:00,8.86,8.86,8.85,8.85,47700.0,422178.8125
2024-01-09 09:57:00,8.85,8.86,8.85,8.86,21700.0,192201.0
2024-01-09 09:58:00,8.86,8.86,8.84,8.84,22500.0,199122.0
2024-01-09 09:59:00,8.85,8.86,8.84,8.85,29600.0,262124.0
2024-01-09 10:00:00,8.85,8.87,8.85,8.86,50400.0,446754.1875
2024-01-09 10:01:00,8.87,8.89,8.87,8.89,32000.0,284170.0
2024-01-09 10:02:00,8.89,8.89,8.88,8.89,12700.0,112858.0
2024-01-09 10:03:00,8.89,8.9,8.88,8.88,32400.0,288084.0
2024-01-09 10:04:00,8.88,8.89,8.87,8.88,16700.0,148292.0
2024-01-09 10:05:00,8.88,8.88,8.87,8.88,17300.0,153596.0
2024-01-09 10:06:00,8.89,8.89,8.88,8.88,4400.0,39090.0
2024-01-09 10:07:00,8.88,8.89,8.88,8.89,13600.0,120883.0
2024-01-09 10:08:00,8.89,8.9,8.88,8.88,23100.0,205370.0
2024-01-09 10:09:00,8.88,8.89,8.88,8.88,11500.0,102187.0
2024-01-09 10:10:00,8.88,8.89,8.88,8.88,15100.0,134094.0
2024-01-09 10:11:00,8.88,8.88,8.88,8.88,22700.0,201578.0
2024-01-09 10:12:00,8.88,8.89,8.88,8.89,17800.0,158097.0
2024-01-09 10:13:00,8.88,8.89,8.88,8.88,52400.0,465400.0
2024-01-09 10:14:00,8.88,8.89,8.87,8.89,8900.0,79112.0
2024-01-09 10:15:00,8.89,8.89,8.88,8.89,2500.0,22218.0
2024-01-09 10:16:00,8.88,8.89,8.88,8.88,7600.0,67562.0
2024-01-09 10:17:00,8.88,8.88,8.88,8.88,4200.0,37296.0
2024-01-09 10:18:00,8.88,8.89,8.88,8.89,8900.0,79069.0
2024-01-09 10:19:00,8.88,8.92,8.88,8.92,69600.0,619925.0
2024-01-09 10:20:00,8.92,8.93,8.91,8.92,36100.0,321851.0
2024-01-09 10:21:00,8.92,8.93,8.9,8.92,84300.0,751508.0
2024-01-09 10:22:00,8.92,8.93,8.91,8.93,37800.0,337289.0
2024-01-09 10:23:00,8.93,8.94,8.92,8.94,89200.0,796405.0
2024-01-09 10:24:00,8.93,8.93,8.92,8.93,28500.0,254417.0
2024-01-09 10:25:00,8.92,8.94,8.92,8.94,35800.0,319833.0
2024-01-09 10:26:00,8.94,8.95,8.94,8.95,62900.0,562575.0
2024-01-09 10:27:00,8.95,8.95,8.95,8.95,85700.0,767014.0
2024-01-09 10:28:00,8.95,8.96,8.94,8.94,84000.0,751836.0
2024-01-09 10:29:00,8.94,8.94,8.93,8.93,13300.0,118843.0
2024-01-09 10:30:00,8.94,8.94,8.92,8.92,25500.0,227717.0
2024-01-09 10:31:00,8.93,8.93,8.92,8.93,28200.0,251830.0
2024-01-09 10:32:00,8.94,8.94,8.93,8.93,8200.0,73227.0
2024-01-09 10:33:00,8.93,8.93,8.92,8.92,2200.0,19636.0
2024-01-09 10:34:00,8.92,8.94,8.92,8.93,53200.0,475178.0
2024-01-09 10:35:00,8.94,8.95,8.93,8.95,53600.0,479123.0
2024-01-09 10:36:00,8.95,8.95,8.94,8.94,22800.0,203887.0
2024-01-09 10:37:00,8.94,8.94,8.93,8.94,16600.0,148374.0
2024-01-09 10:38:00,8.94,8.94,8.93,8.93,16200.0,144720.0
2024-01-09 10:39:00,8.93,8.93,8.92,8.92,15800.0,141056.0
2024-01-09 10:40:00,8.92,8.93,8.92,8.93,2400.0,21429.0
2024-01-09 10:41:00,8.93,8.93,8.92,8.92,15200.0,135585.0
2024-01-09 10:42:00,8.92,8.92,8.91,8.91,25700.0,229060.0
2024-01-09 10:43:00,8.91,8.92,8.91,8.91,7400.0,65936.0
2024-01-09 10:44:00,8.91,8.92,8.91,8.92,3500.0,31206.0
2024-01-09 10:45:00,8.92,8.92,8.9,8.9,17600.0,156810.0
2024-01-09 10:46:00,8.91,8.91,8.9,8.91,300.0,2672.0
2024-01-09 10:47:00,8.91,8.91,8.91,8.91,2500.0,22275.0
2024-01-09 10:48:00,8.91,8.91,8.9,8.91,26000.0,231611.0
2024-01-09 10:49:00,8.91,8.91,8.9,8.9,8300.0,73953.0
2024-01-09 10:50:00,8.9,8.91,8.9,8.9,3200.0,28509.0
2024-01-09 10:51:00,8.9,8.91,8.9,8.9,8600.0,76549.0
2024-01-09 10:52:00,8.9,8.91,8.9,8.9,18100.0,161093.0
2024-01-09 10:53:00,8.9,8.9,8.89,8.89,6400.0,56903.0
2024-01-09 10:54:00,8.89,8.9,8.88,8.89,8100.0,71996.0
2024-01-09 10:55:00,8.88,8.89,8.88,8.88,4200.0,37306.0
2024-01-09 10:56:00,8.88,8.89,8.88,8.88,5300.0,47094.0
2024-01-09 10:57:00,8.88,8.89,8.88,8.89,11200.0,99535.0
2024-01-09 10:58:00,8.88,8.89,8.88,8.89,6600.0,58654.0
2024-01-09 10:59:00,8.88,8.89,8.88,8.89,8600.0,76401.0
2024-01-09 11:00:00,8.88,8.88,8.88,8.88,3300.0,29304.0
2024-01-09 11:01:00,8.88,8.88,8.87,8.88,37000.0,328534.0
2024-01-09 11:02:00,8.87,8.88,8.87,8.87,9500.0,84282.0
2024-01-09 11:03:00,8.87,8.87,8.86,8.87,15300.0,135710.0
2024-01-09 11:04:00,8.86,8.88,8.86,8.87,11700.0,103742.0
2024-01-09 11:05:00,8.87,8.89,8.87,8.89,23500.0,208666.0
2024-01-09 11:06:00,8.87,8.88,8.87,8.87,41100.0,364700.0
2024-01-09 11:07:00,8.88,8.88,8.87,8.87,34500.0,306012.0
2024-01-09 11:08:00,8.87,8.88,8.87,8.87,8400.0,74510.0
2024-01-09 11:09:00,8.88,8.88,8.87,8.87,1700.0,15088.0
2024-01-09 11:10:00,8.88,8.88,8.87,8.87,4000.0,35513.0
2024-01-09 11:11:00,8.87,8.88,8.87,8.87,9700.0,86112.0
2024-01-09 11:12:00,8.88,8.9,8.88,8.9,26000.0,231018.0
2024-01-09 11:13:00,8.9,8.9,8.87,8.87,136200.0,1209640.0
2024-01-09 11:14:00,8.88,8.88,8.87,8.87,2900.0,25737.0
2024-01-09 11:15:00,8.88,8.88,8.88,8.88,1700.0,15096.0
2024-01-09 11:16:00,8.88,8.88,8.87,8.88,10200.0,90530.0
2024-01-09 11:17:00,8.88,8.89,8.88,8.89,33200.0,294860.0
2024-01-09 11:18:00,8.89,8.9,8.88,8.89,2000.0,17790.0
2024-01-09 11:19:00,8.89,8.89,8.89,8.89,3100.0,27559.0
2024-01-09 11:20:00,8.89,8.89,8.88,8.89,6000.0,53323.0
2024-01-09 11:21:00,8.88,8.9,8.88,8.89,13800.0,122583.0
2024-01-09 11:22:00,8.89,8.9,8.89,8.9,1900.0,16897.0
2024-01-09 11:23:00,8.89,8.9,8.89,8.89,16000.0,142242.0
2024-01-09 11:24:00,8.89,8.89,8.88,8.88,1300.0,11554.0
2024-01-09 11:25:00,8.89,8.89,8.89,8.89,31500.0,279736.0
2024-01-09 11:26:00,8.88,8.89,8.88,8.89,3100.0,27542.0
2024-01-09 11:27:00,8.89,8.89,8.87,8.88,5500.0,48845.0
2024-01-09 11:28:00,8.87,8.88,8.87,8.87,30800.0,273198.0
2024-01-09 11:29:00,8.88,8.88,8.88,8.88,200.0,1776.0
2024-01-09 11:30:00,8.88,8.88,8.87,8.88,5400.0,47945.0
2024-01-09 13:01:00,8.88,8.89,8.87,8.88,29400.0,261019.0
2024-01-09 13:02:00,8.88,8.88,8.87,8.87,13300.0,118058.0
2024-01-09 13:03:00,8.87,8.88,8.87,8.87,3000.0,26611.0
2024-01-09 13:04:00,8.86,8.87,8.86,8.86,31200.0,276447.0
2024-01-09 13:05:00,8.86,8.87,8.86,8.87,2100.0,18621.0
2024-01-09 13:06:00,8.86,8.86,8.86,8.86,24500.0,217073.0
2024-01-09 13:07:00,8.86,8.87,8.85,8.87,15700.0,139050.0
2024-01-09 13:08:00,8.86,8.86,8.85,8.85,4300.0,38062.0
2024-01-09 13:09:00,8.86,8.86,8.85,8.85,9000.0,79665.0
2024-01-09 13:10:00,8.86,8.86,8.85,8.86,3900.0,34520.0
2024-01-09 13:11:00,8.85,8.85,8.85,8.85,24600.0,217711.0
2024-01-09 13:12:00,8.85,8.86,8.85,8.86,19100.0,169037.0
2024-01-09 13:13:00,8.85,8.86,8.84,8.84,8100.0,71663.0
2024-01-09 13:14:00,8.84,8.84,8.84,8.84,41700.0,368601.0
2024-01-09 13:15:00,8.83,8.84,8.83,8.83,7900.0,69807.0
2024-01-09 13:16:00,8.84,8.84,8.82,8.83,29500.0,260468.0
2024-01-09 13:17:00,8.83,8.83,8.82,8.83,8400.0,74144.0
2024-01-09 13:18:00,8.82,8.82,8.81,8.82,78700.0,693994.875
2024-01-09 13:19:00,8.83,8.83,8.82,8.82,14800.0,130563.0
2024-01-09 13:20:00,8.82,8.83,8.81,8.82,34900.0,307860.09375
2024-01-09 13:21:00,8.82,8.82,8.81,8.81,11000.0,96949.8984375
2024-01-09 13:22:00,8.81,8.82,8.81,8.81,12200.0,107483.0
2024-01-09 13:23:00,8.82,8.82,8.82,8.82,77600.0,684429.0
2024-01-09 13:24:00,8.82,8.82,8.81,8.81,95000.0,836616.0
2024-01-09 13:25:00,8.81,8.82,8.81,8.82,14500.0,127754.0
2024-01-09 13:26:00,8.81,8.82,8.81,8.82,5900.0,52006.0
2024-01-09 13:27:00,8.82,8.82,8.81,8.82,9700.0,85509.0
2024-01-09 13:28:00,8.81,8.82,8.81,8.81,7500.0,66083.0
2024-01-09 13:29:00,8.81,8.81,8.8,8.8,34700.0,305693.0
2024-01-09 13:30:00,8.8,8.81,8.8,8.81,11000.0,96837.0
2024-01-09 13:31:00,8.8,8.81,8.8,8.81,51000.0,449264.0
2024-01-09 13:32:00,8.81,8.82,8.81,8.82,16900.0,148933.0
2024-01-09 13:33:00,8.82,8.83,8.82,8.82,17200.0,151704.0
2024-01-09 13:34:00,8.83,8.83,8.83,8.83,1700.0,15011.0
2024-01-09 13:35:00,8.82,8.83,8.82,8.83,5600.0,49439.0
2024-01-09 13:36:00,8.82,8.85,8.82,8.83,14500.0,128138.0
2024-01-09 13:37:00,8.83,8.83,8.82,8.83,12000.0,105955.0
2024-01-09 13:38:00,8.82,8.84,8.82,8.83,12400.0,109492.0
2024-01-09 13:39:00,8.82,8.84,8.82,8.84,32500.0,287007.0
2024-01-09 13:40:00,8.83,8.84,8.83,8.83,9300.0,82120.0
2024-01-09 13:41:00,8.83,8.84,8.82,8.84,6500.0,57398.0
2024-01-09 13:42:00,8.84,8.84,8.83,8.84,2000.0,17672.0
2024-01-09 13:43:00,8.82,8.84,8.82,8.83,10400.0,91822.0
2024-01-09 13:44:00,8.83,8.84,8.82,8.83,31200.0,275492.0
2024-01-09 13:45:00,8.83,8.83,8.81,8.82,41700.0,367799.0
2024-01-09 13:46:00,8.81,8.82,8.81,8.81,15600.0,137447.0
2024-01-09 13:47:00,8.81,8.82,8.81,8.82,23000.0,202747.0
2024-01-09 13:48:00,8.82,8.83,8.82,8.82,5700.0,50275.0
2024-01-09 13:49:00,8.82,8.82,8.81,8.82,4100.0,36160.0
2024-01-09 13:50:00,8.81,8.82,8.81,8.82,6800.0,59914.0
2024-01-09 13:51:00,8.81,8.81,8.81,8.81,27900.0,245799.0
2024-01-09 13:52:00,8.8,8.81,8.8,8.81,43400.0,382036.0
2024-01-09 13:53:00,8.81,8.81,8.81,8.81,3400.0,29954.0
2024-01-09 13:54:00,8.81,8.81,8.81,8.81,10400.0,91624.0
2024-01-09 13:55:00,8.8,8.82,8.8,8.82,11200.0,98673.0
2024-01-09 13:56:00,8.82,8.82,8.81,8.82,700.0,6173.0
2024-01-09 13:57:00,8.81,8.82,8.81,8.82,2000.0,17622.0
2024-01-09 13:58:00,8.81,8.81,8.8,8.8,32100.0,282688.0
2024-01-09 13:59:00,8.81,8.82,8.8,8.82,32700.0,287855.0
2024-01-09 14:00:00,8.8,8.81,8.8,8.8,42000.0,369603.0
2024-01-09 14:01:00,8.8,8.82,8.8,8.81,32400.0,285431.0
2024-01-09 14:02:00,8.81,8.82,8.81,8.82,10900.0,96053.0
2024-01-09 14:03:00,8.81,8.82,8.81,8.81,15600.0,137414.0
2024-01-09 14:04:00,8.8,8.82,8.8,8.81,1200.0,10571.0
2024-01-09 14:05:00,8.8,8.81,8.8,8.8,11100.0,97706.0
2024-01-09 14:06:00,8.81,8.81,8.8,8.8,4600.0,40482.0
2024-01-09 14:07:00,8.8,8.81,8.8,8.8,4400.0,38739.0
2024-01-09 14:08:00,8.8,8.81,8.8,8.8,41100.0,361741.0
2024-01-09 14:09:00,8.8,8.82,8.8,8.82,38200.0,336740.0
2024-01-09 14:10:00,8.83,8.84,8.82,8.83,45900.0,405403.0
2024-01-09 14:11:00,8.83,8.85,8.83,8.85,12900.0,114044.0
2024-01-09 14:12:00,8.85,8.85,8.83,8.83,45200.0,399564.0
2024-01-09 14:13:00,8.84,8.84,8.82,8.82,8200.0,72385.0
2024-01-09 14:14:00,8.82,8.82,8.81,8.82,16900.0,149017.0
2024-01-09 14:15:00,8.81,8.81,8.8,8.8,20500.0,180548.0
2024-01-09 14:16:00,8.81,8.83,8.81,8.83,8000.0,70577.0
2024-01-09 14:17:00,8.83,8.83,8.81,8.82,52700.0,464895.0
2024-01-09 14:18:00,8.83,8.83,8.83,8.83,1700.0,15011.0
2024-01-09 14:19:00,8.84,8.84,8.83,8.83,6600.0,58284.0
2024-01-09 14:20:00,8.84,8.84,8.83,8.84,6600.0,58318.0
2024-01-09 14:21:00,8.85,8.85,8.84,8.84,40800.0,360741.0
2024-01-09 14:22:00,8.84,8.85,8.84,8.85,12800.0,113168.0
2024-01-09 14:23:00,8.85,8.85,8.84,8.85,22800.0,201758.0
2024-01-09 14:24:00,8.86,8.86,8.84,8.85,26900.0,238024.0
2024-01-09 14:25:00,8.86,8.86,8.84,8.84,47100.0,416796.0
2024-01-09 14:26:00,8.84,8.85,8.83,8.83,21200.0,187397.0
2024-01-09 14:27:00,8.84,8.84,8.84,8.84,1300.0,11492.0
2024-01-09 14:28:00,8.83,8.84,8.82,8.83,38500.0,339871.0
2024-01-09 14:29:00,8.83,8.84,8.82,8.82,20500.0,180912.0
2024-01-09 14:30:00,8.82,8.84,8.82,8.83,5000.0,44139.0
2024-01-09 14:31:00,8.83,8.85,8.83,8.85,78000.0,689484.0
2024-01-09 14:32:00,8.86,8.86,8.85,8.86,24000.0,212610.0
2024-01-09 14:33:00,8.86,8.87,8.86,8.87,28000.0,248110.0
2024-01-09 14:34:00,8.87,8.88,8.86,8.88,19000.0,168521.0
2024-01-09 14:35:00,8.88,8.88,8.87,8.88,7300.0,64819.0
2024-01-09 14:36:00,8.88,8.88,8.85,8.87,29400.0,260671.0
2024-01-09 14:37:00,8.87,8.87,8.87,8.87,5800.0,51446.0
2024-01-09 14:38:00,8.87,8.87,8.86,8.87,12100.0,107319.0
2024-01-09 14:39:00,8.87,8.88,8.86,8.86,9300.0,82445.0
2024-01-09 14:40:00,8.86,8.86,8.85,8.86,5900.0,52262.0
2024-01-09 14:41:00,8.85,8.86,8.85,8.85,6900.0,61106.0
2024-01-09 14:42:00,8.86,8.86,8.85,8.85,2700.0,23913.0
2024-01-09 14:43:00,8.85,8.87,8.85,8.86,18300.0,162152.0
2024-01-09 14:44:00,8.87,8.87,8.87,8.87,6700.0,59429.0
2024-01-09 14:45:00,8.87,8.87,8.86,8.86,7500.0,66465.0
2024-01-09 14:46:00,8.86,8.86,8.85,8.86,30700.0,271956.0
2024-01-09 14:47:00,8.86,8.87,8.85,8.87,36400.0,322408.0
2024-01-09 14:48:00,8.86,8.87,8.85,8.87,15200.0,134726.0
2024-01-09 14:49:00,8.86,8.87,8.85,8.86,55700.0,493197.0
2024-01-09 14:50:00,8.87,8.87,8.85,8.86,16600.0,147011.0
2024-01-09 14:51:00,8.86,8.86,8.85,8.85,41100.0,363764.0
2024-01-09 14:52:00,8.85,8.86,8.84,8.85,24400.0,216028.0
2024-01-09 14:53:00,8.86,8.86,8.85,8.86,20400.0,180519.0
2024-01-09 14:54:00,8.85,8.86,8.85,8.85,20200.0,178824.0
2024-01-09 14:55:00,8.86,8.86,8.84,8.84,30500.0,269943.0
2024-01-09 14:56:00,8.85,8.86,8.84,8.86,40700.0,360357.0
2024-01-09 14:57:00,8.85,8.86,8.85,8.86,44500.0,394233.0
2024-01-09 14:58:00,8.86,8.86,8.86,8.86,0.0,0.0
2024-01-09 14:59:00,8.86,8.86,8.86,8.86,0.0,0.0
2024-01-09 15:00:00,8.86,8.86,8.86,8.86,39100.0,346426.0
2024-01-10 09:31:00,8.87,8.87,8.73,8.74,201500.0,1771896.0
2024-01-10 09:32:00,8.73,8.76,8.73,8.73,59900.0,523745.0
2024-01-10 09:33:00,8.73,8.74,8.71,8.74,95000.0,829245.0
2024-01-10 09:34:00,8.74,8.75,8.72,8.72,63900.0,557814.0
2024-01-10 09:35:00,8.72,8.72,8.7,8.7,126500.0,1101785.0
2024-01-10 09:36:00,8.7,8.71,8.68,8.7,171300.0,1489857.375
2024-01-10 09:37:00,8.7,8.71,8.69,8.7,85700.0,745996.0
2024-01-10 09:38:00,8.71,8.72,8.7,8.7,36600.0,318940.0
2024-01-10 09:39:00,8.7,8.71,8.69,8.69,121200.0,1054498.0
2024-01-10 09:40:00,8.69,8.7,8.68,8.69,101300.0,880215.6875
2024-01-10 09:41:00,8.7,8.71,8.69,8.71,137700.0,1197173.25
2024-01-10 09:42:00,8.7,8.71,8.69,8.7,46400.0,403707.0
2024-01-10 09:43:00,8.7,8.72,8.69,8.7,37900.0,330134.0
2024-01-10 09:44:00,8.71,8.71,8.68,8.68,110000.0,956320.0
2024-01-10 09:45:00,8.68,8.69,8.68,8.68,129200.0,1121771.0
2024-01-10 09:46:00,8.68,8.69,8.67,8.68,64300.0,557957.0
2024-01-10 09:47:00,8.68,8.7,8.68,8.69,42200.0,366618.0
2024-01-10 09:48:00,8.68,8.7,8.68,8.69,76900.0,668584.0
2024-01-10 09:49:00,8.7,8.72,8.7,8.71,68500.0,596528.0
2024-01-10 09:50:00,8.7,8.72,8.7,8.7,19800.0,172469.0
2024-01-10 09:51:00,8.71,8.72,8.7,8.72,46800.0,407740.0
2024-01-10 09:52:00,8.71,8.72,8.69,8.69,68900.0,599842.0
2024-01-10 09:53:00,8.7,8.7,8.69,8.7,39400.0,342643.0
2024-01-10 09:54:00,8.7,8.72,8.7,8.72,22000.0,191582.0
2024-01-10 09:55:00,8.72,8.73,8.71,8.71,47500.0,414217.0
2024-01-10 09:56:00,8.72,8.73,8.71,8.72,50100.0,436891.0
2024-01-10 09:57:00,8.73,8.74,8.72,8.74,34200.0,298725.0
2024-01-10 09:58:00,8.74,8.75,8.73,8.73,42800.0,374144.0
2024-01-10 09:59:00,8.75,8.76,8.74,8.75,26500.0,231973.0
2024-01-10 10:00:00,8.76,8.77,8.75,8.75,37600.0,329419.0
2024-01-10 10:01:00,8.77,8.81,8.76,8.81,151000.0,1327167.0
2024-01-10 10:02:00,8.79,8.82,8.78,8.82,45300.0,398838.0
2024-01-10 10:03:00,8.83,8.83,8.81,8.82,82900.0,730976.0
2024-01-10 10:04:00,8.82,8.83,8.81,8.81,61900.0,545950.0
2024-01-10 10:05:00,8.82,8.82,8.78,8.78,18100.0,159278.0
2024-01-10 10:06:00,8.78,8.79,8.78,8.78,15400.0,135220.0
2024-01-10 10:07:00,8.77,8.79,8.77,8.79,23800.0,208936.0
2024-01-10 10:08:00,8.79,8.8,8.79,8.79,20200.0,177590.0
2024-01-10 10:09:00,8.79,8.8,8.78,8.78,19000.0,167096.0
2024-01-10 10:10:00,8.78,8.79,8.77,8.79,33900.0,297601.0
2024-01-10 10:11:00,8.79,8.8,8.79,8.8,6500.0,57165.0
2024-01-10 10:12:00,8.78,8.78,8.77,8.77,9000.0,78952.0
2024-01-10 10:13:00,8.76,8.76,8.76,8.76,17100.0,149796.0
2024-01-10 10:14:00,8.77,8.79,8.76,8.79,63900.0,560571.0
2024-01-10 10:15:00,8.79,8.8,8.78,8.79,20300.0,178381.0
2024-01-10 10:16:00,8.79,8.82,8.79,8.8,49000.0,431554.0
2024-01-10 10:17:00,8.81,8.85,8.81,8.85,43300.0,382402.0
2024-01-10 10:18:00,8.85,8.85,8.82,8.83,45400.0,401051.0
2024-01-10 10:19:00,8.84,8.86,8.84,8.85,39500.0,349593.0
2024-01-10 10:20:00,8.85,8.86,8.85,8.86,26700.0,236377.0
2024-01-10 10:21:00,8.85,8.86,8.85,8.85,62700.0,555330.0
2024-01-10 10:22:00,8.86,8.86,8.82,8.82,73500.0,650205.0
2024-01-10 10:23:00,8.82,8.85,8.82,8.84,63700.0,563134.0
2024-01-10 10:24:00,8.85,8.85,8.82,8.82,13200.0,116643.0
2024-01-10 10:25:00,8.82,8.83,8.82,8.83,8100.0,71450.0
2024-01-10 10:26:00,8.82,8.83,8.81,8.82,15700.0,138507.0
2024-01-10 10:27:00,8.82,8.83,8.81,8.82,26000.0,229320.0
2024-01-10 10:28:00,8.82,8.85,8.82,8.84,35600.0,314467.0
2024-01-10 10:29:00,8.84,8.84,8.83,8.83,7700.0,68034.0
2024-01-10 10:30:00,8.83,8.83,8.82,8.82,12400.0,109450.0
2024-01-10 10:31:00,8.83,8.83,8.82,8.83,16100.0,142019.0
2024-01-10 10:32:00,8.83,8.83,8.82,8.82,30900.0,272588.0
2024-01-10 10:33:00,8.82,8.85,8.82,8.84,76100.0,672002.0
2024-01-10 10:34:00,8.84,8.84,8.84,8.84,10800.0,95471.0
2024-01-10 10:35:00,8.84,8.85,8.84,8.85,26400.0,233393.0
2024-01-10 10:36:00,8.85,8.85,8.84,8.84,48000.0,424573.0
2024-01-10 10:37:00,8.83,8.84,8.83,8.84,6700.0,59210.0
2024-01-10 10:38:00,8.84,8.84,8.83,8.83,27500.0,243068.0
2024-01-10 10:39:00,8.83,8.84,8.83,8.84,32800.0,289869.0
2024-01-10 10:40:00,8.85,8.85,8.84,8.85,1800.0,15921.0
2024-01-10 10:41:00,8.85,8.85,8.85,8.85,3700.0,32744.0
2024-01-10 10:42:00,8.84,8.85,8.84,8.84,22800.0,201655.0
2024-01-10 10:43:00,8.84,8.85,8.84,8.85,15900.0,140598.0
2024-01-10 10:44:00,8.85,8.86,8.85,8.86,24500.0,216879.0
2024-01-10 10:45:00,8.86,8.86,8.85,8.85,7300.0,64618.0
2024-01-10 10:46:00,8.85,8.87,8.85,8.87,62500.0,553392.0
2024-01-10 10:47:00,8.87,8.9,8.87,8.89,65900.0,585111.0
2024-01-10 10:48:00,8.89,8.9,8.87,8.87,30100.0,267357.0
2024-01-10 10:49:00,8.87,8.87,8.86,8.86,7100.0,62958.0
2024-01-10 10:50:00,8.85,8.85,8.84,8.84,3800.0,33621.0
2024-01-10 10:51:00,8.85,8.85,8.84,8.84,2800.0,24776.0
2024-01-10 10:52:00,8.84,8.85,8.84,8.84,13000.0,114956.0
2024-01-10 10:53:00,8.84,8.84,8.83,8.83,4200.0,37092.0
2024-01-10 10:54:00,8.84,8.84,8.82,8.83,39300.0,346821.0
2024-01-10 10:55:00,8.81,8.82,8.81,8.81,21300.0,187652.0
2024-01-10 10:56:00,8.81,8.81,8.8,8.8,11300.0,99536.0
2024-01-10 10:57:00,8.81,8.82,8.81,8.82,34500.0,303952.0
2024-01-10 10:58:00,8.82,8.82,8.82,8.82,3700.0,32634.0
2024-01-10 10:59:00,8.81,8.82,8.81,8.81,5600.0,49345.0
2024-01-10 11:00:00,8.81,8.82,8.81,8.82,5500.0,48471.0
2024-01-10 11:01:00,8.81,8.82,8.81,8.82,33000.0,291030.0
2024-01-10 11:02:00,8.81,8.82,8.8,8.81,13900.0,122460.0
2024-01-10 11:03:00,8.81,8.82,8.81,8.82,13600.0,119849.0
2024-01-10 11:04:00,8.81,8.81,8.8,8.8,23100.0,203413.0
2024-01-10 11:05:00,8.81,8.81,8.8,8.8,51800.0,455859.0
2024-01-10 11:06:00,8.81,8.81,8.81,8.81,500.0,4405.0
2024-01-10 11:07:00,8.79,8.8,8.79,8.79,34100.0,299884.0
2024-01-10 11:08:00,8.79,8.81,8.79,8.8,78300.0,688770.0
2024-01-10 11:09:00,8.8,8.8,8.79,8.79,12700.0,111707.0
2024-01-10 11:10:00,8.79,8.8,8.79,8.79,11700.0,102900.0
2024-01-10 11:11:00,8.79,8.8,8.79,8.8,10200.0,89748.0
2024-01-10 11:12:00,8.8,8.8,8.79,8.8,700.0,6155.0
2024-01-10 11:13:00,8.79,8.8,8.79,8.8,11100.0,97614.0
2024-01-10 11:14:00,8.8,8.8,8.79,8.79,18500.0,162656.0
2024-01-10 11:15:00,8.8,8.8,8.79,8.8,2600.0,22875.0
2024-01-10 11:16:00,8.8,8.8,8.79,8.79,15700.0,138039.0
2024-01-10 11:17:00,8.79,8.79,8.78,8.78,8600.0,75555.0
2024-01-10 11:18:00,8.78,8.79,8.78,8.79,43400.0,381394.0
2024-01-10 11:19:00,8.79,8.8,8.79,8.79,22000.0,193393.0
2024-01-10 11:20:00,8.8,8.8,8.79,8.8,3400.0,29919.0
2024-01-10 11:21:00,8.8,8.8,8.79,8.8,8600.0,75665.0
2024-01-10 11:22:00,8.8,8.82,8.8,8.82,44600.0,392632.0
2024-01-10 11:23:00,8.81,8.82,8.78,8.78,31100.0,273500.0
2024-01-10 11:24:00,8.79,8.8,8.79,8.79,1800.0,15830.0
2024-01-10 11:25:00,8.79,8.79,8.79,8.79,13300.0,116917.0
2024-01-10 11:26:00,8.8,8.8,8.79,8.8,4200.0,36957.0
2024-01-10 11:27:00,8.79,8.8,8.79,8.8,2700.0,23735.0
2024-01-10 11:28:00,8.79,8.8,8.79,8.79,4600.0,40435.0
2024-01-10 11:29:00,8.78,8.8,8.78,8.78,10700.0,94007.0
2024-01-10 11:30:00,8.78,8.8,8.78,8.8,11900.0,104569.0
2024-01-10 13:01:00,8.8,8.8,8.79,8.8,11700.0,102932.0
2024-01-10 13:02:00,8.81,8.82,8.79,8.79,67900.0,597860.0
2024-01-10 13:03:00,8.79,8.8,8.79,8.79,2300.0,20227.0
2024-01-10 13:04:00,8.79,8.79,8.79,8.79,26500.0,232935.0
2024-01-10 13:05:00,8.8,8.81,8.8,8.81,41500.0,365294.0
2024-01-10 13:06:00,8.81,8.82,8.81,8.82,9000.0,79293.0
2024-01-10 13:07:00,8.81,8.81,8.8,8.8,7800.0,68714.0
2024-01-10 13:08:00,8.8,8.8,8.79,8.8,34000.0,299098.0
2024-01-10 13:09:00,8.79,8.79,8.78,8.79,6100.0,53618.0
2024-01-10 13:10:00,8.78,8.79,8.78,8.79,10900.0,95755.0
2024-01-10 13:11:00,8.79,8.8,8.79,8.8,28500.0,250668.0
2024-01-10 13:12:00,8.8,8.8,8.8,8.8,1900.0,16720.0
2024-01-10 13:13:00,8.8,8.8,8.79,8.8,7500.0,65964.0
2024-01-10 13:14:00,8.79,8.81,8.79,8.81,42100.0,370482.0
2024-01-10 13:15:00,8.81,8.81,8.8,8.8,3700.0,32589.0
2024-01-10 13:16:00,8.81,8.82,8.81,8.82,50400.0,444195.0
2024-01-10 13:17:00,8.81,8.82,8.81,8.81,8200.0,72249.0
2024-01-10 13:18:00,8.81,8.81,8.8,8.8,4200.0,37000.0
2024-01-10 13:19:00,8.8,8.81,8.8,8.81,16900.0,148868.0
2024-01-10 13:20:00,8.81,8.81,8.8,8.81,4900.0,43168.0
2024-01-10 13:21:00,8.8,8.8,8.79,8.79,22700.0,199685.0
2024-01-10 13:22:00,8.79,8.8,8.79,8.8,7700.0,67759.0
2024-01-10 13:23:00,8.8,8.8,8.79,8.8,53700.0,472545.0
2024-01-10 13:24:00,8.81,8.81,8.8,8.81,9100.0,80103.0
2024-01-10 13:25:00,8.81,8.81,8.79,8.79,17700.0,155714.0
2024-01-10 13:26:00,8.79,8.8,8.79,8.8,11200.0,98465.0
2024-01-10 13:27:00,8.79,8.79,8.78,8.78,3500.0,30761.0
2024-01-10 13:28:00,8.78,8.79,8.78,8.78,14000.0,122928.0
2024-01-10 13:29:00,8.79,8.79,8.78,8.78,63700.0,559520.0
2024-01-10 13:30:00,8.79,8.79,8.79,8.79,22900.0,201291.0
2024-01-10 13:31:00,8.78,8.79,8.78,8.79,33100.0,290622.0
2024-01-10 13:32:00,8.79,8.79,8.78,8.78,3800.0,33397.0
2024-01-10 13:33:00,8.79,8.79,8.78,8.79,19500.0,171404.0
2024-01-10 13:34:00,8.79,8.79,8.78,8.79,12800.0,112437.0
2024-01-10 13:35:00,8.79,8.79,8.78,8.78,12000.0,105414.0
2024-01-10 13:36:00,8.79,8.79,8.77,8.78,11100.0,97445.0
2024-01-10 13:37:00,8.78,8.79,8.78,8.79,16300.0,143139.0
2024-01-10 13:38:00,8.79,8.79,8.79,8.79,6800.0,59772.0
2024-01-10 13:39:00,8.79,8.79,8.78,8.79,27800.0,244141.0
2024-01-10 13:40:00,8.78,8.78,8.78,8.78,21500.0,188770.0
2024-01-10 13:41:00,8.78,8.79,8.78,8.78,45400.0,398562.0
2024-01-10 13:42:00,8.79,8.79,8.77,8.78,38300.0,336290.0
2024-01-10 13:43:00,8.77,8.78,8.77,8.78,7700.0,67604.0
2024-01-10 13:44:00,8.78,8.79,8.77,8.79,14300.0,125501.0
2024-01-10 13:45:00,8.79,8.79,8.78,8.78,19900.0,174738.0
2024-01-10 13:46:00,8.79,8.79,8.78,8.78,6600.0,58005.0
2024-01-10 13:47:00,8.79,8.79,8.79,8.79,10400.0,91416.0
2024-01-10 13:48:00,8.79,8.79,8.79,8.79,23000.0,202170.0
2024-01-10 13:49:00,8.79,8.8,8.79,8.8,6400.0,56263.0
2024-01-10 13:50:00,8.8,8.8,8.8,8.8,7900.0,69517.0
2024-01-10 13:51:00,8.79,8.79,8.79,8.79,1300.0,11427.0
2024-01-10 13:52:00,8.79,8.79,8.78,8.79,29100.0,255788.0
2024-01-10 13:53:00,8.79,8.79,8.79,8.79,400.0,3516.0
2024-01-10 13:54:00,8.8,8.8,8.79,8.79,8000.0,70345.0
2024-01-10 13:55:00,8.78,8.79,8.78,8.79,2500.0,21972.0
2024-01-10 13:56:00,8.79,8.8,8.79,8.8,4700.0,41319.0
2024-01-10 13:57:00,8.81,8.82,8.81,8.82,51800.0,456008.0
2024-01-10 13:58:00,8.81,8.82,8.8,8.8,7100.0,62574.0
2024-01-10 13:59:00,8.81,8.82,8.81,8.81,9100.0,80171.0
2024-01-10 14:00:00,8.81,8.82,8.81,8.82,1200.0,10576.0
2024-01-10 14:01:00,8.82,8.82,8.8,8.81,22400.0,197475.0
2024-01-10 14:02:00,8.82,8.82,8.8,8.8,8100.0,71371.0
2024-01-10 14:03:00,8.8,8.8,8.78,8.78,97400.0,856190.0
2024-01-10 14:04:00,8.79,8.79,8.77,8.78,97000.0,851667.0
2024-01-10 14:05:00,8.77,8.77,8.77,8.77,9600.0,84192.0
2024-01-10 14:06:00,8.77,8.78,8.77,8.77,19300.0,169306.0
2024-01-10 14:07:00,8.77,8.78,8.77,8.78,14900.0,130697.0
2024-01-10 14:08:00,8.77,8.77,8.76,8.77,35600.0,312211.0
2024-01-10 14:09:00,8.77,8.79,8.77,8.79,44300.0,389067.0
2024-01-10 14:10:00,8.79,8.81,8.79,8.81,13900.0,122327.0
2024-01-10 14:11:00,8.8,8.81,8.8,8.81,18000.0,158477.0
2024-01-10 14:12:00,8.81,8.82,8.81,8.82,32900.0,289909.0
2024-01-10 14:13:00,8.82,8.82,8.79,8.81,14600.0,128603.0
2024-01-10 14:14:00,8.81,8.81,8.8,8.8,8600.0,75682.0
2024-01-10 14:15:00,8.8,8.8,8.8,8.8,10800.0,95040.0
2024-01-10 14:16:00,8.79,8.79,8.79,8.79,20500.0,180273.0
2024-01-10 14:17:00,8.79,8.79,8.78,8.78,3600.0,31637.0
2024-01-10 14:18:00,8.78,8.79,8.78,8.79,2200.0,19329.0
2024-01-10 14:19:00,8.79,8.79,8.78,8.78,10100.0,88703.0
2024-01-10 14:20:00,8.78,8.79,8.78,8.79,18700.0,164267.0
2024-01-10 14:21:00,8.77,8.77,8.77,8.77,76800.0,674242.0
2024-01-10 14:22:00,8.77,8.77,8.77,8.77,12000.0,105240.0
2024-01-10 14:23:00,8.76,8.77,8.76,8.77,22900.0,200647.0
2024-01-10 14:24:00,8.76,8.77,8.76,8.77,14400.0,126270.0
2024-01-10 14:25:00,8.77,8.78,8.77,8.78,22600.0,198214.0
2024-01-10 14:26:00,8.77,8.78,8.77,8.78,1700.0,14912.0
2024-01-10 14:27:00,8.78,8.78,8.77,8.77,21900.0,192140.0
2024-01-10 14:28:00,8.76,8.77,8.76,8.76,3000.0,26282.0
2024-01-10 14:29:00,8.76,8.76,8.76,8.76,15000.0,131400.0
2024-01-10 14:30:00,8.77,8.77,8.76,8.77,2400.0,21047.0
2024-01-10 14:31:00,8.77,8.78,8.77,8.77,26700.0,234195.0
2024-01-10 14:32:00,8.78,8.78,8.77,8.77,11800.0,103488.0
2024-01-10 14:33:00,8.77,8.78,8.76,8.76,32500.0,284901.0
2024-01-10 14:34:00,8.77,8.77,8.77,8.77,1500.0,13155.0
2024-01-10 14:35:00,8.76,8.76,8.76,8.76,14900.0,130524.0
2024-01-10 14:36:00,8.76,8.77,8.76,8.77,4900.0,42969.0
2024-01-10 14:37:00,8.76,8.78,8.76,8.78,26300.0,230692.0
2024-01-10 14:38:00,8.78,8.78,8.77,8.77,9300.0,81577.0
2024-01-10 14:39:00,8.78,8.78,8.78,8.78,2200.0,19316.0
2024-01-10 14:40:00,8.78,8.78,8.76,8.76,23800.0,208581.0
2024-01-10 14:41:00,8.77,8.78,8.77,8.77,10400.0,91216.0
2024-01-10 14:42:00,8.77,8.8,8.77,8.79,77600.0,681383.0
2024-01-10 14:43:00,8.79,8.79,8.78,8.78,11400.0,100120.0
2024-01-10 14:44:00,8.78,8.79,8.78,8.78,5500.0,48313.0
2024-01-10 14:45:00,8.79,8.79,8.78,8.78,8300.0,72943.0
2024-01-10 14:46:00,8.78,8.79,8.77,8.78,5000.0,43900.0
2024-01-10 14:47:00,8.78,8.79,8.78,8.79,11800.0,103616.0
2024-01-10 14:48:00,8.79,8.79,8.78,8.78,6600.0,57937.0
2024-01-10 14:49:00,8.78,8.78,8.77,8.77,15700.0,137814.0
2024-01-10 14:50:00,8.77,8.78,8.77,8.78,35100.0,308028.0
2024-01-10 14:51:00,8.78,8.78,8.77,8.78,6600.0,57913.0
2024-01-10 14:52:00,8.77,8.78,8.77,8.77,38000.0,333315.0
2024-01-10 14:53:00,8.77,8.78,8.77,8.77,23300.0,204349.0
2024-01-10 14:54:00,8.77,8.77,8.76,8.77,37500.0,328791.0
2024-01-10 14:55:00,8.76,8.77,8.76,8.77,13200.0,116268.078125
2024-01-10 14:56:00,8.77,8.77,8.76,8.77,39000.0,342014.0
2024-01-10 14:57:00,8.77,8.77,8.76,8.77,15600.0,136729.0
2024-01-10 14:58:00,8.76,8.76,8.76,8.76,1500.0,13144.0
2024-01-10 14:59:00,8.76,8.76,8.76,8.76,0.0,0.0
2024-01-10 15:00:00,8.76,8.76,8.76,8.76,88200.0,772123.9375
2024-01-11 09:31:00,8.75,8.78,8.73,8.78,115500.0,1011243.5
2024-01-11 09:32:00,8.78,8.8,8.78,8.79,50000.0,439346.0
2024-01-11 09:33:00,8.78,8.81,8.78,8.8,59200.0,520549.0
2024-01-11 09:34:00,8.81,8.85,8.8,8.83,59400.0,523959.0
2024-01-11 09:35:00,8.82,8.83,8.81,8.81,28200.0,248867.0
2024-01-11 09:36:00,8.81,8.83,8.81,8.83,52800.0,465810.0
2024-01-11 09:37:00,8.82,8.82,8.8,8.8,21200.0,186812.0
2024-01-11 09:38:00,8.8,8.81,8.79,8.81,61500.0,541257.0
2024-01-11 09:39:00,8.81,8.82,8.79,8.79,37400.0,329113.0
2024-01-11 09:40:00,8.79,8.8,8.79,8.79,15600.0,137201.0
2024-01-11 09:41:00,8.79,8.81,8.79,8.81,42300.0,372505.0
2024-01-11 09:42:00,8.82,8.82,8.8,8.8,67200.0,591878.0
2024-01-11 09:43:00,8.8,8.81,8.8,8.81,27500.0,242022.0
2024-01-11 09:44:00,8.81,8.81,8.79,8.79,25900.0,227960.0
2024-01-11 09:45:00,8.79,8.81,8.79,8.81,34300.0,301680.0
2024-01-11 09:46:00,8.8,8.82,8.8,8.8,25700.0,226431.0
2024-01-11 09:47:00,8.81,8.81,8.8,8.81,6600.0,58091.0
2024-01-11 09:48:00,8.8,8.82,8.8,8.8,25400.0,223796.0
2024-01-11 09:49:00,8.8,8.84,8.8,8.83,63400.0,559324.0
2024-01-11 09:50:00,8.84,8.85,8.83,8.83,40500.0,358088.0
2024-01-11 09:51:00,8.84,8.84,8.83,8.83,30700.0,271380.0
2024-01-11 09:52:00,8.83,8.85,8.83,8.84,16300.0,144092.0
2024-01-11 09:53:00,8.85,8.87,8.85,8.86,101000.0,894483.0
2024-01-11 09:54:00,8.86,8.89,8.86,8.87,101200.0,898099.0
2024-01-11 09:55:00,8.87,8.87,8.85,8.86,34800.0,308099.0
2024-01-11 09:56:00,8.85,8.86,8.85,8.85,25900.0,229458.0
2024-01-11 09:57:00,8.85,8.86,8.84,8.84,33800.0,299228.0
2024-01-11 09:58:00,8.84,8.84,8.83,8.83,28700.0,253663.0
2024-01-11 09:59:00,8.83,8.84,8.83,8.83,7400.0,65378.0
2024-01-11 10:00:00,8.83,8.84,8.83,8.83,1400.0,12364.0
2024-01-11 10:01:00,8.83,8.84,8.83,8.84,9700.0,85667.0
2024-01-11 10:02:00,8.83,8.85,8.83,8.84,18400.0,162692.0
2024-01-11 10:03:00,8.84,8.86,8.84,8.85,29500.0,261164.0
2024-01-11 10:04:00,8.85,8.85,8.84,8.85,66000.0,584089.0
2024-01-11 10:05:00,8.84,8.84,8.83,8.83,24400.0,215609.0
2024-01-11 10:06:00,8.83,8.83,8.82,8.82,8800.0,77705.0
2024-01-11 10:07:00,8.82,8.83,8.82,8.83,5300.0,46748.0
2024-01-11 10:08:00,8.83,8.83,8.82,8.82,4700.0,41497.0
2024-01-11 10:09:00,8.83,8.83,8.83,8.83,117700.0,1038167.0
2024-01-11 10:10:00,8.84,8.85,8.84,8.84,6500.0,57483.0
2024-01-11 10:11:00,8.84,8.85,8.83,8.83,5400.0,47729.0
2024-01-11 10:12:00,8.84,8.85,8.84,8.84,5600.0,49507.0
2024-01-11 10:13:00,8.83,8.85,8.83,8.85,4200.0,37139.0
2024-01-11 10:14:00,8.85,8.85,8.84,8.85,12000.0,106189.0
2024-01-11 10:15:00,8.85,8.86,8.85,8.86,5200.0,46049.0
2024-01-11 10:16:00,8.86,8.88,8.86,8.87,42300.0,375064.0
2024-01-11 10:17:00,8.87,8.88,8.87,8.87,4300.0,38179.0
2024-01-11 10:18:00,8.88,8.89,8.88,8.89,43200.0,383872.0
2024-01-11 10:19:00,8.89,8.9,8.89,8.9,50600.0,449967.0
2024-01-11 10:20:00,8.89,8.9,8.88,8.88,41200.0,366259.0
2024-01-11 10:21:00,8.88,8.89,8.87,8.87,76400.0,678378.0
2024-01-11 10:22:00,8.88,8.89,8.87,8.87,27800.0,246851.0
2024-01-11 10:23:00,8.87,8.87,8.86,8.87,34200.0,303204.0
2024-01-11 10:24:00,8.87,8.87,8.86,8.87,14900.0,132147.0
2024-01-11 10:25:00,8.86,8.87,8.86,8.86,5100.0,45217.0
2024-01-11 10:26:00,8.86,8.86,8.86,8.86,31200.0,276485.0
2024-01-11 10:27:00,8.86,8.87,8.86,8.87,15200.0,134814.0
2024-01-11 10:28:00,8.87,8.87,8.86,8.86,23000.0,203806.0
2024-01-11 10:29:00,8.85,8.86,8.85,8.86,4600.0,40745.0
2024-01-11 10:30:00,8.85,8.86,8.85,8.86,6800.0,60235.0
2024-01-11 10:31:00,8.86,8.86,8.85,8.86,21500.0,190419.0
2024-01-11 10:32:00,8.87,8.87,8.86,8.87,14100.0,125062.0
2024-01-11 10:33:00,8.88,8.88,8.87,8.87,20800.0,184522.0
2024-01-11 10:34:00,8.87,8.87,8.85,8.85,37400.0,331403.0
2024-01-11 10:35:00,8.85,8.86,8.85,8.86,29600.0,262168.0
2024-01-11 10:36:00,8.86,8.87,8.85,8.86,15800.0,139989.0
2024-01-11 10:37:00,8.86,8.86,8.85,8.86,3300.0,29234.0
2024-01-11 10:38:00,8.86,8.86,8.85,8.86,12700.0,112547.0
2024-01-11 10:39:00,8.87,8.87,8.86,8.86,12600.0,111667.0
2024-01-11 10:40:00,8.86,8.87,8.86,8.86,14700.0,130284.0
2024-01-11 10:41:00,8.86,8.87,8.86,8.86,7700.0,68287.0
2024-01-11 10:42:00,8.86,8.87,8.85,8.85,29600.0,262227.0
2024-01-11 10:43:00,8.86,8.86,8.85,8.85,12000.0,106293.0
2024-01-11 10:44:00,8.85,8.86,8.85,8.85,12800.0,113324.0
2024-01-11 10:45:00,8.86,8.87,8.85,8.86,42300.0,374817.0
2024-01-11 10:46:00,8.86,8.87,8.86,8.86,27100.0,240146.0
2024-01-11 10:47:00,8.87,8.87,8.86,8.86,2700.0,23946.0
2024-01-11 10:48:00,8.86,8.87,8.86,8.86,16300.0,144455.0
2024-01-11 10:49:00,8.86,8.86,8.86,8.86,400.0,3544.0
2024-01-11 10:50:00,8.86,8.87,8.85,8.86,8700.0,77125.0
2024-01-11 10:51:00,8.86,8.87,8.86,8.87,3200.0,28377.0
2024-01-11 10:52:00,8.87,8.87,8.85,8.85,10100.0,89480.0
2024-01-11 10:53:00,8.86,8.86,8.85,8.86,6700.0,59349.0
2024-01-11 10:54:00,8.85,8.85,8.84,8.84,18500.0,163723.0
2024-01-11 10:55:00,8.84,8.85,8.84,8.85,23000.0,203398.0
2024-01-11 10:56:00,8.84,8.85,8.84,8.84,2400.0,21224.0
2024-01-11 10:57:00,8.84,8.85,8.84,8.84,3500.0,30951.0
2024-01-11 10:58:00,8.85,8.85,8.84,8.85,3200.0,28318.0
2024-01-11 10:59:00,8.84,8.85,8.84,8.85,8500.0,75181.0
2024-01-11 11:00:00,8.85,8.85,8.85,8.85,1600.0,14160.0
2024-01-11 11:01:00,8.85,8.85,8.85,8.85,4000.0,35400.0
2024-01-11 11:02:00,8.84,8.85,8.84,8.84,6700.0,59276.0
2024-01-11 11:03:00,8.84,8.85,8.84,8.85,21800.0,192755.0
2024-01-11 11:04:00,8.84,8.85,8.84,8.85,8100.0,71642.0
2024-01-11 11:05:00,8.84,8.85,8.84,8.85,13600.0,120358.0
2024-01-11 11:06:00,8.84,8.85,8.84,8.85,38200.0,338069.0
2024-01-11 11:07:00,8.85,8.86,8.85,8.85,4900.0,43389.0
2024-01-11 11:08:00,8.85,8.85,8.84,8.85,16000.0,141599.0
2024-01-11 11:09:00,8.85,8.85,8.84,8.85,5100.0,45131.0
2024-01-11 11:10:00,8.86,8.86,8.85,8.85,500.0,4428.0
2024-01-11 11:11:00,8.85,8.86,8.85,8.86,6800.0,60210.0
2024-01-11 11:12:00,8.86,8.86,8.85,8.86,1200.0,10631.0
2024-01-11 11:13:00,8.86,8.86,8.86,8.86,19300.0,170998.0
2024-01-11 11:14:00,8.86,8.87,8.85,8.87,17500.0,155098.0
2024-01-11 11:15:00,8.86,8.87,8.86,8.87,2600.0,23059.0
2024-01-11 11:16:00,8.87,8.87,8.86,8.86,5900.0,52332.0
2024-01-11 11:17:00,8.87,8.87,8.86,8.87,300.0,2660.0
2024-01-11 11:18:00,8.86,8.87,8.86,8.87,2900.0,25720.0
2024-01-11 11:19:00,8.87,8.87,8.87,8.87,1900.0,16853.0
2024-01-11 11:20:00,8.86,8.86,8.86,8.86,33500.0,296809.0
2024-01-11 11:21:00,8.86,8.87,8.86,8.86,21700.0,192288.0
2024-01-11 11:22:00,8.87,8.87,8.87,8.87,3900.0,34593.0
2024-01-11 11:23:00,8.87,8.87,8.86,8.86,5000.0,44316.0
2024-01-11 11:24:00,8.86,8.87,8.85,8.87,3300.0,29266.0
2024-01-11 11:25:00,8.87,8.87,8.86,8.86,3200.0,28375.0
2024-01-11 11:26:00,8.86,8.87,8.86,8.87,4200.0,37252.0
2024-01-11 11:27:00,8.87,8.87,8.86,8.86,4300.0,38133.0
2024-01-11 11:28:00,8.86,8.87,8.86,8.86,10700.0,94895.0
2024-01-11 11:29:00,8.87,8.88,8.86,8.87,21300.0,188940.0
2024-01-11 11:30:00,8.87,8.88,8.87,8.87,13400.0,118889.0
2024-01-11 13:01:00,8.87,8.88,8.87,8.87,32600.0,289107.0
2024-01-11 13:02:00,8.88,8.88,8.88,8.88,3700.0,32856.0
2024-01-11 13:03:00,8.87,8.89,8.87,8.89,67500.0,599433.0
2024-01-11 13:04:00,8.89,8.89,8.89,8.89,92200.0,819664.0
2024-01-11 13:05:00,8.89,8.91,8.89,8.9,73600.0,655053.0
2024-01-11 13:06:00,8.91,8.91,8.89,8.91,40400.0,359713.0
2024-01-11 13:07:00,8.91,8.92,8.91,8.91,59400.0,529346.0
2024-01-11 13:08:00,8.92,8.93,8.92,8.93,51700.0,461344.0
2024-01-11 13:09:00,8.93,8.95,8.93,8.94,107500.0,960819.0
2024-01-11 13:10:00,8.94,8.96,8.94,8.96,176500.0,1579632.0
2024-01-11 13:11:00,8.95,8.96,8.95,8.95,48600.0,435046.0
2024-01-11 13:12:00,8.95,8.97,8.95,8.96,110500.0,989354.0
2024-01-11 13:13:00,8.96,8.96,8.94,8.95,38600.0,345742.0
2024-01-11 13:14:00,8.94,8.96,8.94,8.95,54400.0,486858.0
2024-01-11 13:15:00,8.94,8.95,8.94,8.95,13900.0,124278.0
2024-01-11 13:16:00,8.95,8.96,8.94,8.96,44900.0,401844.0
2024-01-11 13:17:00,8.95,8.96,8.95,8.95,18800.0,168304.0
2024-01-11 13:18:00,8.96,8.96,8.95,8.95,35100.0,314296.0
2024-01-11 13:19:00,8.95,8.96,8.95,8.95,17400.0,155808.0
2024-01-11 13:20:00,8.96,8.97,8.96,8.97,72900.0,653248.0
2024-01-11 13:21:00,8.96,8.97,8.96,8.97,23000.0,206308.0
2024-01-11 13:22:00,8.96,8.97,8.95,8.95,42500.0,380785.0
2024-01-11 13:23:00,8.95,8.96,8.95,8.96,37900.0,339209.0
2024-01-11 13:24:00,8.96,8.96,8.95,8.96,8800.0,78826.0
2024-01-11 13:25:00,8.95,8.96,8.95,8.96,31800.0,284676.0
2024-01-11 13:26:00,8.95,8.95,8.94,8.95,35100.0,314160.0
2024-01-11 13:27:00,8.95,8.96,8.94,8.96,18100.0,162035.0
2024-01-11 13:28:00,8.96,8.96,8.95,8.96,12700.0,113781.0
2024-01-11 13:29:00,8.96,8.97,8.96,8.97,51600.0,462579.0
2024-01-11 13:30:00,8.97,8.98,8.97,8.98,10500.0,94227.0
2024-01-11 13:31:00,8.98,8.98,8.97,8.97,28600.0,256616.0
2024-01-11 13:32:00,8.97,8.98,8.97,8.98,30400.0,272799.0
2024-01-11 13:33:00,8.97,8.97,8.96,8.96,41700.0,373987.0
2024-01-11 13:34:00,8.97,8.97,8.96,8.97,7300.0,65471.0
2024-01-11 13:35:00,8.97,8.97,8.97,8.97,12900.0,115713.0
2024-01-11 13:36:00,8.97,8.97,8.96,8.96,66000.0,592015.0
2024-01-11 13:37:00,8.97,8.97,8.96,8.96,26800.0,240276.0
2024-01-11 13:38:00,8.97,8.98,8.96,8.98,87300.0,783470.0
2024-01-11 13:39:00,8.98,8.98,8.98,8.98,6900.0,61962.0
2024-01-11 13:40:00,8.98,8.98,8.97,8.98,23200.0,208309.0
2024-01-11 13:41:00,8.98,8.99,8.98,8.98,25500.0,229192.0
2024-01-11 13:42:00,8.99,9.0,8.98,8.99,50400.0,453107.0
2024-01-11 13:43:00,9.0,9.0,8.99,8.99,31800.0,285994.0
2024-01-11 13:44:00,8.99,8.99,8.98,8.99,29600.0,266018.0
2024-01-11 13:45:00,8.99,8.99,8.97,8.97,20000.0,179586.0
2024-01-11 13:46:00,8.98,8.98,8.98,8.98,5200.0,46696.0
2024-01-11 13:47:00,8.98,8.98,8.98,8.98,24200.0,217292.0
2024-01-11 13:48:00,8.98,8.99,8.98,8.99,26100.0,234511.0
2024-01-11 13:49:00,8.99,8.99,8.99,8.99,24400.0,219356.0
2024-01-11 13:50:00,8.99,9.0,8.98,9.0,24700.0,222066.0
2024-01-11 13:51:00,8.99,9.0,8.99,8.99,46500.0,418382.0
2024-01-11 13:52:00,9.0,9.0,8.99,9.0,29900.0,268894.0
2024-01-11 13:53:00,9.0,9.0,8.99,8.99,38900.0,349747.0
2024-01-11 13:54:00,8.99,8.99,8.98,8.98,7600.0,68297.0
2024-01-11 13:55:00,8.99,8.99,8.98,8.99,3800.0,34160.0
2024-01-11 13:56:00,8.98,8.99,8.98,8.98,6800.0,61082.0
2024-01-11 13:57:00,8.98,8.99,8.98,8.98,50700.0,455328.0
2024-01-11 13:58:00,8.98,8.98,8.98,8.98,11700.0,105090.0
2024-01-11 13:59:00,8.98,8.98,8.97,8.97,77900.0,698888.0
2024-01-11 14:00:00,8.97,8.97,8.96,8.96,54800.0,491084.0
2024-01-11 14:01:00,8.96,8.97,8.96,8.96,55600.0,498199.0
2024-01-11 14:02:00,8.96,8.97,8.95,8.95,23000.0,206090.0
2024-01-11 14:03:00,8.96,8.96,8.95,8.95,21200.0,189845.0
2024-01-11 14:04:00,8.95,8.96,8.95,8.96,5900.0,52839.0
2024-01-11 14:05:00,8.95,8.96,8.95,8.95,25700.0,230041.0
2024-01-11 14:06:00,8.96,8.96,8.95,8.96,9100.0,81488.0
2024-01-11 14:07:00,8.96,8.96,8.95,8.96,3200.0,28671.0
2024-01-11 14:08:00,8.95,8.96,8.94,8.95,22600.0,202252.0
2024-01-11 14:09:00,8.94,8.95,8.94,8.94,5600.0,50085.0
2024-01-11 14:10:00,8.95,8.95,8.94,8.94,56700.0,506904.0
2024-01-11 14:11:00,8.94,8.95,8.94,8.94,14200.0,126959.0
2024-01-11 14:12:00,8.95,8.95,8.94,8.94,44200.0,395146.0
2024-01-11 14:13:00,8.93,8.93,8.93,8.93,2700.0,24126.0
2024-01-11 14:14:00,8.94,8.95,8.93,8.94,22200.0,198459.0
2024-01-11 14:15:00,8.94,8.94,8.93,8.93,12600.0,112590.0
2024-01-11 14:16:00,8.93,8.94,8.93,8.94,41400.0,369989.0
2024-01-11 14:17:00,8.94,8.95,8.94,8.95,4400.0,39379.0
2024-01-11 14:18:00,8.95,8.95,8.94,8.95,700.0,6264.0
2024-01-11 14:19:00,8.94,8.95,8.94,8.94,34700.0,310246.0
2024-01-11 14:20:00,8.94,8.94,8.93,8.93,8200.0,73234.0
2024-01-11 14:21:00,8.94,8.94,8.93,8.94,9100.0,81352.0
2024-01-11 14:22:00,8.94,8.94,8.93,8.94,25900.0,231537.0
2024-01-11 14:23:00,8.94,8.95,8.94,8.95,4400.0,39340.0
2024-01-11 14:24:00,8.95,8.95,8.95,8.95,1400.0,12526.0
2024-01-11 14:25:00,8.95,8.95,8.94,8.95,10600.0,94785.0
2024-01-11 14:26:00,8.95,8.96,8.95,8.96,99400.0,889747.0
2024-01-11 14:27:00,8.95,8.96,8.95,8.95,3500.0,31326.0
2024-01-11 14:28:00,8.96,8.96,8.96,8.96,1800.0,16128.0
2024-01-11 14:29:00,8.96,8.96,8.95,8.96,7600.0,68091.0
2024-01-11 14:30:00,8.96,8.97,8.96,8.97,48300.0,432793.0
2024-01-11 14:31:00,8.97,8.97,8.95,8.95,9600.0,85970.0
2024-01-11 14:32:00,8.95,8.96,8.95,8.96,1200.0,10748.0
2024-01-11 14:33:00,8.96,8.96,8.95,8.95,11700.0,104720.0
2024-01-11 14:34:00,8.95,8.96,8.95,8.95,8400.0,75235.0
2024-01-11 14:35:00,8.95,8.96,8.95,8.96,13800.0,123593.0
2024-01-11 14:36:00,8.95,8.96,8.95,8.95,58800.0,526467.0
2024-01-11 14:37:00,8.95,8.95,8.94,8.95,8500.0,76071.0
2024-01-11 14:38:00,8.95,8.96,8.95,8.96,111600.0,999091.0
2024-01-11 14:39:00,8.96,8.96,8.96,8.96,9900.0,88704.0
2024-01-11 14:40:00,8.96,8.96,8.95,8.96,14800.0,132604.0
2024-01-11 14:41:00,8.96,8.96,8.95,8.96,12200.0,109311.0
2024-01-11 14:42:00,8.95,8.97,8.95,8.97,44900.0,402351.0
2024-01-11 14:43:00,8.97,8.97,8.96,8.97,26500.0,237653.0
2024-01-11 14:44:00,8.97,8.97,8.95,8.96,58700.0,525702.0
2024-01-11 14:45:00,8.95,8.96,8.95,8.95,19700.0,176465.0
2024-01-11 14:46:00,8.95,8.96,8.95,8.96,7600.0,68089.0
2024-01-11 14:47:00,8.95,8.96,8.95,8.95,7200.0,64493.0
2024-01-11 14:48:00,8.96,8.96,8.95,8.96,29900.0,267892.0
2024-01-11 14:49:00,8.95,8.97,8.95,8.97,28100.0,251800.0
2024-01-11 14:50:00,8.96,8.96,8.95,8.96,10800.0,96736.0
2024-01-11 14:51:00,8.96,8.96,8.95,8.96,5300.0,47464.0
2024-01-11 14:52:00,8.95,8.96,8.95,8.95,24300.0,217637.0
2024-01-11 14:53:00,8.95,8.96,8.95,8.96,33300.0,298283.0
2024-01-11 14:54:00,8.96,8.97,8.96,8.97,60400.0,541312.0
2024-01-11 14:55:00,8.97,8.98,8.97,8.97,56000.0,502480.0
2024-01-11 14:56:00,8.97,8.98,8.97,8.97,30700.0,275498.1875
2024-01-11 14:57:00,8.97,8.98,8.96,8.97,18600.0,166923.0
2024-01-11 14:58:00,8.97,8.97,8.97,8.97,0.0,0.0
2024-01-11 14:59:00,8.97,8.97,8.97,8.97,0.0,0.0
2024-01-11 15:00:00,8.97,8.97,8.97,8.97,65900.0,591123.0
2024-01-12 09:31:00,8.93,8.95,8.9,8.93,163600.0,1459636.0
2024-01-12 09:32:00,8.93,8.93,8.88,8.88,156800.0,1394446.0
2024-01-12 09:33:00,8.88,8.89,8.86,8.87,201300.0,1786198.0
2024-01-12 09:34:00,8.87,8.9,8.87,8.89,26600.0,236283.0
2024-01-12 09:35:00,8.9,8.91,8.88,8.89,57500.0,511557.0
2024-01-12 09:36:00,8.88,8.9,8.88,8.89,60800.0,540593.0
2024-01-12 09:37:00,8.9,8.9,8.89,8.9,10500.0,93421.0
2024-01-12 09:38:00,8.9,8.94,8.9,8.94,76900.0,686074.0
2024-01-12 09:39:00,8.94,8.94,8.92,8.94,91100.0,814247.0
2024-01-12 09:40:00,8.93,8.94,8.93,8.94,24400.0,217911.0
2024-01-12 09:41:00,8.93,8.96,8.93,8.94,35000.0,313026.0
2024-01-12 09:42:00,8.94,8.96,8.93,8.93,26500.0,237113.0
2024-01-12 09:43:00,8.93,8.95,8.93,8.95,26600.0,237828.0
2024-01-12 09:44:00,8.93,8.96,8.93,8.93,17300.0,154712.0
2024-01-12 09:45:00,8.93,8.93,8.92,8.92,42000.0,374880.0
2024-01-12 09:46:00,8.92,8.92,8.9,8.91,105500.0,940088.0
2024-01-12 09:47:00,8.91,8.92,8.91,8.92,28400.0,253297.0
2024-01-12 09:48:00,8.92,8.93,8.91,8.92,24400.0,217682.0
2024-01-12 09:49:00,8.92,8.94,8.92,8.93,24400.0,217856.0
2024-01-12 09:50:00,8.93,8.93,8.92,8.92,29900.0,267000.0
2024-01-12 09:51:00,8.92,8.92,8.91,8.91,64900.0,578536.0
2024-01-12 09:52:00,8.91,8.93,8.91,8.93,12000.0,107010.0
2024-01-12 09:53:00,8.92,8.94,8.92,8.94,16000.0,142959.0
2024-01-12 09:54:00,8.94,8.94,8.93,8.94,17100.0,152822.0
2024-01-12 09:55:00,8.94,8.95,8.94,8.95,30600.0,273650.0
2024-01-12 09:56:00,8.94,8.95,8.94,8.95,21600.0,193279.0
2024-01-12 09:57:00,8.94,8.95,8.93,8.94,26000.0,232429.0
2024-01-12 09:58:00,8.94,8.95,8.94,8.94,12600.0,112666.0
2024-01-12 09:59:00,8.93,8.94,8.93,8.94,10700.0,95616.0
2024-01-12 10:00:00,8.94,8.95,8.93,8.93,8000.0,71505.0
2024-01-12 10:01:00,8.93,8.94,8.92,8.92,32800.0,292874.0
2024-01-12 10:02:00,8.92,8.93,8.92,8.93,16300.0,145554.0
2024-01-12 10:03:00,8.93,8.94,8.93,8.94,10300.0,92020.0
2024-01-12 10:04:00,8.94,8.94,8.93,8.94,23200.0,207365.0
2024-01-12 10:05:00,8.94,8.97,8.94,8.97,76900.0,688783.0
2024-01-12 10:06:00,8.98,8.98,8.97,8.97,17100.0,153452.0
2024-01-12 10:07:00,8.97,8.97,8.96,8.97,26000.0,233148.0
2024-01-12 10:08:00,8.97,8.98,8.97,8.97,15900.0,142675.0
2024-01-12 10:09:00,8.98,8.98,8.96,8.97,13500.0,121119.0
2024-01-12 10:10:00,8.97,8.99,8.97,8.99,16800.0,150855.0
2024-01-12 10:11:00,8.98,8.99,8.98,8.98,8800.0,79026.0
2024-01-12 10:12:00,8.98,9.0,8.98,9.0,18200.0,163592.0
2024-01-12 10:13:00,9.0,9.0,8.98,8.99,59000.0,530635.0
2024-01-12 10:14:00,8.98,9.0,8.98,8.99,11100.0,99748.0
2024-01-12 10:15:00,8.99,9.01,8.99,9.0,28400.0,255524.0
2024-01-12 10:16:00,9.0,9.0,8.99,9.0,15300.0,137695.0
2024-01-12 10:17:00,9.0,9.01,9.0,9.0,7400.0,66608.0
2024-01-12 10:18:00,9.0,9.01,8.99,9.01,61100.0,549927.0
2024-01-12 10:19:00,9.01,9.01,9.0,9.0,15500.0,139510.0
2024-01-12 10:20:00,9.0,9.0,9.0,9.0,27000.0,243000.0
2024-01-12 10:21:00,9.0,9.0,8.99,8.99,18900.0,170098.0
2024-01-12 10:22:00,8.99,9.0,8.99,8.99,14800.0,133053.0
2024-01-12 10:23:00,9.0,9.01,8.99,9.01,31800.0,286144.0
2024-01-12 10:24:00,9.0,9.0,9.0,9.0,4200.0,37800.0
2024-01-12 10:25:00,9.0,9.01,8.99,8.99,4900.0,44109.0
2024-01-12 10:26:00,9.0,9.0,8.99,8.99,4300.0,38688.0
2024-01-12 10:27:00,8.99,9.0,8.98,8.98,25800.0,231940.0
2024-01-12 10:28:00,8.98,8.98,8.98,8.98,7100.0,63758.0
2024-01-12 10:29:00,8.98,8.99,8.98,8.98,50900.0,457308.0
2024-01-12 10:30:00,8.98,8.99,8.97,8.99,20000.0,179595.0
2024-01-12 10:31:00,8.99,9.0,8.98,8.99,32700.0,293998.0
2024-01-12 10:32:00,8.99,9.0,8.99,8.99,16100.0,144767.0
2024-01-12 10:33:00,8.98,8.98,8.98,8.98,3700.0,33226.0
2024-01-12 10:34:00,8.98,8.98,8.98,8.98,5800.0,52084.0
2024-01-12 10:35:00,8.98,8.99,8.97,8.97,18700.0,167935.0
2024-01-12 10:36:00,8.97,8.98,8.97,8.98,17600.0,157875.0
2024-01-12 10:37:00,8.97,8.97,8.96,8.96,26800.0,240229.0
2024-01-12 10:38:00,8.96,8.96,8.96,8.96,23000.0,206080.0
2024-01-12 10:39:00,8.95,8.97,8.95,8.97,4700.0,42124.0
2024-01-12 10:40:00,8.96,8.97,8.96,8.97,33700.0,301957.0
2024-01-12 10:41:00,8.96,8.97,8.96,8.97,1300.0,11652.0
2024-01-12 10:42:00,8.97,8.97,8.95,8.95,40800.0,365491.0
2024-01-12 10:43:00,8.96,8.96,8.96,8.96,1100.0,9856.0
2024-01-12 10:44:00,8.96,8.96,8.95,8.96,2800.0,25081.0
2024-01-12 10:45:00,8.96,8.97,8.95,8.96,23900.0,214104.0
2024-01-12 10:46:00,8.95,8.96,8.95,8.96,2000.0,17911.0
2024-01-12 10:47:00,8.96,8.96,8.95,8.96,8600.0,77035.0
2024-01-12 10:48:00,8.95,8.97,8.95,8.96,4400.0,39417.0
2024-01-12 10:49:00,8.95,8.96,8.95,8.95,700.0,6270.0
2024-01-12 10:50:00,8.95,8.96,8.95,8.96,9300.0,83247.0
2024-01-12 10:51:00,8.95,8.96,8.95,8.96,2300.0,20595.0
2024-01-12 10:52:00,8.95,8.96,8.95,8.95,3300.0,29536.0
2024-01-12 10:53:00,8.96,8.96,8.95,8.96,8000.0,71659.0
2024-01-12 10:54:00,8.95,8.95,8.95,8.95,700.0,6265.0
2024-01-12 10:55:00,8.94,8.96,8.94,8.96,66000.0,590804.0
2024-01-12 10:56:00,8.95,8.96,8.95,8.95,4200.0,37603.0
2024-01-12 10:57:00,8.95,8.95,8.95,8.95,9600.0,85920.0
2024-01-12 10:58:00,8.95,8.97,8.94,8.94,5900.0,52809.0
2024-01-12 10:59:00,8.95,8.96,8.95,8.96,3900.0,34913.0
2024-01-12 11:00:00,8.95,8.96,8.95,8.95,12500.0,111882.0
2024-01-12 11:01:00,8.94,8.95,8.94,8.95,10400.0,92995.0
2024-01-12 11:02:00,8.94,8.94,8.94,8.94,5500.0,49174.0
2024-01-12 11:03:00,8.94,8.95,8.94,8.94,3100.0,27717.0
2024-01-12 11:04:00,8.94,8.94,8.93,8.94,44100.0,394190.0
2024-01-12 11:05:00,8.93,8.93,8.93,8.93,23100.0,206283.0
2024-01-12 11:06:00,8.93,8.94,8.93,8.93,16500.0,147422.0
2024-01-12 11:07:00,8.93,8.93,8.93,8.93,17200.0,153596.0
2024-01-12 11:08:00,8.93,8.93,8.92,8.93,25800.0,230374.0
2024-01-12 11:09:00,8.93,8.93,8.93,8.93,10400.0,92872.0
2024-01-12 11:10:00,8.93,8.94,8.93,8.94,5100.0,45544.0
2024-01-12 11:11:00,8.94,8.94,8.93,8.93,4700.0,41973.0
2024-01-12 11:12:00,8.94,8.94,8.92,8.92,38400.0,342842.0
2024-01-12 11:13:00,8.93,8.93,8.92,8.92,35000.0,312201.0
2024-01-12 11:14:00,8.92,8.92,8.92,8.92,0.0,0.0
2024-01-12 11:15:00,8.92,8.93,8.92,8.92,9400.0,83855.0
2024-01-12 11:16:00,8.93,8.94,8.93,8.93,23700.0,211751.0
2024-01-12 11:17:00,8.92,8.93,8.92,8.92,5000.0,44603.0
2024-01-12 11:18:00,8.92,8.92,8.92,8.92,2600.0,23192.0
2024-01-12 11:19:00,8.92,8.92,8.91,8.91,14700.0,131047.0
2024-01-12 11:20:00,8.91,8.92,8.91,8.92,13800.0,123053.0
2024-01-12 11:21:00,8.92,8.92,8.92,8.92,39100.0,348762.0
2024-01-12 11:22:00,8.91,8.92,8.91,8.91,88500.0,788658.0
2024-01-12 11:23:00,8.9,8.91,8.9,8.9,18700.0,166433.0
2024-01-12 11:24:00,8.9,8.91,8.9,8.91,10200.0,90855.0
2024-01-12 11:25:00,8.91,8.91,8.9,8.91,6500.0,57879.0
2024-01-12 11:26:00,8.91,8.91,8.9,8.9,16700.0,148760.0
2024-01-12 11:27:00,8.9,8.91,8.9,8.9,15500.0,137955.0
2024-01-12 11:28:00,8.9,8.91,8.9,8.9,300.0,2671.0
2024-01-12 11:29:00,8.91,8.91,8.9,8.9,149600.0,1331269.0
2024-01-12 11:30:00,8.88,8.9,8.88,8.88,38400.0,341253.0
2024-01-12 13:01:00,8.89,8.9,8.88,8.88,57500.0,511050.0
2024-01-12 13:02:00,8.88,8.88,8.88,8.88,32000.0,284157.0
2024-01-12 13:03:00,8.88,8.88,8.87,8.88,23800.0,211330.0
2024-01-12 13:04:00,8.88,8.88,8.87,8.88,5900.0,52376.0
2024-01-12 13:05:00,8.88,8.88,8.87,8.88,4500.0,39931.0
2024-01-12 13:06:00,8.87,8.88,8.87,8.88,2000.0,17746.0
2024-01-12 13:07:00,8.88,8.88,8.87,8.88,17700.0,157168.0
2024-01-12 13:08:00,8.88,8.88,8.87,8.88,29400.0,261022.0
2024-01-12 13:09:00,8.88,8.88,8.87,8.87,10400.0,92348.0
2024-01-12 13:10:00,8.88,8.88,8.87,8.88,6200.0,55008.0
2024-01-12 13:11:00,8.87,8.89,8.87,8.89,33600.0,298324.0
2024-01-12 13:12:00,8.89,8.89,8.88,8.89,3000.0,26669.0
2024-01-12 13:13:00,8.89,8.89,8.87,8.87,24700.0,219350.0
2024-01-12 13:14:00,8.88,8.88,8.87,8.87,3400.0,30190.0
2024-01-12 13:15:00,8.88,8.88,8.87,8.87,8700.0,77219.0
2024-01-12 13:16:00,8.87,8.88,8.87,8.88,2800.0,24847.0
2024-01-12 13:17:00,8.88,8.89,8.88,8.89,43000.0,381852.0
2024-01-12 13:18:00,8.89,8.9,8.89,8.89,8400.0,74690.0
2024-01-12 13:19:00,8.89,8.89,8.88,8.88,400.0,3553.0
2024-01-12 13:20:00,8.89,8.89,8.88,8.88,26800.0,237956.0
2024-01-12 13:21:00,8.87,8.88,8.87,8.88,9500.0,84291.0
2024-01-12 13:22:00,8.87,8.88,8.87,8.88,31800.0,282069.0
2024-01-12 13:23:00,8.87,8.88,8.87,8.87,64700.0,573890.0
2024-01-12 13:24:00,8.87,8.87,8.86,8.87,33000.0,292708.0
2024-01-12 13:25:00,8.86,8.86,8.86,8.86,700.0,6202.0
2024-01-12 13:26:00,8.87,8.87,8.87,8.87,9500.0,84265.0
2024-01-12 13:27:00,8.87,8.87,8.86,8.86,27600.0,244599.0
2024-01-12 13:28:00,8.87,8.88,8.87,8.88,51200.0,454226.0
2024-01-12 13:29:00,8.88,8.88,8.87,8.88,12300.0,109159.0
2024-01-12 13:30:00,8.88,8.88,8.88,8.88,30500.0,270840.0
2024-01-12 13:31:00,8.87,8.87,8.87,8.87,7400.0,65638.0
2024-01-12 13:32:00,8.87,8.88,8.87,8.87,12300.0,109201.0
2024-01-12 13:33:00,8.87,8.88,8.87,8.88,2400.0,21306.0
2024-01-12 13:34:00,8.87,8.88,8.87,8.87,3600.0,31935.0
2024-01-12 13:35:00,8.88,8.88,8.87,8.87,12900.0,114544.0
2024-01-12 13:36:00,8.87,8.88,8.87,8.87,4300.0,38151.0
2024-01-12 13:37:00,8.87,8.87,8.86,8.86,47000.0,416881.0
2024-01-12 13:38:00,8.87,8.87,8.86,8.87,2700.0,23947.0
2024-01-12 13:39:00,8.87,8.87,8.86,8.86,2500.0,22151.0
2024-01-12 13:40:00,8.86,8.87,8.86,8.87,13300.0,117968.0
2024-01-12 13:41:00,8.87,8.87,8.86,8.86,2600.0,23041.0
2024-01-12 13:42:00,8.86,8.86,8.86,8.86,5000.0,44300.0
2024-01-12 13:43:00,8.86,8.86,8.85,8.85,93300.0,826498.0
2024-01-12 13:44:00,8.85,8.86,8.85,8.85,30700.0,271705.0
2024-01-12 13:45:00,8.85,8.85,8.85,8.85,13000.0,115050.0
2024-01-12 13:46:00,8.85,8.85,8.84,8.84,20200.0,178731.0
2024-01-12 13:47:00,8.84,8.84,8.84,8.84,11100.0,98124.0
2024-01-12 13:48:00,8.85,8.85,8.84,8.84,3200.0,28303.0
2024-01-12 13:49:00,8.84,8.84,8.84,8.84,4800.0,42433.0
2024-01-12 13:50:00,8.84,8.85,8.84,8.85,4800.0,42436.0
2024-01-12 13:51:00,8.84,8.84,8.83,8.84,71100.0,628502.0
2024-01-12 13:52:00,8.83,8.84,8.83,8.83,9200.0,81247.0
2024-01-12 13:53:00,8.83,8.84,8.83,8.83,58000.0,512231.0
2024-01-12 13:54:00,8.84,8.85,8.84,8.85,96800.0,855718.0
2024-01-12 13:55:00,8.84,8.85,8.84,8.85,11600.0,102590.0
2024-01-12 13:56:00,8.85,8.85,8.84,8.85,3600.0,31843.0
2024-01-12 13:57:00,8.85,8.85,8.84,8.85,39500.0,349515.0
2024-01-12 13:58:00,8.85,8.85,8.84,8.85,2600.0,23008.0
2024-01-12 13:59:00,8.85,8.85,8.85,8.85,8400.0,74340.0
2024-01-12 14:00:00,8.85,8.85,8.84,8.85,32400.0,286669.0
2024-01-12 14:01:00,8.85,8.86,8.85,8.85,8900.0,78771.0
2024-01-12 14:02:00,8.85,8.85,8.84,8.85,43500.0,384593.0
2024-01-12 14:03:00,8.84,8.84,8.83,8.83,45100.0,398616.0
2024-01-12 14:04:00,8.83,8.84,8.83,8.83,58200.0,513945.0
2024-01-12 14:05:00,8.83,8.85,8.82,8.85,35300.0,312000.0
2024-01-12 14:06:00,8.85,8.85,8.85,8.85,11600.0,102660.0
2024-01-12 14:07:00,8.85,8.85,8.84,8.85,1700.0,15044.0
2024-01-12 14:08:00,8.85,8.85,8.84,8.84,3700.0,32744.0
2024-01-12 14:09:00,8.84,8.86,8.84,8.86,17300.0,153070.0
2024-01-12 14:10:00,8.86,8.87,8.86,8.87,10800.0,95700.0
2024-01-12 14:11:00,8.87,8.87,8.86,8.87,10800.0,95784.0
2024-01-12 14:12:00,8.86,8.86,8.85,8.86,12200.0,108086.0
2024-01-12 14:13:00,8.85,8.85,8.85,8.85,300.0,2655.0
2024-01-12 14:14:00,8.86,8.86,8.85,8.86,28300.0,250701.0
2024-01-12 14:15:00,8.86,8.87,8.86,8.87,1500.0,13301.0
2024-01-12 14:16:00,8.87,8.87,8.87,8.87,300.0,2661.0
2024-01-12 14:17:00,8.87,8.87,8.86,8.86,18400.0,163026.0
2024-01-12 14:18:00,8.87,8.87,8.85,8.85,20000.0,177197.0
2024-01-12 14:19:00,8.85,8.86,8.85,8.86,17700.0,156751.0
2024-01-12 14:20:00,8.86,8.86,8.86,8.86,24800.0,219753.0
2024-01-12 14:21:00,8.86,8.87,8.86,8.87,6200.0,54960.0
2024-01-12 14:22:00,8.87,8.89,8.87,8.89,32900.0,292056.0
2024-01-12 14:23:00,8.88,8.88,8.87,8.88,31200.0,277103.0
2024-01-12 14:24:00,8.88,8.88,8.87,8.88,15900.0,141088.0
2024-01-12 14:25:00,8.88,8.88,8.87,8.87,17100.0,151734.0
2024-01-12 14:26:00,8.87,8.87,8.86,8.87,19300.0,171184.0
2024-01-12 14:27:00,8.87,8.87,8.86,8.87,27100.0,240371.0
2024-01-12 14:28:00,8.86,8.87,8.86,8.87,2400.0,21287.0
2024-01-12 14:29:00,8.87,8.87,8.86,8.87,9100.0,80710.0
2024-01-12 14:30:00,8.87,8.87,8.86,8.86,19300.0,171180.0
2024-01-12 14:31:00,8.86,8.86,8.86,8.86,10600.0,93916.0
2024-01-12 14:32:00,8.86,8.87,8.86,8.87,11400.0,101105.0
2024-01-12 14:33:00,8.86,8.87,8.86,8.86,9900.0,87775.0
2024-01-12 14:34:00,8.86,8.87,8.86,8.86,20800.0,184428.0
2024-01-12 14:35:00,8.87,8.87,8.86,8.87,8900.0,78926.0
2024-01-12 14:36:00,8.85,8.86,8.85,8.86,30100.0,266675.0
2024-01-12 14:37:00,8.85,8.86,8.85,8.86,6600.0,58467.0
2024-01-12 14:38:00,8.86,8.86,8.85,8.85,18700.0,165580.0
2024-01-12 14:39:00,8.85,8.86,8.85,8.86,10200.0,90348.0
2024-01-12 14:40:00,8.86,8.86,8.85,8.85,6600.0,58417.0
2024-01-12 14:41:00,8.85,8.86,8.85,8.86,21300.0,188593.0
2024-01-12 14:42:00,8.85,8.86,8.85,8.86,5400.0,47821.0
2024-01-12 14:43:00,8.86,8.86,8.85,8.85,18200.0,161232.0
2024-01-12 14:44:00,8.86,8.86,8.85,8.85,12600.0,111522.0
2024-01-12 14:45:00,8.85,8.86,8.85,8.85,6400.0,56644.0
2024-01-12 14:46:00,8.86,8.86,8.85,8.85,31100.0,275261.0
2024-01-12 14:47:00,8.85,8.85,8.85,8.85,7300.0,64605.0
2024-01-12 14:48:00,8.85,8.86,8.85,8.85,25300.0,223927.0
2024-01-12 14:49:00,8.85,8.85,8.84,8.85,5000.0,44228.0
2024-01-12 14:50:00,8.84,8.85,8.84,8.84,11100.0,98194.0
2024-01-12 14:51:00,8.85,8.85,8.84,8.84,7100.0,62780.0
2024-01-12 14:52:00,8.84,8.85,8.84,8.84,10700.0,94671.0
2024-01-12 14:53:00,8.84,8.85,8.84,8.84,4000.0,35361.0
2024-01-12 14:54:00,8.84,8.85,8.84,8.85,11300.0,99943.0
2024-01-12 14:55:00,8.85,8.85,8.84,8.85,26000.0,229994.0
2024-01-12 14:56:00,8.85,8.85,8.84,8.84,32000.0,283043.0
2024-01-12 14:57:00,8.84,8.85,8.84,8.85,35000.0,309465.0
2024-01-12 14:58:00,8.85,8.85,8.85,8.85,100.0,885.0
2024-01-12 14:59:00,8.85,8.85,8.85,8.85,0.0,0.0
2024-01-12 15:00:00,8.84,8.84,8.84,8.84,11600.0,102544.0
