trade_time,open,high,low,close,vol,amount
2024-01-02 09:31:00,37.98,37.98,37.77,37.82,21000.0,794917.0
2024-01-02 09:32:00,37.82,37.86,37.78,37.84,16100.0,608807.0
2024-01-02 09:33:00,37.86,37.86,37.74,37.75,6000.0,227012.0
2024-01-02 09:34:00,37.79,37.84,37.79,37.82,3400.0,128607.0
2024-01-02 09:35:00,37.83,37.83,37.77,37.79,7500.0,283411.0
2024-01-02 09:36:00,37.77,37.77,37.64,37.64,4400.0,165918.0
2024-01-02 09:37:00,37.68,37.73,37.6,37.68,3900.0,146929.0
2024-01-02 09:38:00,37.69,37.69,37.65,37.65,2000.0,75351.0
2024-01-02 09:39:00,37.71,37.72,37.64,37.69,8400.0,316495.0
2024-01-02 09:40:00,37.66,37.75,37.66,37.7,5500.0,207338.0
2024-01-02 09:41:00,37.7,37.8,37.7,37.8,3900.0,147254.0
2024-01-02 09:42:00,37.84,37.85,37.75,37.83,7700.0,290925.0
2024-01-02 09:43:00,37.77,37.77,37.74,37.74,3000.0,113270.0
2024-01-02 09:44:00,37.73,37.74,37.7,37.71,2100.0,79240.0
2024-01-02 09:45:00,37.71,37.82,37.71,37.81,1800.0,68017.0
2024-01-02 09:46:00,37.82,37.84,37.77,37.8,6600.0,249505.0
2024-01-02 09:47:00,37.77,37.77,37.74,37.77,2900.0,109529.0
2024-01-02 09:48:00,37.74,37.74,37.71,37.72,2900.0,109427.0
2024-01-02 09:49:00,37.71,37.8,37.71,37.79,13100.0,494145.0
2024-01-02 09:50:00,37.75,37.79,37.74,37.79,1300.0,49084.0
2024-01-02 09:51:00,37.75,37.77,37.72,37.75,2000.0,75508.0
2024-01-02 09:52:00,37.78,37.86,37.78,37.83,3800.0,143720.0
2024-01-02 09:53:00,37.87,37.88,37.83,37.87,2200.0,83299.0
2024-01-02 09:54:00,37.87,37.87,37.79,37.82,5800.0,219533.0
2024-01-02 09:55:00,37.79,37.81,37.79,37.8,4700.0,177645.0
2024-01-02 09:56:00,37.78,37.78,37.77,37.78,3400.0,128452.0
2024-01-02 09:57:00,37.8,37.81,37.79,37.81,2200.0,83172.0
2024-01-02 09:58:00,37.82,37.84,37.77,37.84,5900.0,223027.0
2024-01-02 09:59:00,37.86,37.88,37.82,37.84,9300.0,352094.0
2024-01-02 10:00:00,37.83,37.9,37.83,37.9,11200.0,424222.0
2024-01-02 10:01:00,37.89,37.96,37.89,37.96,5800.0,219963.0
2024-01-02 10:02:00,37.94,37.98,37.91,37.91,7600.0,288512.0
2024-01-02 10:03:00,37.89,37.94,37.88,37.88,3700.0,140234.0
2024-01-02 10:04:00,37.88,37.92,37.88,37.91,3700.0,140259.0
2024-01-02 10:05:00,37.91,37.97,37.91,37.97,5100.0,193539.0
2024-01-02 10:06:00,37.97,38.06,37.97,38.02,12800.0,486544.0
2024-01-02 10:07:00,38.02,38.02,37.97,38.0,7500.0,284980.0
2024-01-02 10:08:00,38.0,38.02,37.99,38.0,3900.0,148209.0
2024-01-02 10:09:00,38.02,38.02,38.0,38.02,1600.0,60828.0
2024-01-02 10:10:00,38.02,38.02,37.94,37.98,15500.0,588781.0
2024-01-02 10:11:00,37.98,37.98,37.95,37.97,4300.0,163246.0
2024-01-02 10:12:00,37.97,37.97,37.94,37.95,1100.0,41754.0
2024-01-02 10:13:00,37.95,37.97,37.95,37.95,1700.0,64541.0
2024-01-02 10:14:00,37.97,37.97,37.95,37.97,900.0,34169.0
2024-01-02 10:15:00,38.01,38.02,37.99,37.99,10100.0,383893.0
2024-01-02 10:16:00,37.99,37.99,37.98,37.98,1600.0,60775.0
2024-01-02 10:17:00,38.01,38.08,38.01,38.08,10700.0,406887.0
2024-01-02 10:18:00,38.02,38.04,38.02,38.04,1900.0,72250.0
2024-01-02 10:19:00,38.02,38.02,37.95,38.0,2600.0,98793.0
2024-01-02 10:20:00,38.01,38.05,38.01,38.04,3500.0,133138.0
2024-01-02 10:21:00,38.08,38.09,38.05,38.06,8300.0,315955.0
2024-01-02 10:22:00,38.03,38.05,38.03,38.04,1800.0,68465.0
2024-01-02 10:23:00,38.01,38.05,38.01,38.05,4000.0,152126.0
2024-01-02 10:24:00,38.03,38.03,38.0,38.0,1400.0,53236.0
2024-01-02 10:25:00,38.03,38.08,38.03,38.06,2800.0,106545.0
2024-01-02 10:26:00,38.07,38.09,38.05,38.05,4900.0,186562.0
2024-01-02 10:27:00,38.09,38.09,38.05,38.05,1700.0,64725.0
2024-01-02 10:28:00,38.05,38.1,38.05,38.1,2300.0,87577.0
2024-01-02 10:29:00,38.07,38.1,38.07,38.07,1400.0,53322.0
2024-01-02 10:30:00,38.04,38.05,37.98,37.98,5000.0,190184.0
2024-01-02 10:31:00,37.98,38.02,37.98,38.0,2000.0,75988.0
2024-01-02 10:32:00,38.0,38.1,38.0,38.1,5500.0,209378.0
2024-01-02 10:33:00,38.1,38.1,38.01,38.07,4500.0,171399.0
2024-01-02 10:34:00,38.06,38.06,38.04,38.04,1200.0,45652.0
2024-01-02 10:35:00,38.04,38.04,38.04,38.04,1200.0,45648.0
2024-01-02 10:36:00,38.04,38.04,38.04,38.04,800.0,30432.0
2024-01-02 10:37:00,38.05,38.08,38.04,38.08,3400.0,129378.0
2024-01-02 10:38:00,38.07,38.07,38.03,38.06,2200.0,83747.0
2024-01-02 10:39:00,38.03,38.03,38.02,38.02,1900.0,72251.0
2024-01-02 10:40:00,38.02,38.02,38.01,38.02,1200.0,45623.0
2024-01-02 10:41:00,38.01,38.01,37.99,38.0,2900.0,110209.0
2024-01-02 10:42:00,38.02,38.04,38.02,38.04,3000.0,114039.0
2024-01-02 10:43:00,38.04,38.05,38.04,38.05,2800.0,106502.0
2024-01-02 10:44:00,38.05,38.05,38.04,38.04,2700.0,102735.0
2024-01-02 10:45:00,38.03,38.04,38.03,38.04,200.0,7607.0
2024-01-02 10:46:00,38.06,38.14,38.06,38.12,13300.0,506743.0
2024-01-02 10:47:00,38.11,38.11,38.08,38.08,300.0,11429.0
2024-01-02 10:48:00,38.09,38.11,38.09,38.1,700.0,26673.0
2024-01-02 10:49:00,38.12,38.12,38.11,38.12,1300.0,49550.0
2024-01-02 10:50:00,38.13,38.13,38.11,38.13,4100.0,156330.0
2024-01-02 10:51:00,38.11,38.11,38.08,38.08,2500.0,95250.0
2024-01-02 10:52:00,38.06,38.09,38.06,38.09,300.0,11421.0
2024-01-02 10:53:00,38.08,38.08,38.08,38.08,200.0,7616.0
2024-01-02 10:54:00,38.08,38.08,38.07,38.07,3100.0,118047.0
2024-01-02 10:55:00,38.09,38.09,38.08,38.08,300.0,11425.0
2024-01-02 10:56:00,38.07,38.07,38.06,38.07,2500.0,95179.0
2024-01-02 10:57:00,38.04,38.06,37.99,38.06,7300.0,277715.0
2024-01-02 10:58:00,38.02,38.04,38.02,38.02,700.0,26620.0
2024-01-02 10:59:00,38.02,38.02,38.02,38.02,1600.0,60844.0
2024-01-02 11:00:00,38.02,38.09,38.02,38.09,2900.0,110391.0
2024-01-02 11:01:00,38.08,38.09,38.08,38.09,5500.0,209458.0
2024-01-02 11:02:00,38.08,38.08,38.07,38.07,1200.0,45695.0
2024-01-02 11:03:00,38.1,38.12,38.1,38.12,3000.0,114305.0
2024-01-02 11:04:00,38.11,38.12,38.11,38.12,1000.0,38113.0
2024-01-02 11:05:00,38.11,38.12,38.1,38.1,3500.0,133390.0
2024-01-02 11:06:00,38.1,38.13,38.1,38.13,1200.0,45735.0
2024-01-02 11:07:00,38.13,38.14,38.12,38.12,2000.0,76260.0
2024-01-02 11:08:00,38.13,38.13,38.13,38.13,700.0,26691.0
2024-01-02 11:09:00,38.14,38.16,38.14,38.15,5200.0,198381.0
2024-01-02 11:10:00,38.15,38.16,38.15,38.15,700.0,26708.0
2024-01-02 11:11:00,38.15,38.17,38.14,38.14,4500.0,171723.0
2024-01-02 11:12:00,38.12,38.12,38.12,38.12,1000.0,38121.0
2024-01-02 11:13:00,38.12,38.13,38.12,38.13,400.0,15249.0
2024-01-02 11:14:00,38.14,38.14,38.13,38.13,600.0,22880.0
2024-01-02 11:15:00,38.14,38.15,38.13,38.13,700.0,26696.0
2024-01-02 11:16:00,38.15,38.17,38.14,38.17,1200.0,45790.0
2024-01-02 11:17:00,38.16,38.17,38.16,38.16,700.0,26714.0
2024-01-02 11:18:00,38.16,38.17,38.16,38.16,1300.0,49614.0
2024-01-02 11:19:00,38.16,38.18,38.16,38.17,5000.0,190847.0
2024-01-02 11:20:00,38.17,38.23,38.17,38.18,12000.0,458360.0
2024-01-02 11:21:00,38.16,38.16,38.15,38.16,600.0,22895.0
2024-01-02 11:22:00,38.15,38.17,38.11,38.11,3000.0,114421.0
2024-01-02 11:23:00,38.12,38.12,38.12,38.12,400.0,15248.0
2024-01-02 11:24:00,38.1,38.1,38.08,38.08,5800.0,220976.0
2024-01-02 11:25:00,38.08,38.12,38.08,38.12,1600.0,60960.0
2024-01-02 11:26:00,38.12,38.12,38.11,38.11,2400.0,91483.0
2024-01-02 11:27:00,38.11,38.11,38.11,38.11,300.0,11433.0
2024-01-02 11:28:00,38.11,38.11,38.11,38.11,0.0,0.0
2024-01-02 11:29:00,38.1,38.11,38.1,38.11,500.0,19053.0
2024-01-02 11:30:00,38.1,38.1,38.08,38.08,5700.0,217146.0
2024-01-02 13:01:00,38.07,38.08,38.03,38.03,6700.0,254683.765625
2024-01-02 13:02:00,38.03,38.08,38.03,38.08,5900.0,224370.0
2024-01-02 13:03:00,38.08,38.08,38.07,38.07,2900.0,110458.0
2024-01-02 13:04:00,38.1,38.1,38.07,38.09,1900.0,72374.0
2024-01-02 13:05:00,38.09,38.1,38.09,38.09,1500.0,57138.0
2024-01-02 13:06:00,38.1,38.13,38.1,38.13,25200.0,960283.0
2024-01-02 13:07:00,38.13,38.13,38.12,38.12,700.0,26687.0
2024-01-02 13:08:00,38.12,38.12,38.12,38.12,500.0,19060.0
2024-01-02 13:09:00,38.11,38.12,38.11,38.12,500.0,19059.0
2024-01-02 13:10:00,38.13,38.14,38.11,38.11,1200.0,45761.0
2024-01-02 13:11:00,38.09,38.09,38.04,38.04,5200.0,198086.0
2024-01-02 13:12:00,38.07,38.08,38.04,38.04,600.0,22839.0
2024-01-02 13:13:00,38.04,38.07,38.04,38.04,2700.0,102736.0
2024-01-02 13:14:00,38.07,38.08,38.04,38.05,3000.0,114167.0
2024-01-02 13:15:00,38.05,38.12,38.05,38.12,2100.0,80004.0
2024-01-02 13:16:00,38.13,38.13,38.12,38.13,2600.0,99134.0
2024-01-02 13:17:00,38.12,38.13,38.09,38.1,6700.0,255368.0
2024-01-02 13:18:00,38.09,38.09,38.09,38.09,100.0,3809.0
2024-01-02 13:19:00,38.13,38.2,38.13,38.17,2900.0,110585.0
2024-01-02 13:20:00,38.2,38.21,38.15,38.15,8200.0,313197.0
2024-01-02 13:21:00,38.17,38.17,38.14,38.14,300.0,11445.0
2024-01-02 13:22:00,38.14,38.14,38.14,38.14,1000.0,38140.0
2024-01-02 13:23:00,38.14,38.14,38.13,38.13,1100.0,41952.0
2024-01-02 13:24:00,38.13,38.13,38.05,38.05,8100.0,308683.0
2024-01-02 13:25:00,38.08,38.08,38.08,38.08,1200.0,45699.0
2024-01-02 13:26:00,38.08,38.08,38.08,38.08,800.0,30464.0
2024-01-02 13:27:00,38.09,38.19,38.09,38.18,4100.0,156410.0
2024-01-02 13:28:00,38.19,38.19,38.19,38.19,500.0,19102.0
2024-01-02 13:29:00,38.2,38.2,38.19,38.19,3600.0,137492.0
2024-01-02 13:30:00,38.18,38.2,38.18,38.2,1200.0,45820.0
2024-01-02 13:31:00,38.2,38.2,38.11,38.11,3900.0,148811.0
2024-01-02 13:32:00,38.12,38.12,38.11,38.11,300.0,11434.0
2024-01-02 13:33:00,38.11,38.18,38.1,38.18,2900.0,110618.0
2024-01-02 13:34:00,38.15,38.15,38.15,38.15,1700.0,64869.0
2024-01-02 13:35:00,38.12,38.16,38.12,38.15,500.0,19071.0
2024-01-02 13:36:00,38.14,38.19,38.14,38.17,4200.0,160306.0
2024-01-02 13:37:00,38.17,38.17,38.13,38.14,4000.0,152632.0
2024-01-02 13:38:00,38.16,38.16,38.15,38.15,700.0,26710.0
2024-01-02 13:39:00,38.16,38.18,38.16,38.18,1000.0,38172.0
2024-01-02 13:40:00,38.17,38.18,38.16,38.17,2700.0,103058.0
2024-01-02 13:41:00,38.17,38.18,38.16,38.18,500.0,19086.0
2024-01-02 13:42:00,38.18,38.19,38.18,38.18,3100.0,118376.0
2024-01-02 13:43:00,38.19,38.19,38.16,38.16,4600.0,175593.0
2024-01-02 13:44:00,38.15,38.18,38.15,38.16,800.0,30531.0
2024-01-02 13:45:00,38.16,38.16,38.15,38.15,1800.0,68685.0
2024-01-02 13:46:00,38.15,38.18,38.15,38.16,700.0,26715.0
2024-01-02 13:47:00,38.18,38.19,38.16,38.17,1400.0,53444.0
2024-01-02 13:48:00,38.17,38.19,38.17,38.19,400.0,15271.0
2024-01-02 13:49:00,38.18,38.18,38.17,38.17,1700.0,64892.0
2024-01-02 13:50:00,38.17,38.2,38.17,38.17,11900.0,454462.0
2024-01-02 13:51:00,38.2,38.2,38.15,38.16,7400.0,282598.0
2024-01-02 13:52:00,38.16,38.16,38.16,38.16,1200.0,45800.0
2024-01-02 13:53:00,38.17,38.17,38.15,38.17,3200.0,122120.0
2024-01-02 13:54:00,38.16,38.2,38.16,38.2,2000.0,76344.0
2024-01-02 13:55:00,38.2,38.23,38.16,38.23,5900.0,225439.0
2024-01-02 13:56:00,38.2,38.26,38.17,38.17,5900.0,225470.0
2024-01-02 13:57:00,38.17,38.21,38.17,38.2,1600.0,61085.0
2024-01-02 13:58:00,38.2,38.2,38.17,38.2,3000.0,114570.0
2024-01-02 13:59:00,38.2,38.2,38.17,38.17,2400.0,91635.0
2024-01-02 14:00:00,38.17,38.24,38.17,38.21,5200.0,198739.0
2024-01-02 14:01:00,38.21,38.23,38.19,38.2,1800.0,68780.0
2024-01-02 14:02:00,38.2,38.2,38.16,38.19,4400.0,168038.0
2024-01-02 14:03:00,38.16,38.21,38.16,38.21,4400.0,168016.0
2024-01-02 14:04:00,38.21,38.21,38.17,38.19,1200.0,45835.0
2024-01-02 14:05:00,38.2,38.21,38.17,38.18,1600.0,61096.0
2024-01-02 14:06:00,38.19,38.21,38.18,38.18,4300.0,164276.0
2024-01-02 14:07:00,38.18,38.19,38.16,38.17,8500.0,324523.0
2024-01-02 14:08:00,38.18,38.24,38.17,38.24,6200.0,236850.0
2024-01-02 14:09:00,38.24,38.24,38.17,38.17,7900.0,301841.0
2024-01-02 14:10:00,38.14,38.2,38.14,38.17,3800.0,145084.0
2024-01-02 14:11:00,38.17,38.22,38.17,38.21,8800.0,336188.0
2024-01-02 14:12:00,38.23,38.23,38.21,38.22,2900.0,110845.0
2024-01-02 14:13:00,38.22,38.24,38.21,38.21,1800.0,68796.0
2024-01-02 14:14:00,38.21,38.23,38.21,38.21,1100.0,42044.0
2024-01-02 14:15:00,38.22,38.25,38.21,38.21,9900.0,378426.0
2024-01-02 14:16:00,38.22,38.22,38.14,38.15,6800.0,259631.0
2024-01-02 14:17:00,38.15,38.17,38.15,38.17,2000.0,76309.0
2024-01-02 14:18:00,38.13,38.17,38.13,38.17,1300.0,49594.0
2024-01-02 14:19:00,38.14,38.17,38.12,38.12,5000.0,190762.0
2024-01-02 14:20:00,38.13,38.13,38.11,38.11,5700.0,217337.0
2024-01-02 14:21:00,38.11,38.11,38.09,38.09,2400.0,91456.0
2024-01-02 14:22:00,38.09,38.09,38.09,38.09,1200.0,45708.0
2024-01-02 14:23:00,38.08,38.09,38.01,38.01,4400.0,167397.0
2024-01-02 14:24:00,38.02,38.03,38.02,38.03,1800.0,68449.0
2024-01-02 14:25:00,38.03,38.03,38.02,38.02,1500.0,57036.0
2024-01-02 14:26:00,38.02,38.04,38.01,38.01,3200.0,121665.0
2024-01-02 14:27:00,38.02,38.02,38.01,38.01,1800.0,68428.0
2024-01-02 14:28:00,38.01,38.01,37.99,37.99,5900.0,224235.0
2024-01-02 14:29:00,38.0,38.0,37.96,38.0,1200.0,45584.0
2024-01-02 14:30:00,38.0,38.04,38.0,38.01,2200.0,83635.0
2024-01-02 14:31:00,38.02,38.08,38.02,38.06,4800.0,182668.0
2024-01-02 14:32:00,38.06,38.06,38.02,38.06,2900.0,110339.0
2024-01-02 14:33:00,38.05,38.05,38.04,38.04,300.0,11413.0
2024-01-02 14:34:00,38.04,38.04,38.04,38.04,1600.0,60864.0
2024-01-02 14:35:00,38.03,38.05,38.03,38.05,2500.0,95107.0
2024-01-02 14:36:00,38.07,38.11,38.07,38.1,4300.0,163803.0
2024-01-02 14:37:00,38.09,38.09,38.03,38.05,4400.0,167444.0
2024-01-02 14:38:00,38.04,38.05,38.01,38.01,1600.0,60839.0
2024-01-02 14:39:00,38.04,38.04,38.01,38.01,1500.0,57038.0
2024-01-02 14:40:00,38.01,38.01,38.0,38.01,4200.0,159626.0
2024-01-02 14:41:00,38.0,38.09,38.0,38.04,27600.0,1049639.0
2024-01-02 14:42:00,38.03,38.03,38.02,38.03,2900.0,110295.0
2024-01-02 14:43:00,38.05,38.06,38.03,38.03,3100.0,117956.0
2024-01-02 14:44:00,38.04,38.04,37.98,38.01,7800.0,296444.0
2024-01-02 14:45:00,38.01,38.04,38.0,38.01,3300.0,125431.0
2024-01-02 14:46:00,38.03,38.08,38.03,38.04,5500.0,209204.0
2024-01-02 14:47:00,38.04,38.09,38.02,38.07,4200.0,159829.0
2024-01-02 14:48:00,38.07,38.07,38.06,38.07,6700.0,255050.0
2024-01-02 14:49:00,38.07,38.08,38.06,38.08,3400.0,129431.0
2024-01-02 14:50:00,38.09,38.11,38.06,38.08,45900.0,1748602.0
2024-01-02 14:51:00,38.08,38.09,38.06,38.06,20800.0,792080.0
2024-01-02 14:52:00,38.06,38.09,38.03,38.09,8200.0,311986.0
2024-01-02 14:53:00,38.04,38.05,38.03,38.04,4000.0,152132.0
2024-01-02 14:54:00,38.04,38.04,38.03,38.03,4100.0,155958.0
2024-01-02 14:55:00,38.03,38.04,38.03,38.03,2100.0,79868.0
2024-01-02 14:56:00,38.03,38.04,37.98,38.03,13700.0,520896.0
2024-01-02 14:57:00,37.98,38.08,37.97,38.07,12800.0,486852.0
2024-01-02 14:58:00,38.07,38.07,38.07,38.07,0.0,0.0
2024-01-02 14:59:00,38.07,38.07,38.07,38.07,0.0,0.0
2024-01-02 15:00:00,37.98,37.98,37.98,37.98,4000.0,151920.0
2024-01-03 09:31:00,37.98,38.25,37.98,38.0,23000.0,876667.0
2024-01-03 09:32:00,38.0,38.0,37.89,37.92,10100.0,383132.0
2024-01-03 09:33:00,37.92,37.92,37.76,37.89,10600.0,401460.0
2024-01-03 09:34:00,37.87,37.91,37.84,37.91,10000.0,378860.0
2024-01-03 09:35:00,37.93,38.05,37.91,38.01,2500.0,94925.0
2024-01-03 09:36:00,38.02,38.02,37.98,37.99,3300.0,125430.0
2024-01-03 09:37:00,37.98,38.02,37.98,38.02,2500.0,95015.0
2024-01-03 09:38:00,38.08,38.08,38.07,38.07,300.0,11418.0
2024-01-03 09:39:00,38.07,38.07,37.98,37.98,7200.0,273662.0
2024-01-03 09:40:00,37.98,37.99,37.94,37.94,1900.0,72147.0
2024-01-03 09:41:00,37.96,38.08,37.95,38.08,3000.0,114084.0
2024-01-03 09:42:00,38.09,38.15,38.08,38.14,4000.0,152466.0
2024-01-03 09:43:00,38.13,38.18,38.12,38.13,8700.0,331945.0
2024-01-03 09:44:00,38.18,38.2,38.1,38.1,6400.0,244258.0
2024-01-03 09:45:00,38.09,38.09,38.02,38.03,2700.0,102742.0
2024-01-03 09:46:00,38.07,38.13,38.06,38.06,2300.0,87600.0
2024-01-03 09:47:00,38.06,38.09,38.05,38.06,1500.0,57099.0
2024-01-03 09:48:00,38.08,38.1,38.04,38.1,4000.0,152219.0
2024-01-03 09:49:00,38.08,38.08,38.0,38.03,2900.0,110262.0
2024-01-03 09:50:00,38.0,38.01,37.93,38.01,4400.0,167024.0
2024-01-03 09:51:00,38.01,38.01,37.97,37.97,1600.0,60768.0
2024-01-03 09:52:00,37.95,37.95,37.92,37.93,4000.0,151742.0
2024-01-03 09:53:00,37.92,37.92,37.9,37.92,1900.0,72024.0
2024-01-03 09:54:00,37.93,37.97,37.93,37.97,3500.0,132841.0
2024-01-03 09:55:00,37.95,37.96,37.92,37.96,1300.0,49331.0
2024-01-03 09:56:00,37.92,37.92,37.86,37.86,2400.0,90926.0
2024-01-03 09:57:00,37.86,37.88,37.84,37.88,1400.0,52994.0
2024-01-03 09:58:00,37.84,37.87,37.84,37.86,1100.0,41636.0
2024-01-03 09:59:00,37.86,37.87,37.84,37.86,1700.0,64361.0
2024-01-03 10:00:00,37.84,37.84,37.82,37.84,3500.0,132395.0
2024-01-03 10:01:00,37.84,37.88,37.84,37.86,3100.0,117353.0
2024-01-03 10:02:00,37.87,37.89,37.86,37.88,1900.0,71964.0
2024-01-03 10:03:00,37.89,37.89,37.84,37.86,4200.0,158996.0
2024-01-03 10:04:00,37.86,37.86,37.84,37.84,700.0,26494.0
2024-01-03 10:05:00,37.84,37.84,37.82,37.82,4200.0,158868.0
2024-01-03 10:06:00,37.82,37.82,37.72,37.78,3800.0,143636.0
2024-01-03 10:07:00,37.76,37.83,37.76,37.82,2800.0,105856.0
2024-01-03 10:08:00,37.8,37.8,37.77,37.77,1600.0,60452.0
2024-01-03 10:09:00,37.77,37.77,37.75,37.75,7800.0,294586.0
2024-01-03 10:10:00,37.73,37.77,37.72,37.76,3800.0,143417.0
2024-01-03 10:11:00,37.73,37.76,37.73,37.74,2100.0,79252.0
2024-01-03 10:12:00,37.75,37.8,37.75,37.8,1500.0,56642.0
2024-01-03 10:13:00,37.8,37.8,37.72,37.74,5400.0,203842.0
2024-01-03 10:14:00,37.74,37.83,37.74,37.83,2500.0,94438.0
2024-01-03 10:15:00,37.83,37.83,37.74,37.78,1700.0,64205.0
2024-01-03 10:16:00,37.77,37.78,37.74,37.78,1400.0,52870.0
2024-01-03 10:17:00,37.74,37.74,37.7,37.7,9100.0,343140.0
2024-01-03 10:18:00,37.71,37.75,37.71,37.72,900.0,33959.0
2024-01-03 10:19:00,37.72,37.75,37.7,37.74,1600.0,60350.0
2024-01-03 10:20:00,37.74,37.76,37.71,37.76,400.0,15095.0
2024-01-03 10:21:00,37.75,37.75,37.7,37.71,2900.0,109377.0
2024-01-03 10:22:00,37.69,37.7,37.69,37.7,400.0,15079.0
2024-01-03 10:23:00,37.7,37.76,37.7,37.76,8200.0,309402.0
2024-01-03 10:24:00,37.76,37.78,37.76,37.78,2400.0,90646.0
2024-01-03 10:25:00,37.77,37.77,37.71,37.71,1400.0,52862.0
2024-01-03 10:26:00,37.74,37.74,37.7,37.71,1100.0,41479.0
2024-01-03 10:27:00,37.7,37.7,37.68,37.68,1800.0,67842.0
2024-01-03 10:28:00,37.7,37.7,37.68,37.7,1200.0,45228.0
2024-01-03 10:29:00,37.7,37.72,37.7,37.72,1100.0,41469.0
2024-01-03 10:30:00,37.72,37.74,37.7,37.74,1200.0,45268.0
2024-01-03 10:31:00,37.74,37.74,37.74,37.74,900.0,33966.0
2024-01-03 10:32:00,37.74,37.75,37.74,37.75,500.0,18871.0
2024-01-03 10:33:00,37.75,37.76,37.75,37.76,1000.0,37752.0
2024-01-03 10:34:00,37.76,37.76,37.73,37.73,900.0,33971.0
2024-01-03 10:35:00,37.73,37.78,37.72,37.78,3900.0,147211.0
2024-01-03 10:36:00,37.78,37.78,37.72,37.72,1800.0,67953.0
2024-01-03 10:37:00,37.73,37.73,37.7,37.7,1800.0,67879.0
2024-01-03 10:38:00,37.7,37.7,37.67,37.67,5900.0,222326.0
2024-01-03 10:39:00,37.68,37.68,37.66,37.67,3100.0,116776.0
2024-01-03 10:40:00,37.67,37.71,37.67,37.7,1400.0,52759.0
2024-01-03 10:41:00,37.69,37.71,37.66,37.67,2100.0,79116.0
2024-01-03 10:42:00,37.66,37.68,37.66,37.68,2100.0,80155.765625
2024-01-03 10:43:00,37.69,37.69,37.68,37.69,1000.0,37688.0
2024-01-03 10:44:00,37.69,37.69,37.69,37.69,200.0,7538.0
2024-01-03 10:45:00,37.69,37.69,37.68,37.69,1000.0,37684.0
2024-01-03 10:46:00,37.69,37.74,37.68,37.74,5700.0,214961.0
2024-01-03 10:47:00,37.77,37.77,37.69,37.69,900.0,33947.0
2024-01-03 10:48:00,37.72,37.72,37.72,37.72,300.0,11316.0
2024-01-03 10:49:00,37.71,37.71,37.71,37.71,500.0,18855.0
2024-01-03 10:50:00,37.72,37.76,37.72,37.76,5100.0,192460.0
2024-01-03 10:51:00,37.76,37.76,37.73,37.75,1600.0,60396.0
2024-01-03 10:52:00,37.75,37.75,37.73,37.75,1100.0,41516.0
2024-01-03 10:53:00,37.73,37.73,37.71,37.71,400.0,15088.0
2024-01-03 10:54:00,37.71,37.72,37.71,37.71,1400.0,52796.0
2024-01-03 10:55:00,37.71,37.73,37.71,37.73,1500.0,56586.0
2024-01-03 10:56:00,37.73,37.73,37.72,37.73,700.0,26408.0
2024-01-03 10:57:00,37.71,37.73,37.69,37.7,1400.0,52785.0
2024-01-03 10:58:00,37.68,37.7,37.68,37.7,1300.0,48988.0
2024-01-03 10:59:00,37.7,37.75,37.7,37.75,3400.0,128251.0
2024-01-03 11:00:00,37.75,37.76,37.75,37.75,800.0,30201.0
2024-01-03 11:01:00,37.75,37.75,37.72,37.73,1600.0,60368.0
2024-01-03 11:02:00,37.72,37.72,37.66,37.67,4900.0,184606.0
2024-01-03 11:03:00,37.67,37.68,37.65,37.65,800.0,30131.0
2024-01-03 11:04:00,37.65,37.65,37.64,37.64,1400.0,52708.0
2024-01-03 11:05:00,37.68,37.68,37.65,37.65,1500.0,56480.0
2024-01-03 11:06:00,37.64,37.64,37.63,37.63,3500.0,131721.0
2024-01-03 11:07:00,37.63,37.64,37.6,37.6,1700.0,63943.0
2024-01-03 11:08:00,37.6,37.6,37.6,37.6,400.0,15040.0
2024-01-03 11:09:00,37.59,37.6,37.59,37.6,900.0,33835.0
2024-01-03 11:10:00,37.6,37.6,37.57,37.58,2200.0,82684.0
2024-01-03 11:11:00,37.57,37.58,37.57,37.58,700.0,26302.0
2024-01-03 11:12:00,37.56,37.56,37.54,37.56,700.0,26290.0
2024-01-03 11:13:00,37.56,37.56,37.53,37.53,900.0,33786.0
2024-01-03 11:14:00,37.54,37.55,37.53,37.55,2100.0,78820.0
2024-01-03 11:15:00,37.53,37.55,37.53,37.54,600.0,22527.0
2024-01-03 11:16:00,37.54,37.54,37.52,37.53,3400.0,127597.0
2024-01-03 11:17:00,37.54,37.59,37.54,37.59,8200.0,308066.0
2024-01-03 11:18:00,37.58,37.58,37.54,37.56,1000.0,37565.0
2024-01-03 11:19:00,37.56,37.56,37.55,37.56,1900.0,71358.0
2024-01-03 11:20:00,37.55,37.57,37.54,37.57,3100.0,116412.0
2024-01-03 11:21:00,37.57,37.58,37.57,37.57,3400.0,127761.0
2024-01-03 11:22:00,37.56,37.59,37.56,37.59,1500.0,56355.0
2024-01-03 11:23:00,37.59,37.59,37.55,37.55,2000.0,75131.0
2024-01-03 11:24:00,37.54,37.59,37.52,37.53,1700.0,63813.0
2024-01-03 11:25:00,37.53,37.59,37.53,37.59,500.0,18789.0
2024-01-03 11:26:00,37.59,37.59,37.56,37.56,500.0,18792.0
2024-01-03 11:27:00,37.59,37.59,37.59,37.59,100.0,3759.0
2024-01-03 11:28:00,37.55,37.56,37.53,37.55,2000.0,75091.0
2024-01-03 11:29:00,37.53,37.55,37.53,37.55,500.0,18771.0
2024-01-03 11:30:00,37.53,37.55,37.48,37.51,8200.0,307580.0
2024-01-03 13:01:00,37.56,37.59,37.56,37.58,8400.0,315493.0
2024-01-03 13:02:00,37.59,37.59,37.54,37.57,1500.0,56345.0
2024-01-03 13:03:00,37.58,37.59,37.55,37.58,800.0,30057.0
2024-01-03 13:04:00,37.52,37.55,37.52,37.54,500.0,18767.0
2024-01-03 13:05:00,37.54,37.55,37.52,37.55,1100.0,41283.0
2024-01-03 13:06:00,37.53,37.53,37.51,37.53,500.0,18763.0
2024-01-03 13:07:00,37.57,37.58,37.57,37.58,600.0,22547.0
2024-01-03 13:08:00,37.57,37.58,37.57,37.58,600.0,22545.0
2024-01-03 13:09:00,37.55,37.56,37.53,37.53,1200.0,45054.0
2024-01-03 13:10:00,37.54,37.56,37.53,37.56,3300.0,123868.0
2024-01-03 13:11:00,37.58,37.6,37.58,37.6,1000.0,37590.0
2024-01-03 13:12:00,37.6,37.6,37.6,37.6,1000.0,37600.0
2024-01-03 13:13:00,37.59,37.59,37.56,37.56,800.0,30061.0
2024-01-03 13:14:00,37.56,37.57,37.55,37.57,800.0,30043.0
2024-01-03 13:15:00,37.57,37.57,37.54,37.56,900.0,33803.0
2024-01-03 13:16:00,37.56,37.57,37.54,37.54,1200.0,45061.0
2024-01-03 13:17:00,37.54,37.54,37.53,37.53,500.0,18768.0
2024-01-03 13:18:00,37.52,37.57,37.52,37.57,5700.0,214054.0
2024-01-03 13:19:00,37.56,37.56,37.54,37.56,3300.0,123948.0
2024-01-03 13:20:00,37.57,37.57,37.54,37.54,300.0,11268.0
2024-01-03 13:21:00,37.57,37.57,37.54,37.56,700.0,26291.0
2024-01-03 13:22:00,37.55,37.57,37.55,37.56,400.0,15025.0
2024-01-03 13:23:00,37.55,37.57,37.54,37.54,1300.0,48809.0
2024-01-03 13:24:00,37.53,37.57,37.53,37.56,600.0,22531.0
2024-01-03 13:25:00,37.57,37.57,37.56,37.56,600.0,22540.0
2024-01-03 13:26:00,37.57,37.57,37.54,37.57,1200.0,45053.0
2024-01-03 13:27:00,37.57,37.58,37.57,37.58,1200.0,45085.0
2024-01-03 13:28:00,37.58,37.58,37.55,37.56,500.0,18781.0
2024-01-03 13:29:00,37.55,37.56,37.52,37.52,1700.0,63810.0
2024-01-03 13:30:00,37.54,37.57,37.54,37.57,600.0,22536.0
2024-01-03 13:31:00,37.52,37.53,37.5,37.53,4300.0,161327.0
2024-01-03 13:32:00,37.53,37.58,37.53,37.58,1500.0,56324.0
2024-01-03 13:33:00,37.53,37.58,37.53,37.58,300.0,11269.0
2024-01-03 13:34:00,37.57,37.58,37.57,37.58,500.0,18789.0
2024-01-03 13:35:00,37.58,37.58,37.55,37.55,500.0,18785.0
2024-01-03 13:36:00,37.58,37.62,37.58,37.6,3100.0,116553.0
2024-01-03 13:37:00,37.62,37.67,37.62,37.64,1100.0,41403.0
2024-01-03 13:38:00,37.64,37.71,37.63,37.71,1300.0,48966.0
2024-01-03 13:39:00,37.65,37.65,37.58,37.61,4400.0,165533.0
2024-01-03 13:40:00,37.6,37.62,37.56,37.57,1800.0,67633.0
2024-01-03 13:41:00,37.56,37.59,37.55,37.59,1600.0,60124.0
2024-01-03 13:42:00,37.54,37.58,37.54,37.58,400.0,15025.0
2024-01-03 13:43:00,37.54,37.58,37.54,37.56,1400.0,52566.0
2024-01-03 13:44:00,37.59,37.59,37.55,37.56,1600.0,60089.0
2024-01-03 13:45:00,37.56,37.58,37.54,37.56,1000.0,37555.0
2024-01-03 13:46:00,37.56,37.58,37.56,37.58,700.0,26294.0
2024-01-03 13:47:00,37.58,37.59,37.57,37.59,2500.0,93953.0
2024-01-03 13:48:00,37.59,37.6,37.57,37.58,3900.0,146603.0
2024-01-03 13:49:00,37.59,37.59,37.57,37.59,500.0,18792.0
2024-01-03 13:50:00,37.59,37.59,37.59,37.59,300.0,11277.0
2024-01-03 13:51:00,37.6,37.6,37.55,37.57,3800.0,142767.0
2024-01-03 13:52:00,37.57,37.57,37.55,37.55,500.0,18781.0
2024-01-03 13:53:00,37.53,37.55,37.52,37.52,500.0,18764.0
2024-01-03 13:54:00,37.55,37.55,37.53,37.54,1400.0,52560.0
2024-01-03 13:55:00,37.54,37.54,37.53,37.54,600.0,22522.0
2024-01-03 13:56:00,37.54,37.55,37.54,37.55,300.0,11263.0
2024-01-03 13:57:00,37.55,37.56,37.52,37.55,1600.0,60057.0
2024-01-03 13:58:00,37.54,37.55,37.52,37.54,1900.0,71321.0
2024-01-03 13:59:00,37.53,37.54,37.53,37.54,2000.0,75063.0
2024-01-03 14:00:00,37.55,37.58,37.55,37.58,1700.0,63864.0
2024-01-03 14:01:00,37.56,37.58,37.55,37.58,2500.0,93890.0
2024-01-03 14:02:00,37.56,37.56,37.55,37.55,900.0,33796.0
2024-01-03 14:03:00,37.57,37.61,37.57,37.61,1600.0,60134.0
2024-01-03 14:04:00,37.61,37.61,37.61,37.61,100.0,3761.0
2024-01-03 14:05:00,37.6,37.68,37.59,37.68,3600.0,135378.0
2024-01-03 14:06:00,37.65,37.66,37.64,37.64,1300.0,48939.0
2024-01-03 14:07:00,37.63,37.66,37.63,37.66,1200.0,45168.0
2024-01-03 14:08:00,37.64,37.66,37.64,37.66,600.0,22586.0
2024-01-03 14:09:00,37.66,37.66,37.66,37.66,700.0,26362.0
2024-01-03 14:10:00,37.67,37.68,37.67,37.68,2400.0,90409.0
2024-01-03 14:11:00,37.68,37.7,37.68,37.7,1900.0,71624.0
2024-01-03 14:12:00,37.73,37.73,37.7,37.7,1000.0,37710.0
2024-01-03 14:13:00,37.71,37.73,37.7,37.73,2900.0,109389.0
2024-01-03 14:14:00,37.73,37.74,37.68,37.7,5800.0,218731.0
2024-01-03 14:15:00,37.69,37.69,37.69,37.69,400.0,15076.0
2024-01-03 14:16:00,37.69,37.69,37.68,37.69,600.0,22611.0
2024-01-03 14:17:00,37.71,37.71,37.7,37.7,200.0,7541.0
2024-01-03 14:18:00,37.69,37.69,37.67,37.68,900.0,33910.0
2024-01-03 14:19:00,37.68,37.71,37.68,37.71,1500.0,56543.0
2024-01-03 14:20:00,37.71,37.73,37.71,37.73,800.0,30178.0
2024-01-03 14:21:00,37.74,37.74,37.67,37.7,5800.0,218665.0
2024-01-03 14:22:00,37.74,37.74,37.74,37.74,100.0,3774.0
2024-01-03 14:23:00,37.72,37.72,37.72,37.72,300.0,11316.0
2024-01-03 14:24:00,37.72,37.74,37.68,37.68,3400.0,128188.0
2024-01-03 14:25:00,37.66,37.71,37.59,37.63,14600.0,548408.5625
2024-01-03 14:26:00,37.67,37.71,37.67,37.71,300.0,11309.0
2024-01-03 14:27:00,37.7,37.72,37.7,37.72,1200.0,45258.0
2024-01-03 14:28:00,37.72,37.73,37.69,37.69,2800.0,105603.0
2024-01-03 14:29:00,37.69,37.71,37.69,37.71,800.0,30166.0
2024-01-03 14:30:00,37.71,37.71,37.71,37.71,0.0,0.0
2024-01-03 14:31:00,37.74,37.74,37.7,37.7,3600.0,135788.0
2024-01-03 14:32:00,37.73,37.75,37.73,37.75,2300.0,86800.0
2024-01-03 14:33:00,37.77,37.77,37.72,37.72,2100.0,79248.0
2024-01-03 14:34:00,37.72,37.75,37.71,37.71,1200.0,45263.0
2024-01-03 14:35:00,37.7,37.71,37.7,37.71,700.0,26392.0
2024-01-03 14:36:00,37.69,37.69,37.68,37.68,1400.0,52763.0
2024-01-03 14:37:00,37.68,37.68,37.63,37.66,3600.0,135593.0
2024-01-03 14:38:00,37.66,37.67,37.66,37.67,1600.0,60263.0
2024-01-03 14:39:00,37.66,37.66,37.66,37.66,1200.0,45192.0
2024-01-03 14:40:00,37.64,37.65,37.64,37.65,800.0,30115.0
2024-01-03 14:41:00,37.69,37.69,37.65,37.65,1400.0,52732.0
2024-01-03 14:42:00,37.65,37.65,37.64,37.64,1500.0,56461.0
2024-01-03 14:43:00,37.65,37.68,37.65,37.66,600.0,22599.0
2024-01-03 14:44:00,37.67,37.69,37.66,37.66,6800.0,256127.0
2024-01-03 14:45:00,37.66,37.69,37.66,37.69,400.0,15068.0
2024-01-03 14:46:00,37.69,37.7,37.67,37.67,3800.0,143231.0
2024-01-03 14:47:00,37.67,37.68,37.66,37.68,2900.0,109222.0
2024-01-03 14:48:00,37.68,37.68,37.66,37.66,600.0,22603.0
2024-01-03 14:49:00,37.66,37.7,37.66,37.7,700.0,26383.0
2024-01-03 14:50:00,37.7,37.71,37.68,37.71,2700.0,101770.0
2024-01-03 14:51:00,37.71,37.72,37.69,37.69,3400.0,128203.0
2024-01-03 14:52:00,37.71,37.71,37.69,37.69,900.0,33930.0
2024-01-03 14:53:00,37.7,37.7,37.66,37.7,900.0,33914.0
2024-01-03 14:54:00,37.7,37.7,37.68,37.68,400.0,15076.0
2024-01-03 14:55:00,37.68,37.68,37.66,37.66,1600.0,60271.0
2024-01-03 14:56:00,37.66,37.7,37.66,37.7,2100.0,79120.0
2024-01-03 14:57:00,37.65,37.7,37.65,37.65,2300.0,86610.0
2024-01-03 14:58:00,37.65,37.65,37.65,37.65,0.0,0.0
2024-01-03 14:59:00,37.65,37.65,37.65,37.65,0.0,0.0
2024-01-03 15:00:00,37.69,37.69,37.69,37.69,6800.0,254633.640625
2024-01-04 09:31:00,37.77,37.78,37.32,37.37,16100.0,603831.0
2024-01-04 09:32:00,37.37,37.39,37.3,37.31,11400.0,425497.0
2024-01-04 09:33:00,37.31,37.31,37.22,37.22,10600.0,395231.0
2024-01-04 09:34:00,37.22,37.36,37.21,37.21,15900.0,592283.0
2024-01-04 09:35:00,37.21,37.23,37.18,37.18,8500.0,316249.0
2024-01-04 09:36:00,37.18,37.34,37.18,37.33,14200.0,529092.0
2024-01-04 09:37:00,37.34,37.42,37.34,37.39,6700.0,250531.0
2024-01-04 09:38:00,37.39,37.39,37.31,37.32,7700.0,287546.0
2024-01-04 09:39:00,37.34,37.34,37.32,37.33,4400.0,164222.0
2024-01-04 09:40:00,37.33,37.33,37.25,37.3,5600.0,208896.0
2024-01-04 09:41:00,37.31,37.37,37.25,37.25,7900.0,294925.0
2024-01-04 09:42:00,37.26,37.26,37.21,37.21,5100.0,189892.0
2024-01-04 09:43:00,37.22,37.29,37.22,37.29,6400.0,238494.0
2024-01-04 09:44:00,37.33,37.35,37.32,37.32,1700.0,63456.0
2024-01-04 09:45:00,37.32,37.32,37.25,37.3,6000.0,223802.0
2024-01-04 09:46:00,37.3,37.35,37.3,37.3,5700.0,212731.0
2024-01-04 09:47:00,37.28,37.28,37.24,37.24,2000.0,74502.0
2024-01-04 09:48:00,37.21,37.24,37.2,37.22,3800.0,141416.0
2024-01-04 09:49:00,37.23,37.28,37.22,37.28,2100.0,78238.0
2024-01-04 09:50:00,37.27,37.28,37.27,37.28,700.0,26094.0
2024-01-04 09:51:00,37.27,37.35,37.27,37.35,4800.0,179119.0
2024-01-04 09:52:00,37.36,37.39,37.36,37.36,2100.0,78480.0
2024-01-04 09:53:00,37.36,37.41,37.36,37.36,1700.0,63557.0
2024-01-04 09:54:00,37.44,37.45,37.41,37.45,2000.0,74874.0
2024-01-04 09:55:00,37.47,37.47,37.37,37.46,1700.0,63641.0
2024-01-04 09:56:00,37.46,37.47,37.39,37.39,1400.0,52415.0
2024-01-04 09:57:00,37.39,37.45,37.37,37.37,1400.0,52344.0
2024-01-04 09:58:00,37.39,37.39,37.39,37.39,2600.0,97198.0
2024-01-04 09:59:00,37.39,37.39,37.34,37.35,3200.0,119563.0
2024-01-04 10:00:00,37.33,37.38,37.33,37.36,1900.0,70983.0
2024-01-04 10:01:00,37.33,37.33,37.33,37.33,200.0,7466.0
2024-01-04 10:02:00,37.33,37.36,37.33,37.36,1300.0,48556.0
2024-01-04 10:03:00,37.36,37.36,37.3,37.3,2200.0,82143.0
2024-01-04 10:04:00,37.34,37.38,37.3,37.38,1900.0,70937.0
2024-01-04 10:05:00,37.38,37.38,37.37,37.38,900.0,33639.0
2024-01-04 10:06:00,37.36,37.45,37.36,37.43,4900.0,183220.0
2024-01-04 10:07:00,37.38,37.43,37.38,37.38,900.0,33661.0
2024-01-04 10:08:00,37.42,37.42,37.31,37.35,1600.0,59822.0
2024-01-04 10:09:00,37.33,37.41,37.33,37.37,3700.0,138372.0
2024-01-04 10:10:00,37.39,37.4,37.36,37.36,500.0,18687.0
2024-01-04 10:11:00,37.38,37.38,37.32,37.32,1400.0,52300.0
2024-01-04 10:12:00,37.37,37.37,37.3,37.3,3500.0,130638.0
2024-01-04 10:13:00,37.29,37.42,37.29,37.41,4100.0,153092.0
2024-01-04 10:14:00,37.41,37.41,37.31,37.31,6000.0,223871.0
2024-01-04 10:15:00,37.32,37.38,37.32,37.38,3000.0,111976.0
2024-01-04 10:16:00,37.38,37.39,37.38,37.39,800.0,29911.0
2024-01-04 10:17:00,37.36,37.38,37.35,37.38,1800.0,67265.0
2024-01-04 10:18:00,37.35,37.35,37.35,37.35,500.0,18670.0
2024-01-04 10:19:00,37.33,37.34,37.32,37.34,3200.0,119452.0
2024-01-04 10:20:00,37.36,37.36,37.33,37.34,2500.0,93358.0
2024-01-04 10:21:00,37.35,37.35,37.31,37.31,1900.0,70922.0
2024-01-04 10:22:00,37.31,37.35,37.28,37.34,5300.0,197805.0
2024-01-04 10:23:00,37.34,37.34,37.32,37.32,2200.0,82132.0
2024-01-04 10:24:00,37.34,37.34,37.31,37.31,1900.0,70921.0
2024-01-04 10:25:00,37.31,37.31,37.3,37.3,1900.0,70877.0
2024-01-04 10:26:00,37.29,37.3,37.28,37.3,1800.0,67126.0
2024-01-04 10:27:00,37.24,37.27,37.22,37.22,2000.0,74476.0
2024-01-04 10:28:00,37.23,37.23,37.21,37.21,1200.0,44672.0
2024-01-04 10:29:00,37.24,37.25,37.24,37.25,2200.0,81918.0
2024-01-04 10:30:00,37.26,37.35,37.26,37.35,11800.0,440405.0
2024-01-04 10:31:00,37.35,37.35,37.35,37.35,100.0,3735.0
2024-01-04 10:32:00,37.32,37.34,37.32,37.34,1300.0,48536.0
2024-01-04 10:33:00,37.34,37.34,37.32,37.34,800.0,29866.0
2024-01-04 10:34:00,37.31,37.34,37.31,37.34,1400.0,52238.0
2024-01-04 10:35:00,37.34,37.37,37.32,37.37,1100.0,41082.0
2024-01-04 10:36:00,37.36,37.36,37.31,37.31,500.0,18665.0
2024-01-04 10:37:00,37.32,37.34,37.32,37.34,1000.0,37330.0
2024-01-04 10:38:00,37.34,37.34,37.31,37.31,300.0,11199.0
2024-01-04 10:39:00,37.34,37.36,37.34,37.36,2000.0,74705.0
2024-01-04 10:40:00,37.36,37.36,37.33,37.33,800.0,29877.0
2024-01-04 10:41:00,37.33,37.33,37.29,37.32,2400.0,89546.0
2024-01-04 10:42:00,37.33,37.33,37.27,37.29,1900.0,70856.0
2024-01-04 10:43:00,37.32,37.32,37.27,37.3,1100.0,41028.0
2024-01-04 10:44:00,37.31,37.32,37.31,37.32,500.0,18656.0
2024-01-04 10:45:00,37.31,37.31,37.29,37.3,600.0,22382.0
2024-01-04 10:46:00,37.31,37.32,37.31,37.32,900.0,33583.0
2024-01-04 10:47:00,37.32,37.34,37.32,37.33,3400.0,126917.0
2024-01-04 10:48:00,37.36,37.41,37.35,37.41,1700.0,63517.0
2024-01-04 10:49:00,37.32,37.32,37.32,37.32,100.0,3732.0
2024-01-04 10:50:00,37.34,37.37,37.33,37.37,1300.0,48547.0
2024-01-04 10:51:00,37.33,37.33,37.33,37.33,500.0,18665.0
2024-01-04 10:52:00,37.32,37.32,37.23,37.28,3400.0,126767.0
2024-01-04 10:53:00,37.28,37.33,37.28,37.33,1300.0,48469.0
2024-01-04 10:54:00,37.29,37.32,37.29,37.32,900.0,33585.0
2024-01-04 10:55:00,37.33,37.34,37.28,37.28,1500.0,55963.0
2024-01-04 10:56:00,37.32,37.32,37.32,37.32,800.0,29856.0
2024-01-04 10:57:00,37.28,37.31,37.28,37.31,200.0,7459.0
2024-01-04 10:58:00,37.32,37.32,37.29,37.3,1600.0,59699.0
2024-01-04 10:59:00,37.31,37.32,37.3,37.32,900.0,33578.0
2024-01-04 11:00:00,37.32,37.32,37.29,37.29,400.0,14919.0
2024-01-04 11:01:00,37.3,37.3,37.3,37.3,1500.0,55950.0
2024-01-04 11:02:00,37.32,37.33,37.32,37.32,1600.0,59719.0
2024-01-04 11:03:00,37.32,37.34,37.32,37.32,1400.0,52263.0
2024-01-04 11:04:00,37.31,37.34,37.31,37.34,1200.0,44797.0
2024-01-04 11:05:00,37.35,37.41,37.35,37.41,2200.0,82218.0
2024-01-04 11:06:00,37.4,37.4,37.39,37.39,700.0,26179.0
2024-01-04 11:07:00,37.39,37.41,37.39,37.41,2000.0,74791.0
2024-01-04 11:08:00,37.4,37.43,37.36,37.36,1800.0,67299.0
2024-01-04 11:09:00,37.35,37.37,37.3,37.37,1500.0,56016.0
2024-01-04 11:10:00,37.38,37.41,37.38,37.38,800.0,29912.0
2024-01-04 11:11:00,37.35,37.36,37.35,37.36,1200.0,44805.0
2024-01-04 11:12:00,37.37,37.38,37.34,37.34,1900.0,70973.0
2024-01-04 11:13:00,37.31,37.31,37.31,37.31,2100.0,78368.0
2024-01-04 11:14:00,37.31,37.35,37.28,37.28,4800.0,179153.0
2024-01-04 11:15:00,37.3,37.35,37.3,37.34,1000.0,37331.0
2024-01-04 11:16:00,37.31,37.31,37.31,37.31,100.0,3731.0
2024-01-04 11:17:00,37.31,37.31,37.29,37.29,600.0,22382.0
2024-01-04 11:18:00,37.29,37.32,37.29,37.32,400.0,14923.0
2024-01-04 11:19:00,37.31,37.31,37.28,37.28,1700.0,63381.0
2024-01-04 11:20:00,37.28,37.29,37.27,37.28,1000.0,37280.0
2024-01-04 11:21:00,37.29,37.32,37.29,37.32,1200.0,44762.0
2024-01-04 11:22:00,37.31,37.31,37.3,37.3,1600.0,59687.0
2024-01-04 11:23:00,37.32,37.32,37.28,37.28,1300.0,48471.0
2024-01-04 11:24:00,37.27,37.28,37.27,37.28,1000.0,37276.0
2024-01-04 11:25:00,37.26,37.28,37.25,37.28,2300.0,85703.0
2024-01-04 11:26:00,37.28,37.35,37.28,37.35,500.0,18657.0
2024-01-04 11:27:00,37.27,37.27,37.23,37.27,11300.0,421123.0
2024-01-04 11:28:00,37.28,37.31,37.27,37.31,1200.0,44741.0
2024-01-04 11:29:00,37.28,37.31,37.28,37.29,900.0,33566.0
2024-01-04 11:30:00,37.31,37.35,37.31,37.35,1800.0,67205.0
2024-01-04 13:01:00,37.38,37.38,37.32,37.32,800.0,29866.0
2024-01-04 13:02:00,37.28,37.28,37.27,37.28,1200.0,44731.0
2024-01-04 13:03:00,37.27,37.27,37.25,37.25,1200.0,44711.0
2024-01-04 13:04:00,37.25,37.25,37.25,37.25,1800.0,67050.0
2024-01-04 13:05:00,37.25,37.25,37.23,37.23,2800.0,104270.0
2024-01-04 13:06:00,37.24,37.24,37.24,37.24,200.0,7447.0
2024-01-04 13:07:00,37.23,37.23,37.22,37.22,700.0,26060.0
2024-01-04 13:08:00,37.23,37.23,37.18,37.18,11300.0,420451.0
2024-01-04 13:09:00,37.18,37.19,37.17,37.17,4000.0,148718.0
2024-01-04 13:10:00,37.16,37.17,37.16,37.16,600.0,22298.0
2024-01-04 13:11:00,37.16,37.16,37.16,37.16,0.0,0.0
2024-01-04 13:12:00,37.16,37.16,37.16,37.16,1700.0,63172.0
2024-01-04 13:13:00,37.16,37.16,37.15,37.15,800.0,29725.0
2024-01-04 13:14:00,37.13,37.13,37.11,37.11,1800.0,66805.0
2024-01-04 13:15:00,37.1,37.12,37.1,37.11,2300.0,85348.0
2024-01-04 13:16:00,37.1,37.13,37.1,37.13,2000.0,74237.0
2024-01-04 13:17:00,37.13,37.13,37.13,37.13,1500.0,55695.0
2024-01-04 13:18:00,37.13,37.13,37.13,37.13,700.0,25991.0
2024-01-04 13:19:00,37.16,37.16,37.16,37.16,2600.0,96604.0
2024-01-04 13:20:00,37.16,37.16,37.16,37.16,0.0,0.0
2024-01-04 13:21:00,37.14,37.17,37.14,37.17,2100.0,78038.0
2024-01-04 13:22:00,37.18,37.22,37.18,37.22,700.0,26039.0
2024-01-04 13:23:00,37.18,37.18,37.15,37.15,2400.0,89203.0
2024-01-04 13:24:00,37.19,37.23,37.19,37.19,2800.0,104131.0
2024-01-04 13:25:00,37.17,37.17,37.16,37.16,1800.0,66892.0
2024-01-04 13:26:00,37.16,37.17,37.16,37.16,1900.0,70614.0
2024-01-04 13:27:00,37.16,37.17,37.15,37.15,5100.0,189524.0
2024-01-04 13:28:00,37.17,37.17,37.13,37.15,11600.0,430877.0
2024-01-04 13:29:00,37.13,37.14,37.13,37.14,1200.0,44559.0
2024-01-04 13:30:00,37.14,37.14,37.1,37.1,10400.0,385953.0
2024-01-04 13:31:00,37.08,37.12,37.08,37.12,5100.0,189122.0
2024-01-04 13:32:00,37.13,37.13,37.13,37.13,100.0,3713.0
2024-01-04 13:33:00,37.11,37.11,37.11,37.11,900.0,33399.0
2024-01-04 13:34:00,37.12,37.12,37.09,37.11,4300.0,159568.0
2024-01-04 13:35:00,37.12,37.13,37.12,37.13,600.0,22274.0
2024-01-04 13:36:00,37.12,37.17,37.12,37.14,3300.0,122608.0
2024-01-04 13:37:00,37.14,37.16,37.13,37.16,600.0,22282.0
2024-01-04 13:38:00,37.16,37.16,37.16,37.16,0.0,0.0
2024-01-04 13:39:00,37.13,37.13,37.11,37.12,1700.0,63111.0
2024-01-04 13:40:00,37.12,37.16,37.12,37.16,1500.0,55702.0
2024-01-04 13:41:00,37.15,37.16,37.15,37.15,3100.0,115179.0
2024-01-04 13:42:00,37.11,37.15,37.11,37.15,900.0,33421.0
2024-01-04 13:43:00,37.15,37.15,37.15,37.15,2400.0,89163.0
2024-01-04 13:44:00,37.15,37.15,37.15,37.15,0.0,0.0
2024-01-04 13:45:00,37.17,37.19,37.17,37.18,1900.0,70640.0
2024-01-04 13:46:00,37.18,37.18,37.15,37.15,1700.0,63195.0
2024-01-04 13:47:00,37.15,37.16,37.13,37.16,1800.0,66868.0
2024-01-04 13:48:00,37.17,37.17,37.17,37.17,900.0,33453.0
2024-01-04 13:49:00,37.18,37.18,37.18,37.18,100.0,3718.0
2024-01-04 13:50:00,37.17,37.18,37.16,37.17,2900.0,107798.0
2024-01-04 13:51:00,37.16,37.16,37.16,37.16,2100.0,78036.0
2024-01-04 13:52:00,37.16,37.16,37.16,37.16,0.0,0.0
2024-01-04 13:53:00,37.16,37.16,37.16,37.16,600.0,22296.0
2024-01-04 13:54:00,37.16,37.17,37.16,37.17,2000.0,74326.0
2024-01-04 13:55:00,37.17,37.17,37.16,37.16,400.0,14867.0
2024-01-04 13:56:00,37.15,37.15,37.13,37.13,600.0,22282.0
2024-01-04 13:57:00,37.14,37.14,37.14,37.14,200.0,7428.0
2024-01-04 13:58:00,37.14,37.14,37.13,37.13,2100.0,77976.0
2024-01-04 13:59:00,37.11,37.11,37.1,37.11,1200.0,44523.0
2024-01-04 14:00:00,37.1,37.12,37.1,37.12,1500.0,55663.0
2024-01-04 14:01:00,37.1,37.1,37.1,37.1,200.0,7421.0
2024-01-04 14:02:00,37.1,37.1,37.08,37.08,2000.0,74182.0
2024-01-04 14:03:00,37.08,37.08,37.04,37.04,2700.0,100080.0
2024-01-04 14:04:00,37.03,37.04,37.03,37.04,1600.0,59262.0
2024-01-04 14:05:00,37.04,37.05,37.03,37.05,1200.0,44440.0
2024-01-04 14:06:00,37.03,37.09,37.03,37.08,2100.0,77819.0
2024-01-04 14:07:00,37.09,37.12,37.09,37.11,1200.0,44524.0
2024-01-04 14:08:00,37.12,37.14,37.12,37.13,1600.0,59417.0
2024-01-04 14:09:00,37.13,37.13,37.13,37.13,0.0,0.0
2024-01-04 14:10:00,37.16,37.18,37.16,37.18,700.0,26024.0
2024-01-04 14:11:00,37.18,37.21,37.18,37.2,2700.0,100439.0
2024-01-04 14:12:00,37.2,37.24,37.2,37.24,300.0,11168.0
2024-01-04 14:13:00,37.23,37.23,37.18,37.18,1400.0,52122.0
2024-01-04 14:14:00,37.2,37.21,37.18,37.18,1500.0,55790.0
2024-01-04 14:15:00,37.21,37.21,37.17,37.17,400.0,14874.0
2024-01-04 14:16:00,37.17,37.17,37.17,37.17,0.0,0.0
2024-01-04 14:17:00,37.17,37.17,37.17,37.17,0.0,0.0
2024-01-04 14:18:00,37.14,37.14,37.14,37.14,100.0,3714.0
2024-01-04 14:19:00,37.14,37.14,37.14,37.14,1000.0,37140.0
2024-01-04 14:20:00,37.16,37.19,37.16,37.19,1000.0,37173.0
2024-01-04 14:21:00,37.17,37.19,37.17,37.19,3200.0,118978.0
2024-01-04 14:22:00,37.2,37.2,37.2,37.2,700.0,26040.0
2024-01-04 14:23:00,37.2,37.22,37.2,37.21,1000.0,37212.0
2024-01-04 14:24:00,37.22,37.23,37.22,37.23,500.0,18614.0
2024-01-04 14:25:00,37.21,37.23,37.21,37.23,2000.0,74441.0
2024-01-04 14:26:00,37.24,37.24,37.2,37.2,1500.0,55819.0
2024-01-04 14:27:00,37.22,37.23,37.22,37.23,300.0,11168.0
2024-01-04 14:28:00,37.23,37.23,37.23,37.23,800.0,29784.0
2024-01-04 14:29:00,37.22,37.24,37.22,37.23,2000.0,74466.0
2024-01-04 14:30:00,37.24,37.24,37.23,37.23,500.0,18619.0
2024-01-04 14:31:00,37.23,37.23,37.2,37.2,5000.0,186072.0
2024-01-04 14:32:00,37.19,37.2,37.19,37.2,800.0,29753.0
2024-01-04 14:33:00,37.21,37.23,37.2,37.23,1800.0,66975.0
2024-01-04 14:34:00,37.22,37.24,37.22,37.24,1500.0,55842.0
2024-01-04 14:35:00,37.24,37.26,37.24,37.26,1000.0,37254.0
2024-01-04 14:36:00,37.25,37.27,37.25,37.26,2600.0,96872.0
2024-01-04 14:37:00,37.28,37.29,37.27,37.29,900.0,33552.0
2024-01-04 14:38:00,37.31,37.33,37.31,37.32,3100.0,115660.0
2024-01-04 14:39:00,37.33,37.37,37.33,37.37,2600.0,97071.0
2024-01-04 14:40:00,37.37,37.37,37.33,37.33,1300.0,48550.0
2024-01-04 14:41:00,37.33,37.35,37.29,37.29,9000.0,335974.0
2024-01-04 14:42:00,37.31,37.33,37.31,37.33,1800.0,67161.0
2024-01-04 14:43:00,37.34,37.35,37.33,37.35,1800.0,67213.0
2024-01-04 14:44:00,37.34,37.35,37.32,37.32,700.0,26129.0
2024-01-04 14:45:00,37.32,37.32,37.31,37.31,2200.0,82097.0
2024-01-04 14:46:00,37.32,37.32,37.32,37.32,500.0,18660.0
2024-01-04 14:47:00,37.32,37.33,37.32,37.33,1200.0,44785.0
2024-01-04 14:48:00,37.32,37.32,37.3,37.31,1100.0,41044.0
2024-01-04 14:49:00,37.3,37.31,37.3,37.31,800.0,29843.0
2024-01-04 14:50:00,37.32,37.33,37.27,37.29,1000.0,37305.0
2024-01-04 14:51:00,37.3,37.3,37.29,37.29,700.0,26106.0
2024-01-04 14:52:00,37.33,37.33,37.3,37.3,2200.0,82094.0
2024-01-04 14:53:00,37.3,37.3,37.29,37.3,1800.0,67128.0
2024-01-04 14:54:00,37.3,37.3,37.26,37.26,4900.0,182594.0
2024-01-04 14:55:00,37.29,37.3,37.29,37.3,400.0,14918.0
2024-01-04 14:56:00,37.28,37.3,37.26,37.26,800.0,29827.0
2024-01-04 14:57:00,37.3,37.3,37.26,37.3,1200.0,44741.0
2024-01-04 14:58:00,37.3,37.3,37.3,37.3,0.0,0.0
2024-01-04 14:59:00,37.3,37.3,37.3,37.3,0.0,0.0
2024-01-04 15:00:00,37.26,37.26,37.26,37.26,3000.0,111780.0
2024-01-05 09:31:00,37.3,37.3,37.08,37.22,11100.0,412229.0
2024-01-05 09:32:00,37.16,37.16,37.05,37.05,4100.0,152217.0
2024-01-05 09:33:00,37.17,37.26,37.06,37.06,4500.0,167086.0
2024-01-05 09:34:00,37.12,37.19,37.12,37.19,8100.0,300630.0
2024-01-05 09:35:00,37.2,37.25,37.2,37.25,1800.0,67023.0
2024-01-05 09:36:00,37.28,37.34,37.27,37.33,3500.0,130595.0
2024-01-05 09:37:00,37.38,37.4,37.34,37.4,1700.0,63539.0
2024-01-05 09:38:00,37.42,37.43,37.41,37.41,8100.0,303107.0
2024-01-05 09:39:00,37.43,37.45,37.43,37.44,1900.0,71131.0
2024-01-05 09:40:00,37.44,37.44,37.38,37.44,2200.0,82332.0
2024-01-05 09:41:00,37.44,37.45,37.38,37.38,4400.0,164652.0
2024-01-05 09:42:00,37.43,37.43,37.27,37.27,1900.0,70971.0
2024-01-05 09:43:00,37.31,37.31,37.27,37.3,1400.0,52218.0
2024-01-05 09:44:00,37.3,37.3,37.27,37.29,1600.0,59647.0
2024-01-05 09:45:00,37.3,37.37,37.3,37.31,1600.0,59716.0
2024-01-05 09:46:00,37.37,37.4,37.32,37.32,2300.0,85966.0
2024-01-05 09:47:00,37.31,37.4,37.31,37.35,1000.0,37361.0
2024-01-05 09:48:00,37.35,37.39,37.35,37.37,2300.0,85969.0
2024-01-05 09:49:00,37.36,37.36,37.27,37.34,4100.0,153004.0
2024-01-05 09:50:00,37.34,37.4,37.34,37.38,600.0,22426.0
2024-01-05 09:51:00,37.38,37.38,37.3,37.35,1600.0,59735.0
2024-01-05 09:52:00,37.35,37.39,37.35,37.39,2600.0,97174.0
2024-01-05 09:53:00,37.38,37.38,37.29,37.29,1900.0,70937.0
2024-01-05 09:54:00,37.29,37.29,37.28,37.28,1100.0,41015.0
2024-01-05 09:55:00,37.27,37.33,37.26,37.33,4200.0,156663.0
2024-01-05 09:56:00,37.33,37.33,37.33,37.33,200.0,7466.0
2024-01-05 09:57:00,37.25,37.25,37.21,37.21,6000.0,223428.0
2024-01-05 09:58:00,37.21,37.21,37.19,37.2,700.0,26039.0
2024-01-05 09:59:00,37.21,37.25,37.21,37.25,2100.0,78171.0
2024-01-05 10:00:00,37.26,37.32,37.26,37.32,1200.0,44748.0
2024-01-05 10:01:00,37.32,37.34,37.25,37.34,1900.0,70861.0
2024-01-05 10:02:00,37.33,37.33,37.24,37.25,2300.0,85699.0
2024-01-05 10:03:00,37.25,37.25,37.2,37.25,400.0,14895.0
2024-01-05 10:04:00,37.25,37.25,37.19,37.25,1000.0,37233.0
2024-01-05 10:05:00,37.19,37.34,37.19,37.34,5200.0,193887.0
2024-01-05 10:06:00,37.35,37.35,37.26,37.26,6700.0,249910.0
2024-01-05 10:07:00,37.25,37.33,37.25,37.28,2300.0,85756.0
2024-01-05 10:08:00,37.32,37.38,37.27,37.38,2000.0,74657.0
2024-01-05 10:09:00,37.27,37.28,37.22,37.26,3900.0,145323.0
2024-01-05 10:10:00,37.26,37.26,37.21,37.21,700.0,26068.0
2024-01-05 10:11:00,37.25,37.25,37.22,37.24,3000.0,111720.0
2024-01-05 10:12:00,37.24,37.29,37.24,37.29,2900.0,108077.0
2024-01-05 10:13:00,37.3,37.39,37.29,37.29,4900.0,183030.0
2024-01-05 10:14:00,37.38,37.38,37.29,37.35,3200.0,119500.0
2024-01-05 10:15:00,37.35,37.35,37.28,37.32,2100.0,78367.0
2024-01-05 10:16:00,37.32,37.34,37.27,37.32,2700.0,100727.0
2024-01-05 10:17:00,37.33,37.33,37.26,37.26,4100.0,152851.0
2024-01-05 10:18:00,37.28,37.3,37.26,37.3,1400.0,52205.0
2024-01-05 10:19:00,37.3,37.34,37.27,37.34,1600.0,59672.0
2024-01-05 10:20:00,37.31,37.31,37.3,37.3,1800.0,67151.0
2024-01-05 10:21:00,37.3,37.31,37.2,37.28,4200.0,156492.0
2024-01-05 10:22:00,37.28,37.29,37.21,37.29,3200.0,119263.0
2024-01-05 10:23:00,37.22,37.27,37.22,37.27,4500.0,167624.0
2024-01-05 10:24:00,37.19,37.27,37.19,37.22,1400.0,52150.0
2024-01-05 10:25:00,37.21,37.27,37.2,37.27,2200.0,81909.0
2024-01-05 10:26:00,37.29,37.42,37.28,37.42,7700.0,287625.0
2024-01-05 10:27:00,37.42,37.42,37.37,37.39,2000.0,74777.0
2024-01-05 10:28:00,37.39,37.39,37.39,37.39,1300.0,48606.0
2024-01-05 10:29:00,37.39,37.39,37.26,37.26,2200.0,82164.0
2024-01-05 10:30:00,37.25,37.36,37.24,37.33,2400.0,89469.0
2024-01-05 10:31:00,37.33,37.33,37.28,37.33,1500.0,55943.0
2024-01-05 10:32:00,37.35,37.35,37.25,37.32,1800.0,67125.0
2024-01-05 10:33:00,37.32,37.32,37.32,37.32,400.0,14928.0
2024-01-05 10:34:00,37.32,37.32,37.23,37.3,1600.0,59628.0
2024-01-05 10:35:00,37.29,37.29,37.29,37.29,100.0,3729.0
2024-01-05 10:36:00,37.21,37.21,37.18,37.18,1100.0,40916.0
2024-01-05 10:37:00,37.15,37.15,37.11,37.13,3600.0,133675.0
2024-01-05 10:38:00,37.13,37.13,37.13,37.13,1200.0,44556.0
2024-01-05 10:39:00,37.14,37.21,37.14,37.19,5300.0,196937.0
2024-01-05 10:40:00,37.17,37.19,37.17,37.18,600.0,22311.0
2024-01-05 10:41:00,37.19,37.19,37.19,37.19,900.0,33471.0
2024-01-05 10:42:00,37.23,37.23,37.23,37.23,800.0,29784.0
2024-01-05 10:43:00,37.19,37.19,37.18,37.18,400.0,14873.0
2024-01-05 10:44:00,37.15,37.15,37.13,37.14,900.0,33426.0
2024-01-05 10:45:00,37.17,37.17,37.15,37.15,600.0,22292.0
2024-01-05 10:46:00,37.15,37.15,37.15,37.15,0.0,0.0
2024-01-05 10:47:00,37.14,37.14,37.12,37.12,400.0,14850.0
2024-01-05 10:48:00,37.11,37.11,37.1,37.11,3000.0,111323.0
2024-01-05 10:49:00,37.11,37.11,37.11,37.11,0.0,0.0
2024-01-05 10:50:00,37.1,37.1,37.08,37.09,6500.0,241142.0
2024-01-05 10:51:00,37.09,37.14,37.09,37.14,2800.0,103890.0
2024-01-05 10:52:00,37.11,37.11,37.09,37.11,1400.0,51951.0
2024-01-05 10:53:00,37.11,37.11,37.11,37.11,300.0,11133.0
2024-01-05 10:54:00,37.12,37.12,37.12,37.12,600.0,22268.0
2024-01-05 10:55:00,37.12,37.12,37.12,37.12,100.0,3712.0
2024-01-05 10:56:00,37.12,37.12,37.11,37.11,4600.0,170792.0
2024-01-05 10:57:00,37.1,37.11,37.1,37.11,1500.0,55652.0
2024-01-05 10:58:00,37.07,37.08,37.07,37.08,700.0,25951.0
2024-01-05 10:59:00,37.07,37.07,37.07,37.07,1100.0,40777.0
2024-01-05 11:00:00,37.09,37.09,37.09,37.09,2100.0,77906.0
2024-01-05 11:01:00,37.09,37.09,37.09,37.09,300.0,11127.0
2024-01-05 11:02:00,37.11,37.11,37.11,37.11,100.0,3711.0
2024-01-05 11:03:00,37.11,37.11,37.11,37.11,100.0,3711.0
2024-01-05 11:04:00,37.1,37.1,37.08,37.08,400.0,14837.0
2024-01-05 11:05:00,37.08,37.08,37.07,37.07,1200.0,44490.0
2024-01-05 11:06:00,37.08,37.08,37.08,37.08,1200.0,44496.0
2024-01-05 11:07:00,37.08,37.08,37.08,37.08,2100.0,77903.0
2024-01-05 11:08:00,37.08,37.08,37.08,37.08,500.0,18540.0
2024-01-05 11:09:00,37.07,37.07,37.07,37.07,1100.0,40777.0
2024-01-05 11:10:00,37.06,37.07,37.06,37.07,500.0,18532.0
2024-01-05 11:11:00,37.07,37.07,37.07,37.07,1200.0,44484.0
2024-01-05 11:12:00,37.06,37.06,37.02,37.02,7600.0,281519.0
2024-01-05 11:13:00,37.02,37.02,37.02,37.02,1700.0,62934.0
2024-01-05 11:14:00,37.03,37.03,37.03,37.03,1100.0,40733.0
2024-01-05 11:15:00,37.02,37.03,37.02,37.03,200.0,7405.0
2024-01-05 11:16:00,37.03,37.03,37.03,37.03,400.0,14812.0
2024-01-05 11:17:00,37.03,37.03,37.03,37.03,500.0,18515.0
2024-01-05 11:18:00,37.03,37.03,37.03,37.03,1100.0,40737.0
2024-01-05 11:19:00,37.03,37.03,37.03,37.03,2800.0,103684.0
2024-01-05 11:20:00,37.03,37.03,37.03,37.03,1900.0,70383.0
2024-01-05 11:21:00,37.04,37.05,37.03,37.03,1000.0,37035.0
2024-01-05 11:22:00,37.05,37.06,37.03,37.06,2900.0,107439.0
2024-01-05 11:23:00,37.06,37.06,37.03,37.05,600.0,22226.0
2024-01-05 11:24:00,37.05,37.05,37.05,37.05,0.0,0.0
2024-01-05 11:25:00,37.05,37.05,37.05,37.05,0.0,0.0
2024-01-05 11:26:00,37.03,37.03,37.03,37.03,100.0,3703.0
2024-01-05 11:27:00,37.05,37.05,37.05,37.05,200.0,7410.0
2024-01-05 11:28:00,37.05,37.06,37.05,37.06,800.0,29643.0
2024-01-05 11:29:00,37.05,37.05,37.05,37.05,100.0,3705.0
2024-01-05 11:30:00,37.03,37.03,37.03,37.03,100.0,3703.0
2024-01-05 13:01:00,37.04,37.04,37.01,37.02,6800.0,251760.0
2024-01-05 13:02:00,37.01,37.01,37.01,37.01,800.0,29608.0
2024-01-05 13:03:00,37.0,37.01,37.0,37.01,1200.0,44407.0
2024-01-05 13:04:00,37.0,37.0,37.0,37.0,3200.0,118400.0
2024-01-05 13:05:00,37.0,37.0,37.0,37.0,300.0,11100.0
2024-01-05 13:06:00,37.0,37.0,36.98,36.98,5200.0,192299.0
2024-01-05 13:07:00,36.97,36.97,36.97,36.97,300.0,11091.0
2024-01-05 13:08:00,36.97,37.0,36.97,37.0,1400.0,51776.0
2024-01-05 13:09:00,36.99,36.99,36.99,36.99,200.0,7398.0
2024-01-05 13:10:00,36.98,36.98,36.98,36.98,1200.0,44376.0
2024-01-05 13:11:00,36.98,36.99,36.98,36.99,1000.0,36984.0
2024-01-05 13:12:00,36.99,36.99,36.98,36.99,800.0,29589.0
2024-01-05 13:13:00,36.97,36.97,36.97,36.97,100.0,3697.0
2024-01-05 13:14:00,36.97,36.97,36.97,36.97,0.0,0.0
2024-01-05 13:15:00,36.98,36.98,36.98,36.98,300.0,11094.0
2024-01-05 13:16:00,37.0,37.0,37.0,37.0,800.0,29593.0
2024-01-05 13:17:00,37.0,37.04,37.0,37.04,1100.0,40704.0
2024-01-05 13:18:00,36.99,36.99,36.99,36.99,300.0,11097.0
2024-01-05 13:19:00,37.02,37.02,37.02,37.02,100.0,3702.0
2024-01-05 13:20:00,36.99,37.0,36.99,37.0,400.0,14797.0
2024-01-05 13:21:00,36.99,37.0,36.96,36.96,1800.0,66564.0
2024-01-05 13:22:00,36.97,36.97,36.97,36.97,900.0,33273.0
2024-01-05 13:23:00,36.97,36.97,36.97,36.97,600.0,22182.0
2024-01-05 13:24:00,36.97,36.97,36.97,36.97,300.0,11091.0
2024-01-05 13:25:00,36.97,36.97,36.97,36.97,0.0,0.0
2024-01-05 13:26:00,36.97,36.97,36.97,36.97,100.0,3697.0
2024-01-05 13:27:00,36.97,36.97,36.97,36.97,100.0,3697.0
2024-01-05 13:28:00,36.97,36.99,36.97,36.99,3800.0,140493.0
2024-01-05 13:29:00,36.99,36.99,36.99,36.99,100.0,3699.0
2024-01-05 13:30:00,37.0,37.01,37.0,37.01,4700.0,173881.0
2024-01-05 13:31:00,37.01,37.04,37.01,37.02,2300.0,85144.0
2024-01-05 13:32:00,37.01,37.03,37.01,37.03,600.0,22207.0
2024-01-05 13:33:00,37.0,37.0,37.0,37.0,4400.0,162834.0
2024-01-05 13:34:00,36.99,36.99,36.99,36.99,200.0,7398.0
2024-01-05 13:35:00,37.0,37.0,36.99,36.99,1100.0,40693.0
2024-01-05 13:36:00,36.99,37.0,36.98,37.0,1000.0,36992.0
2024-01-05 13:37:00,37.0,37.08,37.0,37.01,6300.0,233262.0
2024-01-05 13:38:00,36.97,37.01,36.97,37.0,1800.0,66606.0
2024-01-05 13:39:00,37.0,37.0,36.98,36.98,500.0,18496.0
2024-01-05 13:40:00,37.0,37.0,37.0,37.0,100.0,3700.0
2024-01-05 13:41:00,36.96,36.97,36.96,36.97,5300.0,195951.0
2024-01-05 13:42:00,36.97,36.97,36.97,36.97,100.0,3697.0
2024-01-05 13:43:00,36.97,36.98,36.97,36.98,1100.0,40668.0
2024-01-05 13:44:00,36.98,36.98,36.98,36.98,400.0,14792.0
2024-01-05 13:45:00,36.97,36.97,36.97,36.97,500.0,18485.0
2024-01-05 13:46:00,36.96,36.96,36.94,36.94,3500.0,129356.0
2024-01-05 13:47:00,36.96,36.96,36.96,36.96,200.0,7392.0
2024-01-05 13:48:00,36.96,36.96,36.95,36.95,300.0,11087.0
2024-01-05 13:49:00,36.94,36.96,36.93,36.96,900.0,33247.0
2024-01-05 13:50:00,36.94,36.94,36.94,36.94,300.0,11082.0
2024-01-05 13:51:00,36.96,36.97,36.93,36.97,1200.0,44350.0
2024-01-05 13:52:00,36.97,36.97,36.96,36.96,500.0,18482.0
2024-01-05 13:53:00,36.96,36.96,36.96,36.96,100.0,3696.0
2024-01-05 13:54:00,36.94,36.94,36.92,36.92,2300.0,84932.0
2024-01-05 13:55:00,36.9,36.9,36.9,36.9,2500.0,92253.0
2024-01-05 13:56:00,36.9,36.9,36.88,36.88,2400.0,88550.0
2024-01-05 13:57:00,36.88,36.89,36.88,36.89,1400.0,51636.0
2024-01-05 13:58:00,36.88,36.89,36.87,36.87,1700.0,62698.0
2024-01-05 13:59:00,36.87,36.87,36.82,36.82,1500.0,55267.0
2024-01-05 14:00:00,36.85,36.89,36.83,36.85,3300.0,121594.0
2024-01-05 14:01:00,36.9,36.9,36.86,36.86,2500.0,92208.0
2024-01-05 14:02:00,36.91,36.91,36.86,36.86,1800.0,66379.0
2024-01-05 14:03:00,36.88,36.92,36.88,36.92,700.0,25831.0
2024-01-05 14:04:00,36.89,36.9,36.88,36.88,500.0,18445.0
2024-01-05 14:05:00,36.87,36.88,36.82,36.82,2400.0,88433.0
2024-01-05 14:06:00,36.83,36.83,36.8,36.83,2700.0,99390.0
2024-01-05 14:07:00,36.8,36.81,36.8,36.81,600.0,22082.0
2024-01-05 14:08:00,36.81,36.81,36.8,36.8,1300.0,47848.0
2024-01-05 14:09:00,36.8,36.8,36.79,36.79,800.0,29437.0
2024-01-05 14:10:00,36.79,36.81,36.72,36.74,3500.0,128634.0
2024-01-05 14:11:00,36.79,36.79,36.79,36.79,400.0,14711.0
2024-01-05 14:12:00,36.75,36.76,36.68,36.76,4800.0,176315.0
2024-01-05 14:13:00,36.7,36.75,36.68,36.68,2100.0,77067.0
2024-01-05 14:14:00,36.66,36.77,36.66,36.67,1900.0,69725.0
2024-01-05 14:15:00,36.67,36.67,36.67,36.67,1300.0,47675.0
2024-01-05 14:16:00,36.67,36.67,36.67,36.67,0.0,0.0
2024-01-05 14:17:00,36.67,36.7,36.67,36.7,1200.0,44022.0
2024-01-05 14:18:00,36.68,36.71,36.68,36.7,1500.0,55058.0
2024-01-05 14:19:00,36.69,36.69,36.6,36.62,24300.0,890373.0
2024-01-05 14:20:00,36.63,36.63,36.63,36.63,100.0,3663.0
2024-01-05 14:21:00,36.63,36.63,36.63,36.63,100.0,3663.0
2024-01-05 14:22:00,36.63,36.65,36.63,36.63,2300.0,84262.0
2024-01-05 14:23:00,36.63,36.65,36.63,36.65,700.0,25645.0
2024-01-05 14:24:00,36.66,36.66,36.63,36.63,2100.0,76960.0
2024-01-05 14:25:00,36.63,36.63,36.61,36.61,2800.0,102553.0
2024-01-05 14:26:00,36.61,36.61,36.61,36.61,100.0,3661.0
2024-01-05 14:27:00,36.61,36.62,36.6,36.62,900.0,32949.0
2024-01-05 14:28:00,36.58,36.6,36.57,36.57,4700.0,171953.0
2024-01-05 14:29:00,36.58,36.58,36.58,36.58,200.0,7316.0
2024-01-05 14:30:00,36.59,36.61,36.57,36.57,2000.0,73175.0
2024-01-05 14:31:00,36.57,36.57,36.57,36.57,100.0,3657.0
2024-01-05 14:32:00,36.57,36.57,36.56,36.57,2900.0,106041.0
2024-01-05 14:33:00,36.56,36.56,36.5,36.55,7400.0,270450.0
2024-01-05 14:34:00,36.55,36.58,36.51,36.51,3700.0,135253.0
2024-01-05 14:35:00,36.53,36.53,36.53,36.53,500.0,18265.0
2024-01-05 14:36:00,36.6,36.6,36.5,36.5,8300.0,303365.0
2024-01-05 14:37:00,36.5,36.55,36.48,36.54,4200.0,153406.0
2024-01-05 14:38:00,36.48,36.49,36.48,36.48,1600.0,58369.0
2024-01-05 14:39:00,36.48,36.48,36.47,36.48,2500.0,91197.0
2024-01-05 14:40:00,36.47,36.47,36.46,36.47,1400.0,51055.0
2024-01-05 14:41:00,36.46,36.48,36.46,36.47,600.0,21883.0
2024-01-05 14:42:00,36.46,36.46,36.46,36.46,1900.0,69275.0
2024-01-05 14:43:00,36.47,36.48,36.46,36.48,1600.0,58357.0
2024-01-05 14:44:00,36.48,36.48,36.46,36.47,900.0,32824.0
2024-01-05 14:45:00,36.45,36.48,36.45,36.48,2500.0,89773.7578125
2024-01-05 14:46:00,36.48,36.49,36.47,36.49,1600.0,58373.0
2024-01-05 14:47:00,36.46,36.54,36.46,36.52,3100.0,113182.7578125
2024-01-05 14:48:00,36.52,36.58,36.52,36.55,2200.0,80375.0
2024-01-05 14:49:00,36.56,36.58,36.5,36.58,1600.0,58492.0
2024-01-05 14:50:00,36.5,36.59,36.5,36.59,2100.0,76785.0
2024-01-05 14:51:00,36.61,36.61,36.53,36.55,2600.0,95137.0
2024-01-05 14:52:00,36.55,36.59,36.55,36.58,3300.0,120643.0
2024-01-05 14:53:00,36.58,36.66,36.57,36.57,1800.0,65894.0
2024-01-05 14:54:00,36.57,36.63,36.56,36.63,4400.0,160790.0
2024-01-05 14:55:00,36.54,36.66,36.54,36.57,2200.0,80541.0
2024-01-05 14:56:00,36.65,36.65,36.55,36.55,2100.0,76866.0
2024-01-05 14:57:00,36.55,36.56,36.55,36.56,600.0,21751.19921875
2024-01-05 14:58:00,36.56,36.56,36.56,36.56,0.0,0.0
2024-01-05 14:59:00,36.56,36.56,36.56,36.56,0.0,0.0
2024-01-05 15:00:00,36.58,36.58,36.58,36.58,1300.0,49602.48046875
2024-01-08 09:31:00,36.58,36.69,36.35,36.35,18400.0,672530.0
2024-01-08 09:32:00,36.37,36.58,36.37,36.58,4800.0,175107.0
2024-01-08 09:33:00,36.64,36.69,36.44,36.44,3400.0,124300.0
2024-01-08 09:34:00,36.45,36.57,36.45,36.48,2500.0,91220.0
2024-01-08 09:35:00,36.43,36.43,36.34,36.34,9900.0,360425.0
2024-01-08 09:36:00,36.36,36.39,36.34,36.36,7900.0,287403.0
2024-01-08 09:37:00,36.41,36.45,36.38,36.4,7500.0,272972.0
2024-01-08 09:38:00,36.39,36.42,36.38,36.38,3500.0,127377.0
2024-01-08 09:39:00,36.39,36.42,36.38,36.39,5600.0,203733.0
2024-01-08 09:40:00,36.44,36.46,36.4,36.4,6800.0,247783.0
2024-01-08 09:41:00,36.49,36.58,36.41,36.58,8000.0,291187.8125
2024-01-08 09:42:00,36.58,36.68,36.58,36.65,6900.0,252814.0
2024-01-08 09:43:00,36.64,36.67,36.59,36.59,2100.0,76908.0
2024-01-08 09:44:00,36.55,36.58,36.47,36.58,11200.0,409205.0
2024-01-08 09:45:00,36.58,36.6,36.54,36.6,2300.0,84115.0
2024-01-08 09:46:00,36.56,36.62,36.56,36.61,2300.0,84184.0
2024-01-08 09:47:00,36.58,36.65,36.58,36.65,2100.0,76933.0
2024-01-08 09:48:00,36.62,36.62,36.49,36.53,6100.0,222979.0
2024-01-08 09:49:00,36.46,36.53,36.46,36.53,1900.0,69383.0
2024-01-08 09:50:00,36.58,36.63,36.58,36.63,2800.0,102454.0
2024-01-08 09:51:00,36.63,36.63,36.53,36.6,5100.0,186622.0
2024-01-08 09:52:00,36.56,36.6,36.53,36.53,900.0,32916.0
2024-01-08 09:53:00,36.52,36.54,36.52,36.53,1200.0,43828.0
2024-01-08 09:54:00,36.48,36.52,36.46,36.49,3900.0,142242.0
2024-01-08 09:55:00,36.52,36.52,36.46,36.52,8000.0,291928.0
2024-01-08 09:56:00,36.53,36.55,36.51,36.53,1200.0,43832.0
2024-01-08 09:57:00,36.53,36.56,36.52,36.55,3000.0,109600.0
2024-01-08 09:58:00,36.56,36.6,36.56,36.6,1400.0,51196.0
2024-01-08 09:59:00,36.58,36.61,36.56,36.58,1500.0,54876.0
2024-01-08 10:00:00,36.56,36.58,36.52,36.58,900.0,32892.0
2024-01-08 10:01:00,36.52,36.6,36.52,36.58,9700.0,354782.0
2024-01-08 10:02:00,36.59,36.59,36.59,36.59,900.0,32922.0
2024-01-08 10:03:00,36.58,36.58,36.57,36.57,500.0,18289.0
2024-01-08 10:04:00,36.54,36.56,36.52,36.52,2000.0,73069.0
2024-01-08 10:05:00,36.52,36.52,36.5,36.52,2100.0,76685.0
2024-01-08 10:06:00,36.57,36.58,36.57,36.58,300.0,10970.0
2024-01-08 10:07:00,36.54,36.54,36.48,36.48,4300.0,157017.0
2024-01-08 10:08:00,36.48,36.53,36.47,36.53,3900.0,142303.0
2024-01-08 10:09:00,36.52,36.53,36.48,36.53,2900.0,105928.0
2024-01-08 10:10:00,36.46,36.47,36.41,36.47,17000.0,619707.0
2024-01-08 10:11:00,36.47,36.47,36.41,36.41,2100.0,76530.0
2024-01-08 10:12:00,36.41,36.41,36.26,36.3,23200.0,843850.1875
2024-01-08 10:13:00,36.27,36.27,36.25,36.27,3000.0,108790.0
2024-01-08 10:14:00,36.27,36.33,36.27,36.28,8500.0,308571.0
2024-01-08 10:15:00,36.3,36.3,36.3,36.3,900.0,32670.0
2024-01-08 10:16:00,36.3,36.3,36.28,36.3,1900.0,68965.0
2024-01-08 10:17:00,36.28,36.3,36.28,36.3,500.0,18146.0
2024-01-08 10:18:00,36.3,36.33,36.3,36.31,3100.0,112555.0
2024-01-08 10:19:00,36.3,36.31,36.29,36.3,2000.0,72593.0
2024-01-08 10:20:00,36.29,36.33,36.29,36.33,2800.0,101678.0
2024-01-08 10:21:00,36.33,36.4,36.31,36.35,4700.0,170861.0
2024-01-08 10:22:00,36.38,36.41,36.35,36.41,8200.0,298273.0
2024-01-08 10:23:00,36.41,36.47,36.39,36.39,2500.0,91035.0
2024-01-08 10:24:00,36.35,36.36,36.28,36.28,4400.0,159833.0
2024-01-08 10:25:00,36.28,36.29,36.2,36.24,14100.0,511408.0
2024-01-08 10:26:00,36.24,36.24,36.2,36.22,2300.0,83329.0
2024-01-08 10:27:00,36.22,36.22,36.2,36.21,5300.0,191879.0
2024-01-08 10:28:00,36.2,36.23,36.2,36.23,2500.0,90530.0
2024-01-08 10:29:00,36.22,36.22,36.22,36.22,1100.0,39842.0
2024-01-08 10:30:00,36.22,36.23,36.2,36.23,4700.0,170217.0
2024-01-08 10:31:00,36.22,36.24,36.19,36.22,10200.0,369446.0
2024-01-08 10:32:00,36.22,36.22,36.22,36.22,0.0,0.0
2024-01-08 10:33:00,36.28,36.28,36.28,36.28,2800.0,101566.0
2024-01-08 10:34:00,36.3,36.3,36.23,36.23,1200.0,43521.0
2024-01-08 10:35:00,36.23,36.23,36.23,36.23,400.0,14492.0
2024-01-08 10:36:00,36.24,36.25,36.23,36.23,1000.0,36247.0
2024-01-08 10:37:00,36.19,36.2,36.19,36.2,600.0,21715.0
2024-01-08 10:38:00,36.2,36.22,36.2,36.22,3500.0,126716.0
2024-01-08 10:39:00,36.21,36.26,36.21,36.26,500.0,18110.0
2024-01-08 10:40:00,36.21,36.21,36.16,36.16,4500.0,162829.0
2024-01-08 10:41:00,36.12,36.15,36.11,36.11,2200.0,79471.0
2024-01-08 10:42:00,36.12,36.12,36.12,36.12,300.0,10837.0
2024-01-08 10:43:00,36.15,36.16,36.11,36.11,2800.0,101195.0
2024-01-08 10:44:00,36.11,36.14,36.11,36.14,1400.0,50582.0
2024-01-08 10:45:00,36.14,36.14,36.12,36.12,600.0,21679.0
2024-01-08 10:46:00,36.1,36.11,36.09,36.11,3100.0,111925.0
2024-01-08 10:47:00,36.1,36.1,36.1,36.1,200.0,7220.0
2024-01-08 10:48:00,36.12,36.12,36.11,36.11,2800.0,101121.0
2024-01-08 10:49:00,36.12,36.12,36.12,36.12,1000.0,36120.0
2024-01-08 10:50:00,36.13,36.13,36.12,36.12,1100.0,39733.0
2024-01-08 10:51:00,36.11,36.11,36.09,36.09,5500.0,198603.0
2024-01-08 10:52:00,36.09,36.12,36.09,36.12,3700.0,133601.0
2024-01-08 10:53:00,36.12,36.12,36.11,36.12,1100.0,39731.0
2024-01-08 10:54:00,36.11,36.12,36.11,36.12,300.0,10835.0
2024-01-08 10:55:00,36.11,36.11,36.11,36.11,500.0,18055.0
2024-01-08 10:56:00,36.12,36.15,36.12,36.14,1100.0,39753.0
2024-01-08 10:57:00,36.15,36.17,36.15,36.17,1400.0,50637.0
2024-01-08 10:58:00,36.15,36.15,36.15,36.15,500.0,18075.0
2024-01-08 10:59:00,36.17,36.17,36.17,36.17,200.0,7232.0
2024-01-08 11:00:00,36.12,36.12,36.11,36.12,2500.0,90306.0
2024-01-08 11:01:00,36.12,36.12,36.12,36.12,0.0,0.0
2024-01-08 11:02:00,36.13,36.13,36.12,36.12,800.0,28901.0
2024-01-08 11:03:00,36.12,36.18,36.11,36.18,3900.0,140924.0
2024-01-08 11:04:00,36.18,36.25,36.17,36.17,1100.0,39802.0
2024-01-08 11:05:00,36.17,36.17,36.17,36.17,0.0,0.0
2024-01-08 11:06:00,36.18,36.25,36.18,36.25,400.0,14489.0
2024-01-08 11:07:00,36.25,36.25,36.19,36.19,300.0,10868.0
2024-01-08 11:08:00,36.25,36.25,36.21,36.21,300.0,10871.0
2024-01-08 11:09:00,36.34,36.34,36.22,36.24,1100.0,39871.0
2024-01-08 11:10:00,36.24,36.24,36.24,36.24,0.0,0.0
2024-01-08 11:11:00,36.3,36.3,36.26,36.26,300.0,10883.0
2024-01-08 11:12:00,36.26,36.26,36.26,36.26,200.0,7252.0
2024-01-08 11:13:00,36.29,36.31,36.25,36.31,3300.0,119773.0
2024-01-08 11:14:00,36.31,36.31,36.16,36.19,15000.0,543287.0
2024-01-08 11:15:00,36.22,36.22,36.22,36.22,200.0,7244.0
2024-01-08 11:16:00,36.22,36.22,36.22,36.22,0.0,0.0
2024-01-08 11:17:00,36.21,36.22,36.21,36.22,1800.0,65190.0
2024-01-08 11:18:00,36.27,36.28,36.26,36.28,3200.0,116094.0
2024-01-08 11:19:00,36.28,36.28,36.28,36.28,0.0,0.0
2024-01-08 11:20:00,36.38,36.38,36.22,36.27,5500.0,199413.0
2024-01-08 11:21:00,36.27,36.27,36.27,36.27,0.0,0.0
2024-01-08 11:22:00,36.33,36.34,36.23,36.23,300.0,10890.0
2024-01-08 11:23:00,36.26,36.26,36.25,36.26,1400.0,50763.0
2024-01-08 11:24:00,36.26,36.33,36.25,36.33,500.0,18144.0
2024-01-08 11:25:00,36.25,36.25,36.23,36.23,1900.0,68871.0
2024-01-08 11:26:00,36.21,36.21,36.21,36.21,500.0,18110.0
2024-01-08 11:27:00,36.24,36.24,36.22,36.22,200.0,7246.0
2024-01-08 11:28:00,36.24,36.24,36.24,36.24,500.0,18120.0
2024-01-08 11:29:00,36.24,36.24,36.24,36.24,500.0,18120.0
2024-01-08 11:30:00,36.22,36.22,36.22,36.22,900.0,32598.0
2024-01-08 13:01:00,36.21,36.31,36.21,36.31,3700.0,134066.0
2024-01-08 13:02:00,36.31,36.31,36.31,36.31,100.0,3631.0
2024-01-08 13:03:00,36.26,36.26,36.23,36.23,700.0,25369.0
2024-01-08 13:04:00,36.23,36.23,36.21,36.21,1500.0,54324.0
2024-01-08 13:05:00,36.21,36.25,36.21,36.25,2700.0,97822.0
2024-01-08 13:06:00,36.25,36.25,36.25,36.25,0.0,0.0
2024-01-08 13:07:00,36.26,36.26,36.22,36.22,1000.0,36239.0
2024-01-08 13:08:00,36.23,36.23,36.22,36.22,600.0,21734.0
2024-01-08 13:09:00,36.21,36.27,36.21,36.27,2200.0,79713.0
2024-01-08 13:10:00,36.28,36.28,36.27,36.27,500.0,18138.0
2024-01-08 13:11:00,36.27,36.27,36.27,36.27,300.0,10882.0
2024-01-08 13:12:00,36.27,36.27,36.25,36.25,400.0,14505.0
2024-01-08 13:13:00,36.25,36.25,36.21,36.21,900.0,32596.0
2024-01-08 13:14:00,36.21,36.21,36.21,36.21,800.0,28968.0
2024-01-08 13:15:00,36.21,36.21,36.2,36.2,600.0,21725.0
2024-01-08 13:16:00,36.21,36.21,36.21,36.21,100.0,3621.0
2024-01-08 13:17:00,36.21,36.21,36.18,36.18,7000.0,253351.0
2024-01-08 13:18:00,36.18,36.18,36.18,36.18,100.0,3618.0
2024-01-08 13:19:00,36.18,36.21,36.18,36.2,3000.0,108573.0
2024-01-08 13:20:00,36.18,36.18,36.18,36.18,700.0,25326.0
2024-01-08 13:21:00,36.18,36.19,36.18,36.18,1600.0,57889.0
2024-01-08 13:22:00,36.17,36.19,36.17,36.18,2900.0,104924.0
2024-01-08 13:23:00,36.18,36.18,36.17,36.17,800.0,28942.0
2024-01-08 13:24:00,36.17,36.17,36.17,36.17,600.0,21702.0
2024-01-08 13:25:00,36.17,36.17,36.17,36.17,600.0,21702.0
2024-01-08 13:26:00,36.18,36.18,36.17,36.17,300.0,10853.0
2024-01-08 13:27:00,36.18,36.18,36.17,36.18,6300.0,227933.0
2024-01-08 13:28:00,36.17,36.17,36.17,36.17,800.0,28937.0
2024-01-08 13:29:00,36.17,36.17,36.17,36.17,1400.0,50638.0
2024-01-08 13:30:00,36.17,36.19,36.17,36.19,3200.0,115783.0
2024-01-08 13:31:00,36.19,36.2,36.17,36.2,4000.0,144743.0
2024-01-08 13:32:00,36.18,36.18,36.17,36.17,700.0,25325.0
2024-01-08 13:33:00,36.17,36.18,36.17,36.18,500.0,18089.0
2024-01-08 13:34:00,36.19,36.19,36.16,36.16,2400.0,86806.0
2024-01-08 13:35:00,36.16,36.16,36.16,36.16,500.0,18080.0
2024-01-08 13:36:00,36.16,36.16,36.16,36.16,2400.0,86785.0
2024-01-08 13:37:00,36.15,36.16,36.15,36.15,1300.0,47006.0
2024-01-08 13:38:00,36.15,36.16,36.15,36.16,2600.0,93994.0
2024-01-08 13:39:00,36.16,36.16,36.16,36.16,0.0,0.0
2024-01-08 13:40:00,36.15,36.15,36.15,36.15,3000.0,108450.0
2024-01-08 13:41:00,36.14,36.14,36.14,36.14,100.0,3614.0
2024-01-08 13:42:00,36.14,36.14,36.14,36.14,400.0,14456.0
2024-01-08 13:43:00,36.14,36.15,36.14,36.14,400.0,14457.0
2024-01-08 13:44:00,36.14,36.14,36.14,36.14,700.0,25298.0
2024-01-08 13:45:00,36.13,36.13,36.13,36.13,6700.0,242110.0
2024-01-08 13:46:00,36.14,36.14,36.13,36.13,700.0,25296.0
2024-01-08 13:47:00,36.13,36.13,36.13,36.13,1000.0,36130.0
2024-01-08 13:48:00,36.13,36.15,36.13,36.15,3600.0,130093.0
2024-01-08 13:49:00,36.14,36.14,36.14,36.14,300.0,10842.0
2024-01-08 13:50:00,36.15,36.17,36.15,36.15,4800.0,173559.0
2024-01-08 13:51:00,36.16,36.16,36.15,36.15,800.0,28922.0
2024-01-08 13:52:00,36.15,36.16,36.15,36.16,2400.0,86772.0
2024-01-08 13:53:00,36.16,36.17,36.16,36.17,1600.0,57869.0
2024-01-08 13:54:00,36.15,36.15,36.11,36.11,10000.0,361411.0
2024-01-08 13:55:00,36.11,36.11,36.09,36.11,12800.0,462169.0
2024-01-08 13:56:00,36.15,36.15,36.1,36.1,1200.0,43329.0
2024-01-08 13:57:00,36.12,36.12,36.11,36.11,600.0,21668.0
2024-01-08 13:58:00,36.12,36.15,36.12,36.14,6100.0,220627.953125
2024-01-08 13:59:00,36.12,36.14,36.12,36.13,900.0,32518.0
2024-01-08 14:00:00,36.15,36.15,36.11,36.11,4000.0,144189.03125
2024-01-08 14:01:00,36.11,36.11,36.09,36.09,3000.0,108303.0
2024-01-08 14:02:00,36.09,36.1,36.09,36.09,2100.0,75794.0
2024-01-08 14:03:00,36.09,36.09,36.07,36.08,3000.0,108256.0
2024-01-08 14:04:00,36.08,36.08,36.07,36.07,2100.0,75759.0
2024-01-08 14:05:00,36.09,36.18,36.09,36.13,3300.0,119157.0
2024-01-08 14:06:00,36.13,36.19,36.13,36.19,1200.0,43404.0
2024-01-08 14:07:00,36.19,36.21,36.19,36.21,1800.0,65148.0
2024-01-08 14:08:00,36.3,36.3,36.21,36.21,600.0,21755.0
2024-01-08 14:09:00,36.21,36.24,36.2,36.24,1700.0,61576.0
2024-01-08 14:10:00,36.23,36.23,36.19,36.23,8800.0,318681.0
2024-01-08 14:11:00,36.14,36.14,36.13,36.13,2200.0,79506.0
2024-01-08 14:12:00,36.09,36.09,36.07,36.07,1200.0,43290.0
2024-01-08 14:13:00,36.06,36.07,36.06,36.07,1400.0,50492.0
2024-01-08 14:14:00,36.06,36.06,36.06,36.06,800.0,28848.0
2024-01-08 14:15:00,36.08,36.11,36.07,36.1,1900.0,68559.0
2024-01-08 14:16:00,36.09,36.09,36.06,36.09,1600.0,57715.0
2024-01-08 14:17:00,36.05,36.05,36.05,36.05,600.0,21633.0
2024-01-08 14:18:00,36.06,36.08,36.06,36.06,700.0,25250.0
2024-01-08 14:19:00,36.07,36.07,36.05,36.05,2000.0,72122.0
2024-01-08 14:20:00,36.07,36.07,36.03,36.04,3700.0,133372.0
2024-01-08 14:21:00,36.04,36.04,36.04,36.04,1300.0,46852.0
2024-01-08 14:22:00,36.04,36.05,36.04,36.05,1600.0,57673.0
2024-01-08 14:23:00,36.04,36.08,36.04,36.08,2900.0,104578.0
2024-01-08 14:24:00,36.07,36.07,36.06,36.06,600.0,21637.0
2024-01-08 14:25:00,36.05,36.07,36.05,36.06,2100.0,75725.0
2024-01-08 14:26:00,36.09,36.22,36.09,36.21,3200.0,115681.0
2024-01-08 14:27:00,36.17,36.17,36.11,36.17,500.0,18079.0
2024-01-08 14:28:00,36.14,36.16,36.11,36.11,800.0,28913.0
2024-01-08 14:29:00,36.14,36.16,36.14,36.14,2400.0,86747.0
2024-01-08 14:30:00,36.19,36.24,36.19,36.24,700.0,25350.0
2024-01-08 14:31:00,36.14,36.14,36.11,36.11,1600.0,57815.0
2024-01-08 14:32:00,36.08,36.08,36.07,36.07,1900.0,68587.0
2024-01-08 14:33:00,36.06,36.06,36.03,36.03,3100.0,111734.0
2024-01-08 14:34:00,36.03,36.03,36.03,36.03,600.0,21618.0
2024-01-08 14:35:00,36.02,36.03,36.02,36.02,2400.0,86449.0
2024-01-08 14:36:00,36.03,36.03,36.0,36.0,4000.0,144055.0
2024-01-08 14:37:00,36.0,36.0,35.98,35.98,7600.0,273584.0
2024-01-08 14:38:00,35.99,36.01,35.98,36.01,2600.0,93576.0
2024-01-08 14:39:00,36.0,36.0,35.96,35.96,3300.0,118746.0
2024-01-08 14:40:00,35.95,35.96,35.93,35.96,2400.0,84879.734375
2024-01-08 14:41:00,35.97,35.97,35.95,35.97,2000.0,71925.0
2024-01-08 14:42:00,35.97,35.97,35.97,35.97,500.0,17985.0
2024-01-08 14:43:00,35.96,35.98,35.96,35.97,2000.0,71933.0
2024-01-08 14:44:00,35.97,36.0,35.97,35.99,5100.0,183507.0
2024-01-08 14:45:00,35.99,35.99,35.97,35.99,3200.0,115130.0
2024-01-08 14:46:00,35.97,36.0,35.96,35.99,2400.0,86349.0
2024-01-08 14:47:00,36.0,36.0,35.99,35.99,1000.0,35997.0
2024-01-08 14:48:00,35.99,36.0,35.97,35.97,1800.0,64786.0
2024-01-08 14:49:00,35.97,35.98,35.96,35.98,500.0,17987.0
2024-01-08 14:50:00,35.98,35.98,35.96,35.96,200.0,7194.0
2024-01-08 14:51:00,35.96,35.99,35.96,35.99,4100.0,147494.0
2024-01-08 14:52:00,35.96,35.99,35.95,35.99,700.0,25184.0
2024-01-08 14:53:00,35.97,35.97,35.95,35.96,3800.0,136619.0
2024-01-08 14:54:00,35.95,35.95,35.94,35.94,2400.0,86263.0
2024-01-08 14:55:00,35.94,35.94,35.9,35.91,6400.0,231302.265625
2024-01-08 14:56:00,35.9,35.92,35.88,35.9,3600.0,129233.0
2024-01-08 14:57:00,35.91,35.91,35.86,35.86,10400.0,373210.0
2024-01-08 14:58:00,35.86,35.86,35.86,35.86,0.0,0.0
2024-01-08 14:59:00,35.86,35.86,35.86,35.86,0.0,0.0
2024-01-08 15:00:00,35.86,35.86,35.86,35.86,3700.0,132682.0
2024-01-09 09:31:00,36.33,36.33,35.96,36.07,16600.0,598606.0
2024-01-09 09:32:00,36.11,36.14,36.02,36.06,7200.0,259852.0
2024-01-09 09:33:00,36.13,36.15,36.08,36.13,8100.0,292538.0
2024-01-09 09:34:00,36.14,36.23,36.11,36.23,16100.0,582460.0
2024-01-09 09:35:00,36.24,36.28,36.23,36.28,3900.0,141436.0
2024-01-09 09:36:00,36.25,36.25,36.21,36.24,7400.0,268136.0
2024-01-09 09:37:00,36.21,36.21,36.17,36.17,2900.0,104956.0
2024-01-09 09:38:00,36.16,36.2,36.12,36.17,3200.0,115690.0
2024-01-09 09:39:00,36.17,36.29,36.17,36.29,6600.0,238913.0
2024-01-09 09:40:00,36.28,36.37,36.27,36.32,11700.0,424617.0
2024-01-09 09:41:00,36.3,36.33,36.25,36.33,2300.0,83501.0
2024-01-09 09:42:00,36.33,36.39,36.3,36.39,6700.0,243632.0
2024-01-09 09:43:00,36.31,36.42,36.26,36.4,3000.0,109131.0
2024-01-09 09:44:00,36.42,36.48,36.25,36.25,12200.0,443644.0
2024-01-09 09:45:00,36.25,36.27,36.23,36.24,700.0,25372.0
2024-01-09 09:46:00,36.24,36.33,36.24,36.28,4000.0,145138.0
2024-01-09 09:47:00,36.26,36.27,36.23,36.27,3100.0,112362.0
2024-01-09 09:48:00,36.28,36.36,36.28,36.36,4800.0,174344.0
2024-01-09 09:49:00,36.4,36.4,36.36,36.36,1300.0,47276.0
2024-01-09 09:50:00,36.35,36.36,36.35,36.36,2400.0,87252.0
2024-01-09 09:51:00,36.3,36.31,36.22,36.22,3100.0,112455.0
2024-01-09 09:52:00,36.21,36.23,36.2,36.2,3500.0,126707.0
2024-01-09 09:53:00,36.18,36.19,36.17,36.19,600.0,21705.0
2024-01-09 09:54:00,36.16,36.2,36.16,36.2,1900.0,68764.0
2024-01-09 09:55:00,36.22,36.22,36.15,36.18,2800.0,101319.0
2024-01-09 09:56:00,36.12,36.12,36.1,36.1,2800.0,101092.0
2024-01-09 09:57:00,36.09,36.11,36.09,36.11,2200.0,79415.0
2024-01-09 09:58:00,36.14,36.15,36.11,36.11,900.0,32520.0
2024-01-09 09:59:00,36.15,36.16,36.11,36.16,5100.0,184336.0
2024-01-09 10:00:00,36.19,36.22,36.12,36.18,1900.0,68757.0
2024-01-09 10:01:00,36.24,36.34,36.23,36.25,2500.0,90650.0
2024-01-09 10:02:00,36.32,36.32,36.3,36.31,400.0,14523.0
2024-01-09 10:03:00,36.33,36.35,36.29,36.29,5600.0,203401.0
2024-01-09 10:04:00,36.29,36.34,36.28,36.28,1000.0,36293.0
2024-01-09 10:05:00,36.34,36.34,36.34,36.34,500.0,18170.0
2024-01-09 10:06:00,36.34,36.38,36.34,36.34,3100.0,112698.0
2024-01-09 10:07:00,36.37,36.48,36.35,36.48,10700.0,389582.0
2024-01-09 10:08:00,36.5,36.5,36.42,36.42,5500.0,200478.0
2024-01-09 10:09:00,36.44,36.56,36.42,36.52,9400.0,343217.0
2024-01-09 10:10:00,36.5,36.56,36.5,36.52,2900.0,105925.0
2024-01-09 10:11:00,36.53,36.53,36.45,36.46,2900.0,105779.0
2024-01-09 10:12:00,36.5,36.53,36.5,36.5,1400.0,51106.0
2024-01-09 10:13:00,36.53,36.53,36.48,36.48,3100.0,113173.0
2024-01-09 10:14:00,36.47,36.5,36.47,36.5,1600.0,58364.0
2024-01-09 10:15:00,36.5,36.52,36.49,36.52,3000.0,109509.0
2024-01-09 10:16:00,36.52,36.53,36.5,36.52,1300.0,47478.0
2024-01-09 10:17:00,36.51,36.51,36.48,36.48,2400.0,87587.0
2024-01-09 10:18:00,36.51,36.52,36.5,36.52,900.0,32861.0
2024-01-09 10:19:00,36.55,36.57,36.53,36.57,5100.0,186378.0
2024-01-09 10:20:00,36.58,36.66,36.58,36.66,8700.0,318450.0
2024-01-09 10:21:00,36.63,36.72,36.63,36.7,9700.0,355690.0
2024-01-09 10:22:00,36.73,36.77,36.69,36.77,4600.0,168908.0
2024-01-09 10:23:00,36.77,36.77,36.75,36.75,800.0,29410.0
2024-01-09 10:24:00,36.75,36.76,36.75,36.76,900.0,33077.0
2024-01-09 10:25:00,36.76,36.89,36.76,36.88,15500.0,570719.0
2024-01-09 10:26:00,36.84,36.85,36.78,36.78,1800.0,66275.0
2024-01-09 10:27:00,36.78,36.83,36.78,36.82,900.0,33121.0
2024-01-09 10:28:00,36.81,36.81,36.74,36.74,1600.0,58831.0
2024-01-09 10:29:00,36.74,36.79,36.74,36.79,1300.0,47793.0
2024-01-09 10:30:00,36.76,36.78,36.73,36.73,1000.0,36758.0
2024-01-09 10:31:00,36.72,36.72,36.62,36.62,7100.0,260611.0
2024-01-09 10:32:00,36.65,36.7,36.64,36.64,1000.0,36657.0
2024-01-09 10:33:00,36.68,36.68,36.6,36.6,700.0,25644.0
2024-01-09 10:34:00,36.65,36.7,36.61,36.7,3500.0,128288.0
2024-01-09 10:35:00,36.69,36.7,36.69,36.7,600.0,22017.0
2024-01-09 10:36:00,36.69,36.69,36.66,36.66,1900.0,69693.0
2024-01-09 10:37:00,36.66,36.66,36.6,36.6,2100.0,76949.0
2024-01-09 10:38:00,36.6,36.6,36.6,36.6,0.0,0.0
2024-01-09 10:39:00,36.64,36.64,36.56,36.56,4300.0,157400.0
2024-01-09 10:40:00,36.6,36.6,36.59,36.59,600.0,21955.0
2024-01-09 10:41:00,36.63,36.63,36.51,36.51,2000.0,73173.0
2024-01-09 10:42:00,36.54,36.54,36.54,36.54,600.0,21922.0
2024-01-09 10:43:00,36.54,36.54,36.54,36.54,500.0,18270.0
2024-01-09 10:44:00,36.54,36.54,36.54,36.54,200.0,7308.0
2024-01-09 10:45:00,36.54,36.54,36.52,36.52,1200.0,43840.0
2024-01-09 10:46:00,36.52,36.52,36.52,36.52,0.0,0.0
2024-01-09 10:47:00,36.52,36.52,36.52,36.52,0.0,0.0
2024-01-09 10:48:00,36.52,36.53,36.51,36.51,1500.0,54786.0
2024-01-09 10:49:00,36.51,36.51,36.51,36.51,700.0,25557.0
2024-01-09 10:50:00,36.52,36.52,36.52,36.52,400.0,14608.0
2024-01-09 10:51:00,36.53,36.53,36.52,36.52,1900.0,69406.0
2024-01-09 10:52:00,36.5,36.5,36.39,36.39,3700.0,134924.0
2024-01-09 10:53:00,36.39,36.42,36.39,36.42,1600.0,58269.0
2024-01-09 10:54:00,36.41,36.43,36.41,36.43,1900.0,69199.0
2024-01-09 10:55:00,36.43,36.45,36.43,36.45,300.0,10930.0
2024-01-09 10:56:00,36.45,36.49,36.42,36.42,2100.0,76509.0
2024-01-09 10:57:00,36.43,36.46,36.43,36.46,400.0,14575.0
2024-01-09 10:58:00,36.42,36.42,36.39,36.39,3000.0,109217.0
2024-01-09 10:59:00,36.38,36.46,36.38,36.43,900.0,32783.0
2024-01-09 11:00:00,36.37,36.43,36.37,36.43,1800.0,65500.0
2024-01-09 11:01:00,36.44,36.44,36.37,36.4,800.0,29110.0
2024-01-09 11:02:00,36.37,36.37,36.35,36.35,1900.0,69088.0
2024-01-09 11:03:00,36.35,36.35,36.35,36.35,0.0,0.0
2024-01-09 11:04:00,36.34,36.34,36.34,36.34,900.0,32706.0
2024-01-09 11:05:00,36.33,36.37,36.33,36.37,1700.0,61769.0
2024-01-09 11:06:00,36.35,36.36,36.35,36.36,300.0,10907.0
2024-01-09 11:07:00,36.39,36.45,36.39,36.39,1900.0,69218.0
2024-01-09 11:08:00,36.37,36.37,36.37,36.37,500.0,18185.0
2024-01-09 11:09:00,36.34,36.35,36.32,36.33,3600.0,130788.0
2024-01-09 11:10:00,36.35,36.36,36.35,36.36,400.0,14542.0
2024-01-09 11:11:00,36.37,36.4,36.37,36.4,900.0,32751.0
2024-01-09 11:12:00,36.4,36.44,36.4,36.44,1900.0,69190.0
2024-01-09 11:13:00,36.44,36.44,36.33,36.43,2600.0,94619.0
2024-01-09 11:14:00,36.39,36.39,36.35,36.35,1000.0,36364.0
2024-01-09 11:15:00,36.35,36.35,36.35,36.35,100.0,3635.0
2024-01-09 11:16:00,36.38,36.38,36.34,36.35,2800.0,101779.0
2024-01-09 11:17:00,36.34,36.34,36.34,36.34,700.0,25438.0
2024-01-09 11:18:00,36.34,36.34,36.34,36.34,100.0,3634.0
2024-01-09 11:19:00,36.34,36.34,36.34,36.34,0.0,0.0
2024-01-09 11:20:00,36.43,36.44,36.43,36.44,1400.0,51009.0
2024-01-09 11:21:00,36.44,36.44,36.42,36.42,1000.0,36430.0
2024-01-09 11:22:00,36.37,36.39,36.37,36.37,1600.0,58208.0
2024-01-09 11:23:00,36.35,36.35,36.34,36.34,1800.0,65423.0
2024-01-09 11:24:00,36.34,36.36,36.33,36.33,800.0,29071.0
2024-01-09 11:25:00,36.33,36.33,36.33,36.33,0.0,0.0
2024-01-09 11:26:00,36.36,36.36,36.34,36.34,200.0,7270.0
2024-01-09 11:27:00,36.34,36.34,36.33,36.33,1000.0,36331.0
2024-01-09 11:28:00,36.33,36.33,36.33,36.33,300.0,10899.0
2024-01-09 11:29:00,36.33,36.33,36.33,36.33,500.0,18166.0
2024-01-09 11:30:00,36.34,36.34,36.32,36.32,1400.0,50850.0
2024-01-09 13:01:00,36.31,36.37,36.31,36.34,4800.0,174401.0
2024-01-09 13:02:00,36.34,36.34,36.34,36.34,1700.0,61778.0
2024-01-09 13:03:00,36.31,36.34,36.31,36.32,600.0,21794.0
2024-01-09 13:04:00,36.31,36.32,36.31,36.31,1100.0,39942.0
2024-01-09 13:05:00,36.31,36.34,36.31,36.34,1700.0,61756.0
2024-01-09 13:06:00,36.34,36.35,36.3,36.3,2900.0,105351.0
2024-01-09 13:07:00,36.28,36.29,36.22,36.23,3000.0,108788.0
2024-01-09 13:08:00,36.23,36.23,36.23,36.23,300.0,10869.0
2024-01-09 13:09:00,36.23,36.23,36.2,36.2,1400.0,50705.0
2024-01-09 13:10:00,36.22,36.22,36.22,36.22,500.0,18110.0
2024-01-09 13:11:00,36.2,36.2,36.2,36.2,900.0,32580.0
2024-01-09 13:12:00,36.18,36.19,36.18,36.18,400.0,14473.0
2024-01-09 13:13:00,36.18,36.2,36.16,36.18,2600.0,94041.0
2024-01-09 13:14:00,36.18,36.18,36.17,36.17,1400.0,50648.0
2024-01-09 13:15:00,36.16,36.16,36.13,36.13,1700.0,61448.0
2024-01-09 13:16:00,36.14,36.14,36.1,36.1,2700.0,97505.0
2024-01-09 13:17:00,36.1,36.11,36.1,36.1,2300.0,83035.0
2024-01-09 13:18:00,36.1,36.1,36.06,36.06,3000.0,108266.0
2024-01-09 13:19:00,36.06,36.1,36.06,36.08,1500.0,54121.0
2024-01-09 13:20:00,36.08,36.08,36.07,36.07,2100.0,75763.0
2024-01-09 13:21:00,36.06,36.06,36.01,36.01,2200.0,79268.0
2024-01-09 13:22:00,36.02,36.03,36.02,36.03,700.0,25219.0
2024-01-09 13:23:00,36.03,36.04,36.01,36.02,3200.0,115257.0
2024-01-09 13:24:00,36.01,36.01,36.0,36.0,4800.0,172819.0
2024-01-09 13:25:00,36.0,36.01,35.98,36.0,1700.0,61200.0
2024-01-09 13:26:00,36.0,36.0,36.0,36.0,400.0,14402.0
2024-01-09 13:27:00,36.01,36.03,36.01,36.03,1100.0,39623.0
2024-01-09 13:28:00,36.03,36.03,36.0,36.01,4100.0,147651.0
2024-01-09 13:29:00,36.01,36.03,36.0,36.0,1100.0,39611.0
2024-01-09 13:30:00,36.0,36.0,35.99,35.99,4400.0,158362.0
2024-01-09 13:31:00,36.02,36.03,36.02,36.03,400.0,14409.0
2024-01-09 13:32:00,36.03,36.05,36.03,36.05,2200.0,79282.0
2024-01-09 13:33:00,36.07,36.12,36.07,36.12,900.0,32476.0
2024-01-09 13:34:00,36.12,36.12,36.11,36.12,500.0,18058.0
2024-01-09 13:35:00,36.13,36.13,36.08,36.08,2300.0,82998.0
2024-01-09 13:36:00,36.13,36.2,36.13,36.18,3800.0,137413.0
2024-01-09 13:37:00,36.16,36.16,36.08,36.08,2600.0,93902.0
2024-01-09 13:38:00,36.09,36.15,36.09,36.15,1400.0,50534.0
2024-01-09 13:39:00,36.14,36.14,36.09,36.13,800.0,28888.0
2024-01-09 13:40:00,36.11,36.12,36.11,36.12,400.0,14447.0
2024-01-09 13:41:00,36.11,36.11,36.1,36.11,1000.0,36108.0
2024-01-09 13:42:00,36.12,36.13,36.11,36.12,1900.0,68631.0
2024-01-09 13:43:00,36.12,36.14,36.12,36.14,1000.0,36129.0
2024-01-09 13:44:00,36.1,36.1,36.08,36.08,1100.0,39701.0
2024-01-09 13:45:00,36.07,36.09,36.07,36.09,900.0,32467.0
2024-01-09 13:46:00,36.09,36.09,36.03,36.08,500.0,18030.0
2024-01-09 13:47:00,36.03,36.05,36.02,36.05,2200.0,79266.0
2024-01-09 13:48:00,36.04,36.06,36.04,36.06,500.0,18025.0
2024-01-09 13:49:00,36.07,36.08,36.02,36.08,600.0,21635.0
2024-01-09 13:50:00,36.08,36.08,36.08,36.08,100.0,3608.0
2024-01-09 13:51:00,36.05,36.08,36.04,36.04,1000.0,36050.0
2024-01-09 13:52:00,36.04,36.06,36.03,36.06,2700.0,97316.0
2024-01-09 13:53:00,36.04,36.04,36.04,36.04,800.0,28832.0
2024-01-09 13:54:00,35.99,36.08,35.99,36.08,7700.0,277292.0
2024-01-09 13:55:00,36.07,36.11,36.07,36.11,1700.0,61341.0
2024-01-09 13:56:00,36.11,36.14,36.08,36.14,1400.0,50563.0
2024-01-09 13:57:00,36.09,36.09,36.08,36.08,1000.0,36085.0
2024-01-09 13:58:00,36.06,36.06,36.06,36.06,700.0,25242.0
2024-01-09 13:59:00,36.06,36.06,36.06,36.06,700.0,25241.0
2024-01-09 14:00:00,36.01,36.01,36.0,36.01,800.0,28809.0
2024-01-09 14:01:00,36.03,36.05,36.01,36.01,1200.0,43237.0
2024-01-09 14:02:00,36.05,36.05,36.05,36.05,300.0,10813.0
2024-01-09 14:03:00,36.04,36.04,36.04,36.04,300.0,10812.0
2024-01-09 14:04:00,36.04,36.04,36.01,36.04,1400.0,50431.0
2024-01-09 14:05:00,36.01,36.04,36.01,36.04,500.0,18016.0
2024-01-09 14:06:00,36.02,36.02,36.02,36.02,200.0,7204.0
2024-01-09 14:07:00,36.01,36.03,36.01,36.03,400.0,14409.0
2024-01-09 14:08:00,36.01,36.03,36.0,36.01,1900.0,68419.0
2024-01-09 14:09:00,36.03,36.16,36.03,36.13,9400.0,339138.0
2024-01-09 14:10:00,36.15,36.16,36.15,36.16,3200.0,115668.0
2024-01-09 14:11:00,36.17,36.19,36.17,36.19,600.0,21710.0
2024-01-09 14:12:00,36.18,36.18,36.09,36.12,1700.0,61454.0
2024-01-09 14:13:00,36.12,36.12,36.07,36.07,4400.0,158851.0
2024-01-09 14:14:00,36.04,36.04,36.0,36.0,3100.0,111651.0
2024-01-09 14:15:00,36.0,36.01,35.98,36.01,6400.0,230399.0
2024-01-09 14:16:00,36.01,36.06,35.98,36.06,4600.0,165683.0
2024-01-09 14:17:00,36.07,36.17,36.07,36.15,1600.0,57777.0
2024-01-09 14:18:00,36.08,36.17,36.08,36.08,1100.0,39747.0
2024-01-09 14:19:00,36.08,36.18,36.08,36.18,400.0,14462.0
2024-01-09 14:20:00,36.1,36.18,36.1,36.18,1000.0,36124.0
2024-01-09 14:21:00,36.15,36.28,36.15,36.28,5800.0,209961.0
2024-01-09 14:22:00,36.23,36.29,36.21,36.29,4200.0,152214.0
2024-01-09 14:23:00,36.29,36.29,36.29,36.29,0.0,0.0
2024-01-09 14:24:00,36.24,36.24,36.2,36.22,6600.0,238937.0
2024-01-09 14:25:00,36.2,36.29,36.2,36.29,1200.0,43507.0
2024-01-09 14:26:00,36.29,36.29,36.29,36.29,0.0,0.0
2024-01-09 14:27:00,36.22,36.22,36.22,36.22,700.0,25351.0
2024-01-09 14:28:00,36.13,36.13,36.13,36.13,200.0,7226.0
2024-01-09 14:29:00,36.14,36.14,36.14,36.14,100.0,3614.0
2024-01-09 14:30:00,36.14,36.14,36.13,36.13,1300.0,46975.0
2024-01-09 14:31:00,36.24,36.24,36.23,36.23,200.0,7247.0
2024-01-09 14:32:00,36.24,36.25,36.24,36.25,600.0,21748.0
2024-01-09 14:33:00,36.26,36.26,36.25,36.25,300.0,10876.0
2024-01-09 14:34:00,36.26,36.27,36.26,36.27,1600.0,58024.0
2024-01-09 14:35:00,36.27,36.3,36.27,36.3,500.0,18138.0
2024-01-09 14:36:00,36.35,36.35,36.26,36.26,1800.0,65300.0
2024-01-09 14:37:00,36.21,36.25,36.2,36.2,1200.0,43459.0
2024-01-09 14:38:00,36.21,36.21,36.19,36.21,1200.0,43442.0
2024-01-09 14:39:00,36.23,36.23,36.2,36.2,1600.0,57924.0
2024-01-09 14:40:00,36.2,36.21,36.2,36.2,800.0,28969.0
2024-01-09 14:41:00,36.2,36.24,36.2,36.24,700.0,25344.0
2024-01-09 14:42:00,36.2,36.24,36.2,36.24,1400.0,50684.0
2024-01-09 14:43:00,36.19,36.23,36.19,36.19,300.0,10861.0
2024-01-09 14:44:00,36.21,36.21,36.21,36.21,100.0,3621.0
2024-01-09 14:45:00,36.19,36.21,36.19,36.19,600.0,21716.0
2024-01-09 14:46:00,36.19,36.19,36.17,36.17,1500.0,54275.0
2024-01-09 14:47:00,36.17,36.17,36.1,36.12,2700.0,97543.0
2024-01-09 14:48:00,36.08,36.18,36.08,36.1,2500.0,90259.0
2024-01-09 14:49:00,36.09,36.25,36.09,36.2,21300.0,769680.0
2024-01-09 14:50:00,36.14,36.18,36.14,36.18,1700.0,61464.0
2024-01-09 14:51:00,36.18,36.18,36.15,36.15,3200.0,115735.0
2024-01-09 14:52:00,36.15,36.15,36.13,36.13,1800.0,65068.0
2024-01-09 14:53:00,36.12,36.15,36.1,36.1,5000.0,180508.0
2024-01-09 14:54:00,36.15,36.17,36.15,36.17,1000.0,36167.0
2024-01-09 14:55:00,36.17,36.18,36.17,36.18,800.0,28939.0
2024-01-09 14:56:00,36.14,36.19,36.14,36.19,1100.0,39771.0
2024-01-09 14:57:00,36.15,36.15,36.15,36.15,700.0,25305.0
2024-01-09 14:58:00,36.15,36.15,36.15,36.15,0.0,0.0
2024-01-09 14:59:00,36.15,36.15,36.15,36.15,0.0,0.0
2024-01-09 15:00:00,36.15,36.15,36.15,36.15,1400.0,50610.0
2024-01-10 09:31:00,36.33,36.33,35.5,35.65,28100.0,1004454.0
2024-01-10 09:32:00,35.7,35.82,35.68,35.68,15100.0,539736.0
2024-01-10 09:33:00,35.68,35.7,35.66,35.7,4000.0,142737.0
2024-01-10 09:34:00,35.7,35.76,35.7,35.7,6500.0,232171.0
2024-01-10 09:35:00,35.69,35.69,35.63,35.66,6200.0,221116.0
2024-01-10 09:36:00,35.61,35.61,35.56,35.58,9900.0,352407.0
2024-01-10 09:37:00,35.58,35.63,35.54,35.58,8200.0,291702.0
2024-01-10 09:38:00,35.57,35.61,35.55,35.55,7500.0,266774.0
2024-01-10 09:39:00,35.55,35.59,35.5,35.56,17800.0,632760.0
2024-01-10 09:40:00,35.52,35.52,35.45,35.45,9000.0,319262.0
2024-01-10 09:41:00,35.42,35.56,35.42,35.52,11000.0,390684.0
2024-01-10 09:42:00,35.52,35.53,35.45,35.47,4500.0,159677.0
2024-01-10 09:43:00,35.51,35.51,35.46,35.48,5800.0,205791.0
2024-01-10 09:44:00,35.48,35.49,35.45,35.49,2900.0,102869.0
2024-01-10 09:45:00,35.48,35.52,35.46,35.48,2600.0,92265.0
2024-01-10 09:46:00,35.51,35.51,35.47,35.47,2700.0,95793.0
2024-01-10 09:47:00,35.46,35.51,35.46,35.51,1700.0,60317.0
2024-01-10 09:48:00,35.51,35.53,35.48,35.53,2400.0,85200.0
2024-01-10 09:49:00,35.54,35.63,35.54,35.56,9300.0,331091.0
2024-01-10 09:50:00,35.58,35.66,35.58,35.65,8000.0,285275.0
2024-01-10 09:51:00,35.65,35.73,35.64,35.71,1900.0,67776.0
2024-01-10 09:52:00,35.72,35.72,35.59,35.59,1200.0,42808.0
2024-01-10 09:53:00,35.66,35.66,35.59,35.59,400.0,14250.0
2024-01-10 09:54:00,35.64,35.66,35.64,35.66,1700.0,60602.0
2024-01-10 09:55:00,35.68,35.69,35.61,35.61,2200.0,78470.0
2024-01-10 09:56:00,35.65,35.75,35.65,35.74,3500.0,124966.0
2024-01-10 09:57:00,35.79,35.79,35.72,35.79,1600.0,57254.0
2024-01-10 09:58:00,35.84,35.84,35.79,35.84,2300.0,82374.0
2024-01-10 09:59:00,35.83,35.99,35.83,35.99,3000.0,107743.0
2024-01-10 10:00:00,35.94,35.94,35.9,35.9,1600.0,57496.0
2024-01-10 10:01:00,35.95,36.1,35.95,36.08,10400.0,374686.0
2024-01-10 10:02:00,36.06,36.16,36.06,36.14,13300.0,480310.0
2024-01-10 10:03:00,36.14,36.14,36.07,36.08,9700.0,350165.0
2024-01-10 10:04:00,36.12,36.12,36.07,36.07,2200.0,79418.0
2024-01-10 10:05:00,36.11,36.12,35.89,35.89,10100.0,364102.0
2024-01-10 10:06:00,35.92,35.92,35.92,35.92,2000.0,71877.0
2024-01-10 10:07:00,35.89,35.98,35.89,35.98,700.0,25142.0
2024-01-10 10:08:00,35.99,36.02,35.99,36.02,1500.0,54006.0
2024-01-10 10:09:00,36.0,36.0,35.88,35.88,3300.0,118506.0
2024-01-10 10:10:00,35.88,35.88,35.8,35.88,5100.0,182892.0
2024-01-10 10:11:00,35.9,35.9,35.87,35.88,2300.0,82517.0
2024-01-10 10:12:00,35.92,35.92,35.8,35.8,1200.0,42992.0
2024-01-10 10:13:00,35.79,35.8,35.79,35.8,1400.0,50110.0
2024-01-10 10:14:00,35.8,35.86,35.8,35.86,2200.0,78853.0
2024-01-10 10:15:00,35.88,35.89,35.88,35.89,1200.0,43043.0
2024-01-10 10:16:00,35.93,35.99,35.93,35.99,2200.0,79078.0
2024-01-10 10:17:00,36.0,36.12,36.0,36.06,4500.0,162103.0
2024-01-10 10:18:00,36.12,36.12,36.04,36.12,1800.0,64913.0
2024-01-10 10:19:00,36.06,36.14,36.06,36.14,2800.0,101134.0
2024-01-10 10:20:00,36.14,36.16,36.1,36.1,1500.0,54210.0
2024-01-10 10:21:00,36.18,36.2,36.17,36.17,3300.0,119405.0
2024-01-10 10:22:00,36.14,36.14,35.99,35.99,4500.0,162356.0
2024-01-10 10:23:00,36.06,36.1,36.06,36.1,1500.0,54124.0
2024-01-10 10:24:00,36.16,36.16,36.03,36.06,2900.0,104613.0
2024-01-10 10:25:00,36.06,36.06,36.06,36.06,100.0,3606.0
2024-01-10 10:26:00,35.98,36.03,35.97,36.03,1900.0,68362.0
2024-01-10 10:27:00,35.95,35.95,35.95,35.95,2100.0,75498.0
2024-01-10 10:28:00,36.02,36.05,35.96,36.05,6300.0,227032.0
2024-01-10 10:29:00,36.13,36.16,36.05,36.16,400.0,14444.0
2024-01-10 10:30:00,36.14,36.14,35.97,36.02,1900.0,68492.0
2024-01-10 10:31:00,36.02,36.06,35.99,35.99,1500.0,53985.0
2024-01-10 10:32:00,35.99,35.99,35.99,35.99,500.0,17995.0
2024-01-10 10:33:00,36.02,36.12,36.02,36.12,2200.0,79289.0
2024-01-10 10:34:00,36.12,36.12,36.12,36.12,0.0,0.0
2024-01-10 10:35:00,36.08,36.1,36.06,36.06,700.0,25249.0
2024-01-10 10:36:00,36.06,36.06,36.02,36.02,1100.0,39655.0
2024-01-10 10:37:00,36.01,36.01,36.01,36.01,200.0,7202.0
2024-01-10 10:38:00,36.05,36.09,36.05,36.05,500.0,18028.0
2024-01-10 10:39:00,36.1,36.11,36.1,36.11,1200.0,43303.0
2024-01-10 10:40:00,36.06,36.13,36.06,36.13,500.0,18056.0
2024-01-10 10:41:00,36.13,36.13,36.13,36.13,100.0,3613.0
2024-01-10 10:42:00,36.08,36.09,36.07,36.09,800.0,28863.0
2024-01-10 10:43:00,36.09,36.09,36.09,36.09,300.0,10827.0
2024-01-10 10:44:00,36.12,36.14,36.12,36.14,600.0,21678.0
2024-01-10 10:45:00,36.14,36.16,36.14,36.16,700.0,25301.0
2024-01-10 10:46:00,36.18,36.22,36.15,36.22,900.0,32550.0
2024-01-10 10:47:00,36.25,36.28,36.25,36.27,2300.0,83409.0
2024-01-10 10:48:00,36.27,36.29,36.26,36.26,2400.0,87038.0
2024-01-10 10:49:00,36.18,36.18,36.18,36.18,1400.0,50652.0
2024-01-10 10:50:00,36.15,36.15,36.1,36.1,3000.0,108317.0
2024-01-10 10:51:00,36.07,36.07,36.03,36.03,500.0,18031.0
2024-01-10 10:52:00,36.08,36.08,36.02,36.02,300.0,10818.0
2024-01-10 10:53:00,36.01,36.08,36.01,36.08,500.0,18018.0
2024-01-10 10:54:00,36.07,36.07,35.98,35.98,1200.0,43189.0
2024-01-10 10:55:00,35.99,35.99,35.99,35.99,100.0,3599.0
2024-01-10 10:56:00,35.98,35.99,35.98,35.99,1000.0,35987.0
2024-01-10 10:57:00,36.05,36.05,35.99,35.99,500.0,18007.0
2024-01-10 10:58:00,36.03,36.03,36.01,36.02,400.0,14408.0
2024-01-10 10:59:00,36.0,36.02,36.0,36.02,200.0,7202.0
2024-01-10 11:00:00,36.02,36.04,36.02,36.04,700.0,25222.0
2024-01-10 11:01:00,36.01,36.02,36.01,36.02,400.0,14405.0
2024-01-10 11:02:00,36.0,36.0,35.94,35.99,4900.0,176342.0
2024-01-10 11:03:00,35.93,35.93,35.93,35.93,600.0,21562.0
2024-01-10 11:04:00,35.97,35.97,35.97,35.97,400.0,14388.0
2024-01-10 11:05:00,35.97,35.97,35.97,35.97,200.0,7194.0
2024-01-10 11:06:00,35.95,35.95,35.95,35.95,500.0,17973.0
2024-01-10 11:07:00,35.98,35.98,35.98,35.98,100.0,3598.0
2024-01-10 11:08:00,35.95,35.99,35.95,35.99,600.0,21584.0
2024-01-10 11:09:00,35.99,35.99,35.99,35.99,100.0,3599.0
2024-01-10 11:10:00,35.99,35.99,35.98,35.98,600.0,21595.0
2024-01-10 11:11:00,35.99,36.0,35.97,35.97,800.0,28788.0
2024-01-10 11:12:00,36.01,36.01,36.01,36.01,100.0,3601.0
2024-01-10 11:13:00,36.01,36.01,35.97,36.01,500.0,17993.0
2024-01-10 11:14:00,35.97,35.99,35.97,35.97,600.0,21584.0
2024-01-10 11:15:00,35.97,36.01,35.97,36.01,400.0,14398.0
2024-01-10 11:16:00,35.97,35.97,35.93,35.93,4400.0,158174.0
2024-01-10 11:17:00,35.94,35.94,35.94,35.94,100.0,3594.0
2024-01-10 11:18:00,35.94,35.95,35.94,35.95,500.0,17971.0
2024-01-10 11:19:00,35.95,35.95,35.94,35.95,500.0,17973.0
2024-01-10 11:20:00,35.98,35.98,35.95,35.95,400.0,14386.0
2024-01-10 11:21:00,35.96,35.97,35.96,35.97,400.0,14387.0
2024-01-10 11:22:00,35.98,35.98,35.98,35.98,1200.0,43180.0
2024-01-10 11:23:00,35.97,36.0,35.97,36.0,300.0,10797.0
2024-01-10 11:24:00,35.98,35.98,35.96,35.96,800.0,28774.0
2024-01-10 11:25:00,35.96,35.96,35.94,35.94,900.0,32348.0
2024-01-10 11:26:00,35.94,35.94,35.93,35.93,600.0,21563.0
2024-01-10 11:27:00,35.93,35.93,35.93,35.93,0.0,0.0
2024-01-10 11:28:00,35.95,35.95,35.95,35.95,100.0,3595.0
2024-01-10 11:29:00,35.96,35.96,35.96,35.96,200.0,7191.0
2024-01-10 11:30:00,35.93,35.94,35.85,35.94,1400.0,50281.0
2024-01-10 13:01:00,35.92,35.98,35.92,35.98,1300.0,46733.0
2024-01-10 13:02:00,36.01,36.06,36.0,36.0,1800.0,64841.0
2024-01-10 13:03:00,35.99,35.99,35.95,35.95,600.0,21577.0
2024-01-10 13:04:00,35.94,35.94,35.94,35.94,600.0,21564.0
2024-01-10 13:05:00,36.01,36.01,36.01,36.01,400.0,14404.0
2024-01-10 13:06:00,36.02,36.02,36.02,36.02,200.0,7204.0
2024-01-10 13:07:00,36.0,36.0,35.99,35.99,500.0,17996.0
2024-01-10 13:08:00,35.97,35.97,35.97,35.97,100.0,3597.0
2024-01-10 13:09:00,35.93,35.93,35.9,35.9,1100.0,39520.0
2024-01-10 13:10:00,35.93,35.93,35.9,35.9,900.0,32319.0
2024-01-10 13:11:00,35.91,35.91,35.91,35.91,100.0,3591.0
2024-01-10 13:12:00,35.92,35.92,35.92,35.92,100.0,3592.0
2024-01-10 13:13:00,35.95,35.95,35.94,35.94,200.0,7189.0
2024-01-10 13:14:00,35.96,35.96,35.96,35.96,100.0,3596.0
2024-01-10 13:15:00,35.92,35.92,35.92,35.92,300.0,10776.0
2024-01-10 13:16:00,35.93,35.99,35.93,35.99,900.0,32374.0
2024-01-10 13:17:00,35.98,35.98,35.93,35.94,900.0,32373.0
2024-01-10 13:18:00,35.95,35.97,35.95,35.95,600.0,21576.0
2024-01-10 13:19:00,35.94,35.94,35.92,35.92,300.0,10780.0
2024-01-10 13:20:00,35.92,35.92,35.92,35.92,600.0,21552.0
2024-01-10 13:21:00,35.94,35.94,35.92,35.92,500.0,17964.0
2024-01-10 13:22:00,35.93,35.93,35.93,35.93,200.0,7186.0
2024-01-10 13:23:00,35.97,35.97,35.97,35.97,800.0,28764.0
2024-01-10 13:24:00,35.97,35.97,35.97,35.97,0.0,0.0
2024-01-10 13:25:00,35.94,35.94,35.92,35.92,2100.0,75455.0
2024-01-10 13:26:00,35.91,35.91,35.91,35.91,100.0,3591.0
2024-01-10 13:27:00,35.91,35.91,35.91,35.91,0.0,0.0
2024-01-10 13:28:00,35.91,35.91,35.91,35.91,100.0,3591.0
2024-01-10 13:29:00,35.91,35.91,35.91,35.91,300.0,10773.0
2024-01-10 13:30:00,35.9,35.9,35.9,35.9,100.0,3590.0
2024-01-10 13:31:00,35.93,35.93,35.9,35.93,900.0,32325.0
2024-01-10 13:32:00,35.91,35.93,35.91,35.93,400.0,14368.0
2024-01-10 13:33:00,35.94,35.94,35.94,35.94,200.0,7188.0
2024-01-10 13:34:00,35.93,35.93,35.9,35.9,2000.0,71836.0
2024-01-10 13:35:00,35.9,35.9,35.9,35.9,0.0,0.0
2024-01-10 13:36:00,35.9,35.9,35.88,35.88,1400.0,50254.0
2024-01-10 13:37:00,35.9,35.91,35.9,35.9,1100.0,39489.0
2024-01-10 13:38:00,35.9,35.9,35.9,35.9,0.0,0.0
2024-01-10 13:39:00,35.88,35.88,35.88,35.88,1200.0,43056.0
2024-01-10 13:40:00,35.88,35.9,35.84,35.9,4300.0,154197.0
2024-01-10 13:41:00,35.91,35.92,35.91,35.92,400.0,14365.0
2024-01-10 13:42:00,35.9,35.9,35.9,35.9,400.0,14360.0
2024-01-10 13:43:00,35.92,35.94,35.91,35.91,800.0,28732.0
2024-01-10 13:44:00,35.9,35.94,35.9,35.94,400.0,14370.0
2024-01-10 13:45:00,35.94,35.94,35.94,35.94,0.0,0.0
2024-01-10 13:46:00,35.93,35.93,35.93,35.93,400.0,14372.0
2024-01-10 13:47:00,35.93,35.94,35.9,35.9,1300.0,46712.0
2024-01-10 13:48:00,35.94,35.95,35.94,35.95,1000.0,35948.0
2024-01-10 13:49:00,35.95,35.95,35.95,35.95,100.0,3595.0
2024-01-10 13:50:00,35.98,35.98,35.98,35.98,200.0,7196.0
2024-01-10 13:51:00,35.9,35.9,35.9,35.9,500.0,17950.0
2024-01-10 13:52:00,35.9,35.9,35.9,35.9,1100.0,39490.0
2024-01-10 13:53:00,35.92,35.93,35.91,35.91,1400.0,50288.0
2024-01-10 13:54:00,35.9,35.9,35.89,35.89,1500.0,53847.0
2024-01-10 13:55:00,35.89,35.9,35.89,35.9,2200.0,78979.0
2024-01-10 13:56:00,35.93,35.94,35.93,35.94,1900.0,68268.0
2024-01-10 13:57:00,35.98,35.99,35.94,35.99,1000.0,35980.0
2024-01-10 13:58:00,36.04,36.04,36.04,36.04,100.0,3604.0
2024-01-10 13:59:00,35.98,36.03,35.98,35.98,600.0,21593.0
2024-01-10 14:00:00,35.98,35.98,35.98,35.98,0.0,0.0
2024-01-10 14:01:00,35.98,36.04,35.98,36.04,600.0,21612.0
2024-01-10 14:02:00,35.98,35.98,35.98,35.98,200.0,7196.0
2024-01-10 14:03:00,35.98,35.98,35.89,35.89,3400.0,122224.0
2024-01-10 14:04:00,35.86,35.86,35.86,35.86,600.0,21516.0
2024-01-10 14:05:00,35.86,35.86,35.86,35.86,0.0,0.0
2024-01-10 14:06:00,35.88,35.88,35.87,35.87,500.0,17938.0
2024-01-10 14:07:00,35.91,35.91,35.86,35.86,4900.0,175735.0
2024-01-10 14:08:00,35.86,35.86,35.86,35.86,100.0,3586.0
2024-01-10 14:09:00,35.86,35.93,35.86,35.91,800.0,28715.0
2024-01-10 14:10:00,35.93,35.97,35.92,35.97,700.0,25156.0
2024-01-10 14:11:00,35.97,35.97,35.94,35.94,1400.0,50325.0
2024-01-10 14:12:00,35.95,36.01,35.95,36.01,1600.0,57597.0
2024-01-10 14:13:00,36.0,36.0,36.0,36.0,200.0,7200.0
2024-01-10 14:14:00,35.95,35.97,35.95,35.97,300.0,10787.0
2024-01-10 14:15:00,35.92,35.92,35.91,35.91,2200.0,79014.0
2024-01-10 14:16:00,35.97,35.97,35.94,35.94,1000.0,35952.0
2024-01-10 14:17:00,35.94,35.94,35.94,35.94,400.0,14376.0
2024-01-10 14:18:00,35.95,35.95,35.92,35.92,500.0,17966.0
2024-01-10 14:19:00,35.92,35.92,35.86,35.89,4000.0,143646.0
2024-01-10 14:20:00,35.92,35.92,35.92,35.92,800.0,28736.0
2024-01-10 14:21:00,35.9,35.9,35.89,35.89,900.0,32310.0
2024-01-10 14:22:00,35.87,35.87,35.87,35.87,100.0,3587.0
2024-01-10 14:23:00,35.89,35.89,35.86,35.86,300.0,10764.0
2024-01-10 14:24:00,35.89,35.89,35.87,35.87,300.0,10765.0
2024-01-10 14:25:00,35.87,35.87,35.87,35.87,0.0,0.0
2024-01-10 14:26:00,35.87,35.87,35.87,35.87,0.0,0.0
2024-01-10 14:27:00,35.89,35.9,35.87,35.9,800.0,28708.0
2024-01-10 14:28:00,35.88,35.89,35.86,35.86,1400.0,50225.0
2024-01-10 14:29:00,35.86,35.87,35.86,35.87,1700.0,60965.0
2024-01-10 14:30:00,35.87,35.87,35.87,35.87,600.0,21530.0
2024-01-10 14:31:00,35.88,35.9,35.88,35.9,1000.0,35890.0
2024-01-10 14:32:00,35.9,35.9,35.85,35.85,1700.0,61002.0
2024-01-10 14:33:00,35.9,35.9,35.88,35.88,800.0,28714.0
2024-01-10 14:34:00,35.87,35.88,35.85,35.88,3400.0,121886.0
2024-01-10 14:35:00,35.87,35.88,35.84,35.88,800.0,28694.0
2024-01-10 14:36:00,35.84,35.87,35.84,35.84,1200.0,43017.0
2024-01-10 14:37:00,35.84,35.87,35.84,35.87,3200.0,114719.0
2024-01-10 14:38:00,35.88,35.88,35.84,35.84,800.0,28685.0
2024-01-10 14:39:00,35.8,35.84,35.8,35.84,800.0,28652.0
2024-01-10 14:40:00,35.87,35.87,35.87,35.87,400.0,14348.0
2024-01-10 14:41:00,35.84,35.87,35.84,35.87,1300.0,46606.0
2024-01-10 14:42:00,35.85,35.87,35.82,35.87,3700.0,132710.0
2024-01-10 14:43:00,35.9,35.93,35.9,35.9,2600.0,93370.0
2024-01-10 14:44:00,35.9,35.91,35.88,35.88,800.0,28723.0
2024-01-10 14:45:00,35.88,35.88,35.88,35.88,200.0,7176.0
2024-01-10 14:46:00,35.88,35.91,35.88,35.88,700.0,25122.0
2024-01-10 14:47:00,35.88,35.91,35.88,35.91,1500.0,53847.0
2024-01-10 14:48:00,35.88,35.9,35.88,35.9,4300.0,154331.0
2024-01-10 14:49:00,35.8,35.9,35.8,35.9,1500.0,53767.0
2024-01-10 14:50:00,35.83,35.89,35.83,35.89,800.0,28683.0
2024-01-10 14:51:00,35.86,35.88,35.86,35.87,1300.0,46630.0
2024-01-10 14:52:00,35.86,35.86,35.8,35.86,4100.0,146931.0
2024-01-10 14:53:00,35.8,35.83,35.8,35.83,1000.0,35815.0
2024-01-10 14:54:00,35.86,35.86,35.8,35.8,700.0,25066.0
2024-01-10 14:55:00,35.8,35.83,35.8,35.8,2500.0,89523.0
2024-01-10 14:56:00,35.8,35.86,35.8,35.86,2400.0,86050.0
2024-01-10 14:57:00,35.86,35.87,35.86,35.86,2800.0,100415.0
2024-01-10 14:58:00,35.86,35.86,35.86,35.86,0.0,0.0
2024-01-10 14:59:00,35.86,35.86,35.86,35.86,0.0,0.0
2024-01-10 15:00:00,35.83,35.83,35.83,35.83,2600.0,93158.0
2024-01-11 09:31:00,35.69,35.87,35.55,35.87,14200.0,507433.0
2024-01-11 09:32:00,35.89,35.94,35.89,35.9,10300.0,369754.0
2024-01-11 09:33:00,35.9,35.99,35.87,35.99,12400.0,445795.0
2024-01-11 09:34:00,35.97,36.1,35.97,36.06,3500.0,126124.0
2024-01-11 09:35:00,36.03,36.03,35.96,36.0,7600.0,273754.0
2024-01-11 09:36:00,35.96,35.97,35.93,35.93,3300.0,118630.0
2024-01-11 09:37:00,35.93,35.93,35.81,35.81,7100.0,254998.0
2024-01-11 09:38:00,35.81,35.81,35.65,35.65,8000.0,286333.0
2024-01-11 09:39:00,35.7,35.77,35.64,35.64,8700.0,310906.0
2024-01-11 09:40:00,35.64,35.68,35.64,35.66,4000.0,142675.0
2024-01-11 09:41:00,35.69,35.77,35.66,35.71,2600.0,92871.0
2024-01-11 09:42:00,35.71,35.74,35.67,35.68,4200.0,149995.0
2024-01-11 09:43:00,35.68,35.72,35.68,35.72,9800.0,349763.0
2024-01-11 09:44:00,35.73,35.74,35.72,35.72,1800.0,64316.0
2024-01-11 09:45:00,35.7,35.71,35.7,35.7,1100.0,39271.0
2024-01-11 09:46:00,35.68,35.68,35.68,35.68,800.0,28545.0
2024-01-11 09:47:00,35.68,35.68,35.67,35.67,500.0,17842.0
2024-01-11 09:48:00,35.74,35.84,35.72,35.72,6100.0,218282.0
2024-01-11 09:49:00,35.75,35.86,35.73,35.86,1500.0,53684.0
2024-01-11 09:50:00,35.86,35.96,35.8,35.85,2000.0,71708.0
2024-01-11 09:51:00,35.86,35.86,35.82,35.82,600.0,21504.0
2024-01-11 09:52:00,35.78,35.87,35.78,35.87,2100.0,75257.0
2024-01-11 09:53:00,35.9,35.91,35.82,35.91,7000.0,251208.0
2024-01-11 09:54:00,35.91,35.95,35.85,35.85,1900.0,68250.0
2024-01-11 09:55:00,35.89,35.89,35.84,35.84,1300.0,46609.0
2024-01-11 09:56:00,35.84,35.88,35.82,35.82,5400.0,193490.0
2024-01-11 09:57:00,35.83,35.84,35.79,35.79,3200.0,114649.0
2024-01-11 09:58:00,35.86,35.86,35.83,35.83,1900.0,68085.0
2024-01-11 09:59:00,35.8,35.8,35.79,35.8,2200.0,78753.0
2024-01-11 10:00:00,35.79,35.79,35.73,35.73,800.0,28617.0
2024-01-11 10:01:00,35.73,35.81,35.73,35.81,600.0,21461.0
2024-01-11 10:02:00,35.84,35.84,35.79,35.79,2000.0,71632.0
2024-01-11 10:03:00,35.86,35.86,35.82,35.82,1600.0,57340.0
2024-01-11 10:04:00,35.8,35.8,35.8,35.8,400.0,14320.0
2024-01-11 10:05:00,35.8,35.8,35.78,35.78,1200.0,42947.0
2024-01-11 10:06:00,35.76,35.76,35.71,35.76,1100.0,39326.0
2024-01-11 10:07:00,35.71,35.76,35.71,35.73,600.0,21444.0
2024-01-11 10:08:00,35.73,35.75,35.73,35.73,1000.0,35732.0
2024-01-11 10:09:00,35.73,35.83,35.73,35.83,7300.0,261415.0
2024-01-11 10:10:00,35.93,35.93,35.82,35.89,2500.0,89654.0
2024-01-11 10:11:00,35.88,35.88,35.83,35.87,2200.0,78881.0
2024-01-11 10:12:00,35.8,35.8,35.8,35.8,1000.0,35800.0
2024-01-11 10:13:00,35.83,35.88,35.8,35.88,3000.0,107543.0
2024-01-11 10:14:00,35.85,35.96,35.85,35.96,2300.0,82576.0
2024-01-11 10:15:00,35.98,35.99,35.98,35.98,1400.0,50378.0
2024-01-11 10:16:00,35.98,36.07,35.97,36.07,1800.0,64816.0
2024-01-11 10:17:00,36.0,36.1,36.0,36.1,16700.0,602332.0
2024-01-11 10:18:00,36.1,36.2,36.1,36.11,7900.0,285363.0
2024-01-11 10:19:00,36.12,36.19,36.11,36.12,4300.0,155476.0
2024-01-11 10:20:00,36.13,36.16,36.12,36.16,600.0,21679.0
2024-01-11 10:21:00,36.16,36.16,35.94,36.05,2800.0,101013.0
2024-01-11 10:22:00,36.08,36.08,35.92,35.94,3100.0,111607.0
2024-01-11 10:23:00,35.94,36.01,35.84,35.89,5900.0,211864.0
2024-01-11 10:24:00,35.95,35.95,35.9,35.9,200.0,7185.0
2024-01-11 10:25:00,35.98,35.98,35.96,35.96,1300.0,46708.0
2024-01-11 10:26:00,35.95,35.95,35.84,35.85,3000.0,107690.0
2024-01-11 10:27:00,35.8,35.88,35.8,35.88,1200.0,43040.0
2024-01-11 10:28:00,35.83,35.83,35.8,35.8,600.0,21495.0
2024-01-11 10:29:00,35.87,35.87,35.8,35.8,1000.0,35842.0
2024-01-11 10:30:00,35.88,35.91,35.87,35.87,1200.0,43058.0
2024-01-11 10:31:00,35.91,35.91,35.87,35.89,3700.0,132797.0
2024-01-11 10:32:00,35.91,35.91,35.91,35.91,1100.0,39501.0
2024-01-11 10:33:00,35.88,35.91,35.88,35.91,1500.0,53844.0
2024-01-11 10:34:00,35.91,35.91,35.87,35.87,1800.0,64587.0
2024-01-11 10:35:00,35.81,35.92,35.81,35.92,2600.0,93276.0
2024-01-11 10:36:00,35.86,35.86,35.85,35.85,300.0,10756.0
2024-01-11 10:37:00,35.86,35.86,35.86,35.86,500.0,17918.0
2024-01-11 10:38:00,35.86,35.86,35.82,35.85,1600.0,57350.0
2024-01-11 10:39:00,35.86,35.86,35.86,35.86,400.0,14344.0
2024-01-11 10:40:00,35.85,35.89,35.85,35.89,600.0,21526.0
2024-01-11 10:41:00,35.89,35.89,35.88,35.88,600.0,21532.0
2024-01-11 10:42:00,35.87,35.87,35.83,35.83,2100.0,75271.0
2024-01-11 10:43:00,35.84,35.88,35.82,35.88,900.0,32269.0
2024-01-11 10:44:00,35.86,35.86,35.8,35.8,7600.0,272175.0
2024-01-11 10:45:00,35.8,35.8,35.8,35.8,2800.0,100240.0
2024-01-11 10:46:00,35.83,35.87,35.83,35.87,600.0,21514.0
2024-01-11 10:47:00,35.87,35.87,35.84,35.84,2800.0,100446.0
2024-01-11 10:48:00,35.84,35.85,35.83,35.85,2000.0,71682.0
2024-01-11 10:49:00,35.85,35.85,35.85,35.85,900.0,32265.0
2024-01-11 10:50:00,35.85,35.85,35.85,35.85,200.0,7170.0
2024-01-11 10:51:00,35.8,35.85,35.8,35.85,900.0,32244.0
2024-01-11 10:52:00,35.84,35.84,35.82,35.83,1100.0,39413.0
2024-01-11 10:53:00,35.8,35.82,35.8,35.82,800.0,28648.0
2024-01-11 10:54:00,35.8,35.8,35.78,35.78,1300.0,46535.0
2024-01-11 10:55:00,35.78,35.78,35.78,35.78,7700.0,275524.0
2024-01-11 10:56:00,35.77,35.77,35.77,35.77,1000.0,35770.0
2024-01-11 10:57:00,35.77,35.77,35.73,35.73,1700.0,60775.0
2024-01-11 10:58:00,35.74,35.75,35.73,35.73,1300.0,46467.0
2024-01-11 10:59:00,35.73,35.73,35.73,35.73,400.0,14292.0
2024-01-11 11:00:00,35.73,35.75,35.71,35.75,1700.0,60763.0
2024-01-11 11:01:00,35.76,35.76,35.75,35.75,700.0,25027.0
2024-01-11 11:02:00,35.71,35.71,35.71,35.71,600.0,21426.0
2024-01-11 11:03:00,35.71,35.71,35.71,35.71,700.0,24997.0
2024-01-11 11:04:00,35.73,35.73,35.71,35.73,5500.0,196497.0
2024-01-11 11:05:00,35.73,35.74,35.73,35.73,900.0,32161.0
2024-01-11 11:06:00,35.74,35.77,35.74,35.75,4000.0,143054.0
2024-01-11 11:07:00,35.8,35.8,35.75,35.76,900.0,32183.0
2024-01-11 11:08:00,35.75,35.75,35.75,35.75,1500.0,53625.0
2024-01-11 11:09:00,35.75,35.79,35.73,35.79,1000.0,35754.0
2024-01-11 11:10:00,35.78,35.8,35.78,35.8,700.0,25052.0
2024-01-11 11:11:00,35.73,35.8,35.73,35.74,1100.0,39356.0
2024-01-11 11:12:00,35.73,35.75,35.73,35.75,400.0,14296.0
2024-01-11 11:13:00,35.76,35.76,35.76,35.76,500.0,17880.0
2024-01-11 11:14:00,35.76,35.76,35.75,35.75,700.0,25027.0
2024-01-11 11:15:00,35.75,35.75,35.75,35.75,300.0,10725.0
2024-01-11 11:16:00,35.75,35.76,35.75,35.76,1000.0,35756.0
2024-01-11 11:17:00,35.76,35.8,35.76,35.8,3200.0,114545.0
2024-01-11 11:18:00,35.81,35.81,35.81,35.81,500.0,17905.0
2024-01-11 11:19:00,35.81,35.81,35.81,35.81,1200.0,42972.0
2024-01-11 11:20:00,35.81,35.82,35.81,35.81,1100.0,39393.0
2024-01-11 11:21:00,35.81,35.82,35.81,35.81,700.0,25068.0
2024-01-11 11:22:00,35.81,35.82,35.81,35.82,1000.0,35817.0
2024-01-11 11:23:00,35.83,35.83,35.82,35.82,700.0,25075.0
2024-01-11 11:24:00,35.82,35.82,35.82,35.82,100.0,3582.0
2024-01-11 11:25:00,35.8,35.8,35.8,35.8,400.0,14321.0
2024-01-11 11:26:00,35.77,35.77,35.77,35.77,200.0,7154.0
2024-01-11 11:27:00,35.78,35.82,35.78,35.82,400.0,14322.0
2024-01-11 11:28:00,35.75,35.75,35.75,35.75,500.0,17879.0
2024-01-11 11:29:00,35.79,35.79,35.78,35.78,500.0,17893.0
2024-01-11 11:30:00,35.78,35.78,35.78,35.78,400.0,14312.0
2024-01-11 13:01:00,35.79,35.79,35.75,35.79,2100.0,75145.0
2024-01-11 13:02:00,35.8,35.89,35.8,35.89,1000.0,35826.0
2024-01-11 13:03:00,35.84,35.84,35.84,35.84,500.0,17920.0
2024-01-11 13:04:00,35.87,35.95,35.87,35.93,4100.0,147303.0
2024-01-11 13:05:00,35.93,36.0,35.89,35.95,5600.0,201425.0
2024-01-11 13:06:00,35.98,35.99,35.95,35.98,5800.0,208706.0
2024-01-11 13:07:00,35.98,36.06,35.98,36.01,2100.0,75602.0
2024-01-11 13:08:00,36.05,36.07,36.05,36.07,2500.0,90136.0
2024-01-11 13:09:00,36.08,36.13,36.08,36.12,1600.0,57752.0
2024-01-11 13:10:00,36.12,36.18,36.12,36.17,900.0,32549.0
2024-01-11 13:11:00,36.17,36.19,36.16,36.17,8100.0,293104.0
2024-01-11 13:12:00,36.19,36.2,36.18,36.18,6000.0,217173.0
2024-01-11 13:13:00,36.17,36.19,36.11,36.11,1900.0,68668.0
2024-01-11 13:14:00,36.07,36.16,36.07,36.16,800.0,28897.0
2024-01-11 13:15:00,36.21,36.21,36.19,36.19,2300.0,83240.0
2024-01-11 13:16:00,36.14,36.14,36.12,36.13,700.0,25290.0
2024-01-11 13:17:00,36.13,36.13,36.13,36.13,200.0,7226.0
2024-01-11 13:18:00,36.09,36.09,36.09,36.09,400.0,14436.0
2024-01-11 13:19:00,36.13,36.18,36.09,36.17,800.0,28919.0
2024-01-11 13:20:00,36.12,36.18,36.1,36.17,1900.0,68692.0
2024-01-11 13:21:00,36.18,36.21,36.18,36.19,3200.0,115839.0
2024-01-11 13:22:00,36.19,36.19,36.1,36.1,2200.0,79523.0
2024-01-11 13:23:00,36.1,36.18,36.08,36.18,9600.0,346416.0
2024-01-11 13:24:00,36.15,36.15,36.14,36.14,200.0,7229.0
2024-01-11 13:25:00,36.1,36.1,36.05,36.05,2800.0,100980.0
2024-01-11 13:26:00,36.06,36.06,36.01,36.01,2700.0,97239.0
2024-01-11 13:27:00,36.0,36.06,36.0,36.06,2400.0,86526.0
2024-01-11 13:28:00,36.1,36.1,36.05,36.05,1000.0,36060.0
2024-01-11 13:29:00,36.08,36.1,36.07,36.1,3000.0,108258.0
2024-01-11 13:30:00,36.1,36.1,36.08,36.1,1400.0,50538.0
2024-01-11 13:31:00,36.1,36.1,36.09,36.1,1000.0,36099.0
2024-01-11 13:32:00,36.1,36.1,36.1,36.1,700.0,25270.0
2024-01-11 13:33:00,36.1,36.1,36.1,36.1,1200.0,43322.0
2024-01-11 13:34:00,36.08,36.08,36.0,36.0,8500.0,306756.0
2024-01-11 13:35:00,36.06,36.08,36.06,36.08,1100.0,39671.0
2024-01-11 13:36:00,36.08,36.08,36.06,36.06,700.0,25251.0
2024-01-11 13:37:00,36.05,36.05,36.05,36.05,200.0,7210.0
2024-01-11 13:38:00,36.05,36.05,36.01,36.04,800.0,28831.0
2024-01-11 13:39:00,36.02,36.07,36.02,36.07,1200.0,43265.0
2024-01-11 13:40:00,36.06,36.08,36.06,36.08,400.0,14428.0
2024-01-11 13:41:00,36.03,36.08,36.03,36.08,1600.0,57723.0
2024-01-11 13:42:00,36.08,36.12,36.08,36.12,1100.0,39722.0
2024-01-11 13:43:00,36.12,36.13,36.11,36.11,2200.0,79469.0
2024-01-11 13:44:00,36.12,36.13,36.12,36.13,1900.0,68637.0
2024-01-11 13:45:00,36.16,36.16,36.04,36.04,3600.0,130059.0
2024-01-11 13:46:00,36.11,36.11,36.11,36.11,600.0,21666.0
2024-01-11 13:47:00,36.1,36.12,36.1,36.12,900.0,32492.0
2024-01-11 13:48:00,36.12,36.12,36.12,36.12,200.0,7224.0
2024-01-11 13:49:00,36.11,36.11,36.11,36.11,300.0,10833.0
2024-01-11 13:50:00,36.12,36.15,36.11,36.15,2700.0,97548.0
2024-01-11 13:51:00,36.19,36.19,36.18,36.18,1300.0,47038.0
2024-01-11 13:52:00,36.18,36.18,36.16,36.16,3000.0,108523.0
2024-01-11 13:53:00,36.15,36.15,36.04,36.1,2500.0,90289.0
2024-01-11 13:54:00,36.11,36.16,36.1,36.16,2000.0,72240.0
2024-01-11 13:55:00,36.16,36.17,36.16,36.16,1900.0,68710.0
2024-01-11 13:56:00,36.16,36.16,36.16,36.16,0.0,0.0
2024-01-11 13:57:00,36.11,36.15,36.11,36.15,1600.0,57825.0
2024-01-11 13:58:00,36.13,36.17,36.11,36.17,4200.0,151821.0
2024-01-11 13:59:00,36.12,36.14,36.12,36.14,1000.0,36128.0
2024-01-11 14:00:00,36.13,36.14,36.11,36.12,1400.0,50578.0
2024-01-11 14:01:00,36.13,36.13,36.11,36.13,2800.0,101133.0
2024-01-11 14:02:00,36.11,36.11,36.04,36.11,3200.0,115545.0
2024-01-11 14:03:00,36.04,36.06,36.04,36.06,600.0,21632.0
2024-01-11 14:04:00,36.08,36.11,36.08,36.11,1000.0,36086.0
2024-01-11 14:05:00,36.04,36.04,36.04,36.04,1400.0,50497.0
2024-01-11 14:06:00,36.04,36.08,36.04,36.08,3000.0,108190.0
2024-01-11 14:07:00,36.08,36.08,36.08,36.08,400.0,14432.0
2024-01-11 14:08:00,36.07,36.07,36.06,36.06,600.0,21640.0
2024-01-11 14:09:00,36.07,36.07,36.04,36.04,1400.0,50485.0
2024-01-11 14:10:00,36.07,36.08,36.07,36.08,700.0,25252.0
2024-01-11 14:11:00,36.08,36.08,36.05,36.05,200.0,7213.0
2024-01-11 14:12:00,36.08,36.08,36.05,36.06,4800.0,173087.0
2024-01-11 14:13:00,36.04,36.06,36.03,36.06,1500.0,54065.0
2024-01-11 14:14:00,36.06,36.06,36.06,36.06,0.0,0.0
2024-01-11 14:15:00,36.04,36.04,36.03,36.03,200.0,7207.0
2024-01-11 14:16:00,36.04,36.05,36.04,36.05,1400.0,50468.0
2024-01-11 14:17:00,36.05,36.05,36.05,36.05,0.0,0.0
2024-01-11 14:18:00,36.05,36.05,36.05,36.05,300.0,10815.0
2024-01-11 14:19:00,36.04,36.04,36.03,36.04,800.0,28830.0
2024-01-11 14:20:00,36.03,36.03,36.03,36.03,400.0,14412.0
2024-01-11 14:21:00,36.04,36.05,36.04,36.05,2100.0,75697.0
2024-01-11 14:22:00,36.06,36.06,36.02,36.02,2900.0,104493.0
2024-01-11 14:23:00,36.02,36.04,36.02,36.04,1100.0,39634.0
2024-01-11 14:24:00,36.03,36.06,36.03,36.06,1700.0,61273.0
2024-01-11 14:25:00,36.07,36.07,36.07,36.07,1200.0,43284.0
2024-01-11 14:26:00,36.06,36.08,36.06,36.08,1400.0,50500.0
2024-01-11 14:27:00,36.06,36.1,36.06,36.1,400.0,14433.0
2024-01-11 14:28:00,36.1,36.1,36.08,36.08,800.0,28876.0
2024-01-11 14:29:00,36.06,36.06,36.06,36.06,500.0,18030.0
2024-01-11 14:30:00,36.06,36.11,36.06,36.11,1500.0,54128.0
2024-01-11 14:31:00,36.09,36.11,36.08,36.09,3800.0,137188.0
2024-01-11 14:32:00,36.09,36.11,36.09,36.11,1100.0,39707.0
2024-01-11 14:33:00,36.12,36.12,36.09,36.09,1100.0,39720.0
2024-01-11 14:34:00,36.11,36.12,36.1,36.1,3600.0,128801.6953125
2024-01-11 14:35:00,36.13,36.13,36.11,36.11,1200.0,43348.0
2024-01-11 14:36:00,36.11,36.11,36.07,36.08,3400.0,123927.296875
2024-01-11 14:37:00,36.08,36.08,36.08,36.08,400.0,14432.0
2024-01-11 14:38:00,36.08,36.1,36.07,36.1,1500.0,54134.0
2024-01-11 14:39:00,36.07,36.13,36.07,36.13,2600.0,92687.703125
2024-01-11 14:40:00,36.12,36.12,36.08,36.08,300.0,10828.66015625
2024-01-11 14:41:00,36.13,36.13,36.07,36.08,1900.0,69752.640625
2024-01-11 14:42:00,36.08,36.09,36.07,36.08,4100.0,146757.359375
2024-01-11 14:43:00,36.07,36.09,36.07,36.08,6700.0,241756.0
2024-01-11 14:44:00,36.08,36.08,36.03,36.05,2900.0,104574.0
2024-01-11 14:45:00,36.05,36.05,36.05,36.05,1700.0,61285.0
2024-01-11 14:46:00,36.04,36.09,36.04,36.09,9400.0,338939.0
2024-01-11 14:47:00,36.09,36.11,36.07,36.1,1400.0,50535.0
2024-01-11 14:48:00,36.1,36.1,36.07,36.08,600.0,21647.0
2024-01-11 14:49:00,36.06,36.08,36.03,36.07,7500.0,270313.0
2024-01-11 14:50:00,36.05,36.1,36.05,36.05,1600.0,57728.0
2024-01-11 14:51:00,36.06,36.11,36.05,36.11,3100.0,111798.0
2024-01-11 14:52:00,36.06,36.06,36.06,36.06,1000.0,36072.0
2024-01-11 14:53:00,36.08,36.11,36.08,36.1,5900.0,212961.0
2024-01-11 14:54:00,36.11,36.11,36.08,36.08,600.0,21657.0
2024-01-11 14:55:00,36.11,36.12,36.11,36.12,1300.0,46941.0
2024-01-11 14:56:00,36.1,36.13,36.06,36.07,5900.0,213160.296875
2024-01-11 14:57:00,36.07,36.15,36.07,36.14,6900.0,249256.0
2024-01-11 14:58:00,36.14,36.14,36.14,36.14,0.0,0.0
2024-01-11 14:59:00,36.14,36.14,36.14,36.14,0.0,0.0
2024-01-11 15:00:00,36.12,36.12,36.12,36.12,1800.0,65016.0
2024-01-12 09:31:00,36.09,36.2,35.88,35.92,8800.0,316638.0
2024-01-12 09:32:00,35.97,35.97,35.85,35.89,7600.0,272994.0
2024-01-12 09:33:00,35.89,35.91,35.82,35.82,6600.0,236698.0
2024-01-12 09:34:00,35.83,36.03,35.83,36.03,4900.0,175973.0
2024-01-12 09:35:00,36.03,36.12,36.03,36.1,8400.0,303053.0
2024-01-12 09:36:00,36.03,36.04,36.01,36.01,3700.0,133275.0
2024-01-12 09:37:00,35.99,36.15,35.99,36.08,3700.0,133355.0
2024-01-12 09:38:00,36.07,36.14,36.07,36.14,2300.0,83027.0
2024-01-12 09:39:00,36.11,36.19,36.11,36.19,3500.0,126574.0
2024-01-12 09:40:00,36.14,36.14,36.07,36.1,4400.0,158766.0
2024-01-12 09:41:00,36.07,36.14,36.07,36.08,6500.0,234624.0
2024-01-12 09:42:00,36.09,36.09,36.04,36.04,2700.0,97368.0
2024-01-12 09:43:00,36.02,36.05,36.02,36.05,2200.0,79261.0
2024-01-12 09:44:00,36.04,36.04,36.01,36.03,1200.0,43232.0
2024-01-12 09:45:00,35.98,35.98,35.97,35.98,5900.0,212432.0
2024-01-12 09:46:00,35.98,35.98,35.92,35.93,2200.0,79075.0
2024-01-12 09:47:00,35.92,35.93,35.92,35.92,1300.0,46702.0
2024-01-12 09:48:00,35.93,35.98,35.93,35.93,2300.0,82656.0
2024-01-12 09:49:00,35.99,36.0,35.99,36.0,1100.0,39588.0
2024-01-12 09:50:00,36.0,36.0,35.97,35.97,1800.0,64792.0
2024-01-12 09:51:00,35.97,35.97,35.94,35.95,800.0,28756.0
2024-01-12 09:52:00,35.95,36.03,35.95,36.02,3700.0,133153.0
2024-01-12 09:53:00,36.05,36.06,36.03,36.06,1100.0,39641.0
2024-01-12 09:54:00,36.06,36.08,36.06,36.08,400.0,14426.0
2024-01-12 09:55:00,36.08,36.13,36.08,36.08,1800.0,64966.0
2024-01-12 09:56:00,36.1,36.13,36.1,36.1,1300.0,46930.0
2024-01-12 09:57:00,36.1,36.12,36.1,36.12,1800.0,64983.0
2024-01-12 09:58:00,36.11,36.11,36.09,36.09,1700.0,61371.0
2024-01-12 09:59:00,36.09,36.09,36.06,36.08,3500.0,126230.0
2024-01-12 10:00:00,36.08,36.08,36.02,36.02,700.0,25250.0
2024-01-12 10:01:00,36.08,36.08,36.03,36.03,2100.0,75681.0
2024-01-12 10:02:00,36.02,36.04,36.02,36.04,400.0,14411.0
2024-01-12 10:03:00,36.01,36.11,36.01,36.1,2100.0,75760.0
2024-01-12 10:04:00,36.12,36.13,36.1,36.13,800.0,28895.0
2024-01-12 10:05:00,36.15,36.19,36.15,36.19,2800.0,101262.0
2024-01-12 10:06:00,36.2,36.2,36.16,36.16,3600.0,130243.0
2024-01-12 10:07:00,36.16,36.17,36.16,36.17,500.0,18084.0
2024-01-12 10:08:00,36.17,36.19,36.14,36.14,700.0,25314.0
2024-01-12 10:09:00,36.19,36.19,36.18,36.19,6900.0,249644.0
2024-01-12 10:10:00,36.19,36.29,36.19,36.28,4000.0,144838.0
2024-01-12 10:11:00,36.28,36.28,36.24,36.24,1300.0,47149.0
2024-01-12 10:12:00,36.26,36.32,36.26,36.32,4500.0,163325.0
2024-01-12 10:13:00,36.31,36.31,36.26,36.26,10600.0,384758.0
2024-01-12 10:14:00,36.26,36.26,36.26,36.26,200.0,7252.0
2024-01-12 10:15:00,36.25,36.26,36.23,36.24,4000.0,144958.0
2024-01-12 10:16:00,36.25,36.26,36.25,36.26,300.0,10877.0
2024-01-12 10:17:00,36.26,36.29,36.26,36.29,3000.0,108811.0
2024-01-12 10:18:00,36.28,36.28,36.28,36.28,800.0,29024.0
2024-01-12 10:19:00,36.27,36.27,36.27,36.27,100.0,3627.0
2024-01-12 10:20:00,36.27,36.32,36.27,36.29,3400.0,123385.0
2024-01-12 10:21:00,36.29,36.3,36.29,36.29,2600.0,94359.0
2024-01-12 10:22:00,36.3,36.3,36.3,36.3,3000.0,108900.0
2024-01-12 10:23:00,36.31,36.36,36.29,36.34,4500.0,163442.0
2024-01-12 10:24:00,36.35,36.35,36.34,36.35,1800.0,65429.0
2024-01-12 10:25:00,36.32,36.37,36.32,36.36,7600.0,276332.0
2024-01-12 10:26:00,36.36,36.36,36.36,36.36,100.0,3636.0
2024-01-12 10:27:00,36.35,36.36,36.34,36.34,2000.0,72693.0
2024-01-12 10:28:00,36.32,36.34,36.32,36.34,400.0,14531.0
2024-01-12 10:29:00,36.32,36.32,36.3,36.3,600.0,21782.0
2024-01-12 10:30:00,36.3,36.3,36.28,36.28,7600.0,275822.0
2024-01-12 10:31:00,36.3,36.34,36.3,36.34,1300.0,47206.0
2024-01-12 10:32:00,36.34,36.34,36.33,36.33,600.0,21799.0
2024-01-12 10:33:00,36.35,36.35,36.35,36.35,300.0,10905.0
2024-01-12 10:34:00,36.35,36.35,36.35,36.35,0.0,0.0
2024-01-12 10:35:00,36.34,36.34,36.28,36.32,3300.0,119879.0
2024-01-12 10:36:00,36.28,36.28,36.28,36.28,700.0,25396.0
2024-01-12 10:37:00,36.26,36.26,36.26,36.26,300.0,10878.0
2024-01-12 10:38:00,36.26,36.26,36.26,36.26,0.0,0.0
2024-01-12 10:39:00,36.26,36.26,36.26,36.26,0.0,0.0
2024-01-12 10:40:00,36.23,36.27,36.16,36.19,3900.0,141231.0
2024-01-12 10:41:00,36.19,36.19,36.19,36.19,600.0,21714.0
2024-01-12 10:42:00,36.19,36.19,36.19,36.19,300.0,10857.0
2024-01-12 10:43:00,36.19,36.19,36.15,36.15,3300.0,119354.0
2024-01-12 10:44:00,36.15,36.15,36.14,36.14,400.0,14458.0
2024-01-12 10:45:00,36.15,36.15,36.13,36.14,5000.0,180726.0
2024-01-12 10:46:00,36.14,36.14,36.11,36.11,1500.0,54195.0
2024-01-12 10:47:00,36.15,36.15,36.15,36.15,100.0,3615.0
2024-01-12 10:48:00,36.12,36.15,36.11,36.11,1500.0,54172.0
2024-01-12 10:49:00,36.11,36.11,36.09,36.1,3100.0,111925.0
2024-01-12 10:50:00,36.08,36.1,36.08,36.1,700.0,25266.0
2024-01-12 10:51:00,36.1,36.1,36.1,36.1,0.0,0.0
2024-01-12 10:52:00,36.08,36.08,36.08,36.08,900.0,32473.0
2024-01-12 10:53:00,36.08,36.08,36.03,36.03,1300.0,46865.0
2024-01-12 10:54:00,36.03,36.03,36.03,36.03,0.0,0.0
2024-01-12 10:55:00,36.09,36.11,36.09,36.11,4600.0,165959.0
2024-01-12 10:56:00,36.11,36.11,36.1,36.11,1400.0,50547.0
2024-01-12 10:57:00,36.1,36.11,36.1,36.11,900.0,32491.0
2024-01-12 10:58:00,36.11,36.11,36.09,36.09,1600.0,57762.0
2024-01-12 10:59:00,36.09,36.09,36.08,36.08,1000.0,36081.0
2024-01-12 11:00:00,36.08,36.08,36.08,36.08,1300.0,46904.0
2024-01-12 11:01:00,36.08,36.08,36.0,36.0,17000.0,612392.0
2024-01-12 11:02:00,35.95,36.04,35.93,36.04,6600.0,237641.0
2024-01-12 11:03:00,36.05,36.05,35.94,35.94,3800.0,136906.0
2024-01-12 11:04:00,36.03,36.03,35.95,35.95,2400.0,86326.0
2024-01-12 11:05:00,36.03,36.03,35.96,35.96,600.0,21590.0
2024-01-12 11:06:00,35.95,35.95,35.95,35.95,2500.0,89883.0
2024-01-12 11:07:00,35.96,35.96,35.96,35.96,400.0,14384.0
2024-01-12 11:08:00,35.96,35.96,35.96,35.96,0.0,0.0
2024-01-12 11:09:00,35.95,35.96,35.95,35.96,1100.0,39551.0
2024-01-12 11:10:00,35.98,35.98,35.95,35.95,1100.0,39563.0
2024-01-12 11:11:00,35.95,35.95,35.95,35.95,300.0,10785.0
2024-01-12 11:12:00,35.95,35.95,35.92,35.92,7300.0,262387.0
2024-01-12 11:13:00,35.92,35.92,35.92,35.92,0.0,0.0
2024-01-12 11:14:00,35.92,35.92,35.92,35.92,1200.0,43104.0
2024-01-12 11:15:00,35.92,35.92,35.92,35.92,100.0,3592.0
2024-01-12 11:16:00,35.95,35.96,35.95,35.96,2100.0,75493.0
2024-01-12 11:17:00,35.95,35.95,35.95,35.95,1500.0,53925.0
2024-01-12 11:18:00,35.94,35.94,35.93,35.93,2000.0,71876.0
2024-01-12 11:19:00,35.93,35.93,35.9,35.9,5200.0,186776.0
2024-01-12 11:20:00,35.9,35.9,35.9,35.9,2500.0,89750.0
2024-01-12 11:21:00,35.92,35.93,35.92,35.92,1800.0,64663.0
2024-01-12 11:22:00,35.92,35.92,35.92,35.92,100.0,3592.0
2024-01-12 11:23:00,35.92,35.92,35.89,35.89,2000.0,71798.0
2024-01-12 11:24:00,35.89,35.89,35.89,35.89,3800.0,136391.0
2024-01-12 11:25:00,35.92,35.92,35.92,35.92,1000.0,35920.0
2024-01-12 11:26:00,35.92,35.92,35.92,35.92,0.0,0.0
2024-01-12 11:27:00,35.9,35.9,35.89,35.89,1900.0,68198.0
2024-01-12 11:28:00,35.89,35.89,35.89,35.89,1800.0,64602.0
2024-01-12 11:29:00,35.89,35.89,35.88,35.88,2300.0,82546.0
2024-01-12 11:30:00,35.89,35.9,35.88,35.88,2600.0,93306.0
2024-01-12 13:01:00,35.88,35.88,35.84,35.84,10300.0,369339.0
2024-01-12 13:02:00,35.81,35.82,35.81,35.81,2100.0,75202.0
2024-01-12 13:03:00,35.8,35.8,35.78,35.8,7500.0,268500.0
2024-01-12 13:04:00,35.8,35.81,35.8,35.81,500.0,17904.0
2024-01-12 13:05:00,35.81,35.81,35.81,35.81,100.0,3581.0
2024-01-12 13:06:00,35.81,35.81,35.81,35.81,0.0,0.0
2024-01-12 13:07:00,35.81,35.82,35.81,35.82,1600.0,57298.0
2024-01-12 13:08:00,35.82,35.82,35.81,35.81,500.0,17907.0
2024-01-12 13:09:00,35.82,35.82,35.82,35.82,1100.0,39402.0
2024-01-12 13:10:00,35.83,35.85,35.83,35.85,900.0,32256.0
2024-01-12 13:11:00,35.86,35.86,35.86,35.86,900.0,32274.0
2024-01-12 13:12:00,35.86,35.86,35.86,35.86,200.0,7172.0
2024-01-12 13:13:00,35.88,35.88,35.84,35.84,2300.0,82457.0
2024-01-12 13:14:00,35.84,35.87,35.84,35.87,800.0,28689.0
2024-01-12 13:15:00,35.87,35.87,35.87,35.87,0.0,0.0
2024-01-12 13:16:00,35.86,35.88,35.86,35.88,900.0,32276.0
2024-01-12 13:17:00,35.88,35.88,35.88,35.88,200.0,7176.0
2024-01-12 13:18:00,35.89,35.91,35.89,35.91,3600.0,129232.0
2024-01-12 13:19:00,35.93,35.96,35.93,35.96,600.0,21564.0
2024-01-12 13:20:00,35.96,35.96,35.93,35.93,1800.0,64697.0
2024-01-12 13:21:00,35.93,35.93,35.93,35.93,0.0,0.0
2024-01-12 13:22:00,35.87,35.87,35.87,35.87,100.0,3587.0
2024-01-12 13:23:00,35.87,35.9,35.87,35.89,1400.0,50242.0
2024-01-12 13:24:00,35.89,35.89,35.89,35.89,100.0,3589.0
2024-01-12 13:25:00,35.86,35.86,35.86,35.86,200.0,7172.0
2024-01-12 13:26:00,35.86,35.86,35.86,35.86,0.0,0.0
2024-01-12 13:27:00,35.84,35.84,35.84,35.84,1200.0,43008.0
2024-01-12 13:28:00,35.88,35.9,35.88,35.9,300.0,10766.0
2024-01-12 13:29:00,35.9,35.9,35.9,35.9,0.0,0.0
2024-01-12 13:30:00,35.9,35.9,35.9,35.9,900.0,32307.0
2024-01-12 13:31:00,35.88,35.88,35.88,35.88,800.0,28704.0
2024-01-12 13:32:00,35.88,35.88,35.88,35.88,0.0,0.0
2024-01-12 13:33:00,35.85,35.87,35.85,35.87,4300.0,154181.0
2024-01-12 13:34:00,35.87,35.87,35.87,35.87,100.0,3587.0
2024-01-12 13:35:00,35.88,35.88,35.88,35.88,1200.0,43056.0
2024-01-12 13:36:00,35.88,35.88,35.87,35.87,300.0,10762.0
2024-01-12 13:37:00,35.87,35.87,35.87,35.87,200.0,7174.0
2024-01-12 13:38:00,35.85,35.85,35.85,35.85,600.0,21510.0
2024-01-12 13:39:00,35.85,35.85,35.85,35.85,0.0,0.0
2024-01-12 13:40:00,35.85,35.85,35.85,35.85,0.0,0.0
2024-01-12 13:41:00,35.85,35.85,35.85,35.85,800.0,28680.0
2024-01-12 13:42:00,35.84,35.84,35.84,35.84,2400.0,86016.0
2024-01-12 13:43:00,35.83,35.83,35.8,35.8,8700.0,311644.0
2024-01-12 13:44:00,35.78,35.78,35.78,35.78,600.0,21468.0
2024-01-12 13:45:00,35.79,35.79,35.78,35.78,3900.0,139543.0
2024-01-12 13:46:00,35.76,35.76,35.75,35.76,1400.0,50064.0
2024-01-12 13:47:00,35.75,35.77,35.75,35.77,1400.0,50067.0
2024-01-12 13:48:00,35.75,35.77,35.75,35.77,500.0,17877.0
2024-01-12 13:49:00,35.75,35.75,35.75,35.75,200.0,7150.0
2024-01-12 13:50:00,35.76,35.76,35.76,35.76,700.0,25030.0
2024-01-12 13:51:00,35.75,35.76,35.74,35.74,3000.0,107250.0
2024-01-12 13:52:00,35.74,35.74,35.72,35.72,1700.0,60738.0
2024-01-12 13:53:00,35.73,35.73,35.73,35.73,500.0,17865.0
2024-01-12 13:54:00,35.73,35.74,35.73,35.74,700.0,25012.0
2024-01-12 13:55:00,35.74,35.74,35.74,35.74,700.0,25018.0
2024-01-12 13:56:00,35.74,35.74,35.74,35.74,300.0,10722.0
2024-01-12 13:57:00,35.74,35.74,35.74,35.74,0.0,0.0
2024-01-12 13:58:00,35.74,35.74,35.74,35.74,0.0,0.0
2024-01-12 13:59:00,35.75,35.76,35.75,35.76,600.0,21454.0
2024-01-12 14:00:00,35.75,35.77,35.75,35.75,800.0,28603.0
2024-01-12 14:01:00,35.77,35.77,35.77,35.77,700.0,25039.0
2024-01-12 14:02:00,35.77,35.77,35.76,35.76,900.0,32190.0
2024-01-12 14:03:00,35.75,35.75,35.71,35.71,6400.0,228694.0
2024-01-12 14:04:00,35.71,35.71,35.62,35.62,4300.0,153451.0
2024-01-12 14:05:00,35.69,35.73,35.69,35.73,3200.0,114264.0
2024-01-12 14:06:00,35.77,35.77,35.77,35.77,1400.0,50073.0
2024-01-12 14:07:00,35.74,35.74,35.71,35.71,300.0,10718.0
2024-01-12 14:08:00,35.72,35.72,35.72,35.72,600.0,21432.0
2024-01-12 14:09:00,35.72,35.72,35.72,35.72,100.0,3572.0
2024-01-12 14:10:00,35.76,35.77,35.75,35.77,1000.0,35761.0
2024-01-12 14:11:00,35.81,35.83,35.81,35.83,700.0,25079.0
2024-01-12 14:12:00,35.8,35.8,35.79,35.79,1000.0,35802.0
2024-01-12 14:13:00,35.75,35.75,35.75,35.75,100.0,3575.0
2024-01-12 14:14:00,35.76,35.78,35.76,35.78,500.0,17885.0
2024-01-12 14:15:00,35.74,35.74,35.74,35.74,100.0,3574.0
2024-01-12 14:16:00,35.78,35.79,35.78,35.79,400.0,14313.0
2024-01-12 14:17:00,35.79,35.79,35.77,35.77,500.0,17893.0
2024-01-12 14:18:00,35.78,35.78,35.77,35.77,500.0,17888.0
2024-01-12 14:19:00,35.77,35.77,35.77,35.77,100.0,3577.0
2024-01-12 14:20:00,35.78,35.78,35.78,35.78,200.0,7156.0
2024-01-12 14:21:00,35.77,35.78,35.76,35.78,2000.0,71554.0
2024-01-12 14:22:00,35.79,35.82,35.79,35.82,300.0,10740.0
2024-01-12 14:23:00,35.81,35.81,35.8,35.8,1000.0,35804.0
2024-01-12 14:24:00,35.79,35.81,35.77,35.81,700.0,25060.0
2024-01-12 14:25:00,35.81,35.81,35.81,35.81,300.0,10743.0
2024-01-12 14:26:00,35.8,35.8,35.78,35.78,300.0,10738.0
2024-01-12 14:27:00,35.77,35.78,35.76,35.78,800.0,28616.0
2024-01-12 14:28:00,35.79,35.79,35.79,35.79,100.0,3579.0
2024-01-12 14:29:00,35.79,35.79,35.79,35.79,400.0,14316.0
2024-01-12 14:30:00,35.81,35.81,35.77,35.77,400.0,14320.0
2024-01-12 14:31:00,35.77,35.77,35.77,35.77,600.0,21462.0
2024-01-12 14:32:00,35.8,35.82,35.8,35.82,600.0,21484.0
2024-01-12 14:33:00,35.78,35.78,35.78,35.78,300.0,10734.0
2024-01-12 14:34:00,35.78,35.78,35.78,35.78,0.0,0.0
2024-01-12 14:35:00,35.79,35.81,35.79,35.81,900.0,32217.0
2024-01-12 14:36:00,35.8,35.8,35.75,35.75,8800.0,314741.0
2024-01-12 14:37:00,35.75,35.77,35.75,35.77,3000.0,107261.0
2024-01-12 14:38:00,35.76,35.76,35.75,35.75,500.0,17879.0
2024-01-12 14:39:00,35.76,35.78,35.76,35.78,600.0,21463.0
2024-01-12 14:40:00,35.78,35.78,35.78,35.78,3100.0,110919.0
2024-01-12 14:41:00,35.78,35.78,35.76,35.76,5900.0,209912.921875
2024-01-12 14:42:00,35.76,35.76,35.76,35.76,1000.0,35760.0
2024-01-12 14:43:00,35.77,35.77,35.77,35.77,200.0,7154.0
2024-01-12 14:44:00,35.76,35.76,35.76,35.76,200.0,7152.0
2024-01-12 14:45:00,35.77,35.77,35.76,35.77,600.0,21460.0
2024-01-12 14:46:00,35.75,35.76,35.71,35.71,400.0,15477.080078125
2024-01-12 14:47:00,35.75,35.75,35.71,35.71,400.0,14290.0
2024-01-12 14:48:00,35.71,35.71,35.71,35.71,700.0,24997.0
2024-01-12 14:49:00,35.71,35.71,35.69,35.69,3700.0,132063.0
2024-01-12 14:50:00,35.72,35.74,35.72,35.74,800.0,28590.0
2024-01-12 14:51:00,35.74,35.74,35.71,35.73,1700.0,60737.0
2024-01-12 14:52:00,35.73,35.73,35.73,35.73,200.0,7146.0
2024-01-12 14:53:00,35.7,35.7,35.7,35.7,1100.0,39270.0
2024-01-12 14:54:00,35.7,35.7,35.69,35.69,500.0,17849.0
2024-01-12 14:55:00,35.73,35.73,35.73,35.73,100.0,3573.0
2024-01-12 14:56:00,35.7,35.7,35.69,35.69,400.0,14279.0
2024-01-12 14:57:00,35.73,35.73,35.61,35.7,16300.0,581418.0
2024-01-12 14:58:00,35.7,35.7,35.7,35.7,0.0,0.0
2024-01-12 14:59:00,35.7,35.7,35.7,35.7,0.0,0.0
2024-01-12 15:00:00,35.57,35.57,35.57,35.57,6500.0,231205.0
