trade_time,open,high,low,close,vol,amount
2024-01-02 09:31:00,21.18,21.2,21.04,21.05,66300.0,1401894.0
2024-01-02 09:32:00,21.07,21.1,21.06,21.1,17400.0,366923.0
2024-01-02 09:33:00,21.1,21.11,21.09,21.1,14300.0,301766.0
2024-01-02 09:34:00,21.08,21.08,21.06,21.06,16000.0,337212.0
2024-01-02 09:35:00,21.07,21.07,21.0,21.04,62300.0,1310447.0
2024-01-02 09:36:00,21.06,21.06,21.01,21.03,47400.0,996476.0
2024-01-02 09:37:00,21.01,21.04,21.0,21.04,60000.0,1260794.0
2024-01-02 09:38:00,21.0,21.04,21.0,21.04,51100.0,1074394.0
2024-01-02 09:39:00,21.01,21.03,20.96,20.98,86400.0,1814754.0
2024-01-02 09:40:00,21.02,21.03,21.01,21.03,6200.0,130343.0
2024-01-02 09:41:00,21.02,21.03,21.01,21.03,10400.0,218628.0
2024-01-02 09:42:00,21.04,21.06,21.03,21.03,20300.0,427053.0
2024-01-02 09:43:00,21.04,21.04,21.01,21.03,22600.0,475193.0
2024-01-02 09:44:00,21.02,21.03,21.01,21.01,11600.0,243863.0
2024-01-02 09:45:00,21.01,21.01,21.0,21.01,37400.0,785604.0
2024-01-02 09:46:00,21.0,21.03,21.0,21.03,34900.0,733475.0
2024-01-02 09:47:00,21.04,21.04,21.0,21.0,28800.0,605213.0
2024-01-02 09:48:00,21.0,21.01,20.95,20.96,44000.0,923128.0
2024-01-02 09:49:00,20.96,21.0,20.95,21.0,10000.0,209713.0
2024-01-02 09:50:00,21.0,21.02,20.98,20.98,49300.0,1035686.0
2024-01-02 09:51:00,20.98,21.02,20.98,21.0,22500.0,472773.0
2024-01-02 09:52:00,21.0,21.01,20.99,20.99,19500.0,409524.0
2024-01-02 09:53:00,21.0,21.0,20.98,20.99,9000.0,188912.0
2024-01-02 09:54:00,20.99,20.99,20.95,20.97,26200.0,549459.0
2024-01-02 09:55:00,20.98,20.98,20.96,20.97,16400.0,343843.0
2024-01-02 09:56:00,20.97,20.97,20.93,20.94,33000.0,691392.0
2024-01-02 09:57:00,20.94,20.96,20.94,20.95,6400.0,134087.0
2024-01-02 09:58:00,20.95,20.96,20.95,20.96,5500.0,115244.0
2024-01-02 09:59:00,20.95,20.97,20.95,20.97,11600.0,243149.0
2024-01-02 10:00:00,20.98,21.0,20.98,21.0,4900.0,102836.0
2024-01-02 10:01:00,21.0,21.0,20.99,21.0,16900.0,354793.0
2024-01-02 10:02:00,21.0,21.01,20.99,21.01,7900.0,165898.0
2024-01-02 10:03:00,21.01,21.04,21.01,21.03,10600.0,222811.0
2024-01-02 10:04:00,21.04,21.05,21.03,21.03,9200.0,193589.0
2024-01-02 10:05:00,21.04,21.04,21.03,21.03,2800.0,58906.0
2024-01-02 10:06:00,21.03,21.05,21.03,21.05,9000.0,189364.0
2024-01-02 10:07:00,21.04,21.06,21.04,21.04,18900.0,397823.0
2024-01-02 10:08:00,21.04,21.04,21.03,21.04,3900.0,82047.0
2024-01-02 10:09:00,21.04,21.04,20.98,20.99,22500.0,472665.0
2024-01-02 10:10:00,21.0,21.01,20.98,20.98,4400.0,92361.0
2024-01-02 10:11:00,21.0,21.0,20.98,20.99,11800.0,247686.0
2024-01-02 10:12:00,20.99,21.0,20.99,21.0,2700.0,56683.0
2024-01-02 10:13:00,21.0,21.0,20.97,20.99,37500.0,786806.0
2024-01-02 10:14:00,20.98,20.99,20.98,20.99,1200.0,25189.0
2024-01-02 10:15:00,21.01,21.03,21.0,21.03,21700.0,455791.0
2024-01-02 10:16:00,21.01,21.02,21.0,21.02,3300.0,69340.0
2024-01-02 10:17:00,21.01,21.02,20.97,20.98,16600.0,348454.0
2024-01-02 10:18:00,20.99,20.99,20.97,20.99,2900.0,60856.0
2024-01-02 10:19:00,20.99,20.99,20.97,20.98,14800.0,310397.0
2024-01-02 10:20:00,20.99,20.99,20.97,20.97,9100.0,190965.0
2024-01-02 10:21:00,20.99,20.99,20.98,20.98,2600.0,54560.0
2024-01-02 10:22:00,20.99,20.99,20.97,20.98,17600.0,369252.0
2024-01-02 10:23:00,20.97,20.99,20.97,20.99,4800.0,100716.0
2024-01-02 10:24:00,20.99,20.99,20.98,20.98,6100.0,128032.0
2024-01-02 10:25:00,20.97,20.99,20.97,20.98,3600.0,75541.0
2024-01-02 10:26:00,20.99,20.99,20.98,20.98,200.0,4197.0
2024-01-02 10:27:00,20.98,20.99,20.98,20.99,900.0,18885.0
2024-01-02 10:28:00,21.0,21.02,21.0,21.02,4200.0,88262.0
2024-01-02 10:29:00,21.02,21.03,21.01,21.01,6200.0,130330.0
2024-01-02 10:30:00,21.02,21.02,21.01,21.02,500.0,10488.0
2024-01-02 10:31:00,21.01,21.02,21.0,21.0,5700.0,119750.0
2024-01-02 10:32:00,21.0,21.0,20.98,20.98,7600.0,159592.0
2024-01-02 10:33:00,20.99,21.02,20.98,21.0,23700.0,497712.0
2024-01-02 10:34:00,21.0,21.02,21.0,21.02,2100.0,44122.0
2024-01-02 10:35:00,21.02,21.03,21.01,21.03,21400.0,449966.0
2024-01-02 10:36:00,21.03,21.05,21.03,21.05,8600.0,180930.0
2024-01-02 10:37:00,21.05,21.05,21.03,21.04,20900.0,439682.0
2024-01-02 10:38:00,21.04,21.04,21.03,21.04,3300.0,69422.0
2024-01-02 10:39:00,21.04,21.05,21.03,21.05,2700.0,56818.0
2024-01-02 10:40:00,21.05,21.05,21.03,21.03,500.0,10521.0
2024-01-02 10:41:00,21.03,21.05,21.03,21.05,600.0,12628.0
2024-01-02 10:42:00,21.05,21.05,21.04,21.05,2400.0,50517.0
2024-01-02 10:43:00,21.04,21.04,21.03,21.03,14500.0,305063.0
2024-01-02 10:44:00,21.03,21.03,20.99,20.99,105600.0,2219211.0
2024-01-02 10:45:00,20.99,21.0,20.99,20.99,17300.0,363248.0
2024-01-02 10:46:00,21.0,21.02,21.0,21.0,26300.0,552322.0
2024-01-02 10:47:00,21.01,21.02,21.0,21.0,24000.0,504059.0
2024-01-02 10:48:00,21.0,21.02,21.0,21.02,4500.0,94526.0
2024-01-02 10:49:00,21.02,21.02,21.02,21.02,5300.0,111406.0
2024-01-02 10:50:00,21.01,21.02,21.0,21.0,39800.0,836884.0
2024-01-02 10:51:00,21.01,21.01,20.97,20.97,101500.0,2130068.0
2024-01-02 10:52:00,20.97,20.97,20.96,20.97,10800.0,226475.0
2024-01-02 10:53:00,20.97,20.98,20.97,20.98,2600.0,54530.0
2024-01-02 10:54:00,20.97,20.97,20.97,20.97,700.0,14679.0
2024-01-02 10:55:00,20.98,20.98,20.97,20.98,3900.0,81820.0
2024-01-02 10:56:00,20.98,21.0,20.98,21.0,6300.0,132219.0
2024-01-02 10:57:00,20.99,21.0,20.99,20.99,2500.0,52476.0
2024-01-02 10:58:00,20.98,20.98,20.96,20.96,30500.0,639664.0
2024-01-02 10:59:00,20.96,20.98,20.96,20.97,1800.0,37745.0
2024-01-02 11:00:00,20.97,20.98,20.97,20.98,3100.0,65013.0
2024-01-02 11:01:00,20.98,20.98,20.98,20.98,3900.0,81822.0
2024-01-02 11:02:00,20.98,20.99,20.98,20.99,4100.0,86034.0
2024-01-02 11:03:00,20.99,20.99,20.99,20.99,500.0,10495.0
2024-01-02 11:04:00,20.99,20.99,20.97,20.97,30500.0,639740.0
2024-01-02 11:05:00,20.97,20.97,20.96,20.96,4300.0,90159.0
2024-01-02 11:06:00,20.97,20.97,20.96,20.96,700.0,14678.0
2024-01-02 11:07:00,20.97,20.97,20.96,20.97,9300.0,195004.0
2024-01-02 11:08:00,20.97,20.97,20.96,20.96,14600.0,306096.0
2024-01-02 11:09:00,20.96,20.96,20.95,20.96,12100.0,253590.0
2024-01-02 11:10:00,20.97,20.98,20.96,20.97,9400.0,197115.0
2024-01-02 11:11:00,20.98,20.98,20.97,20.98,11500.0,241191.0
2024-01-02 11:12:00,20.98,20.98,20.97,20.98,6000.0,125860.0
2024-01-02 11:13:00,20.97,20.98,20.97,20.97,21900.0,459304.0
2024-01-02 11:14:00,20.98,20.98,20.97,20.98,2400.0,50344.0
2024-01-02 11:15:00,20.98,20.98,20.97,20.98,8300.0,174121.0
2024-01-02 11:16:00,20.97,20.98,20.97,20.98,3200.0,67128.0
2024-01-02 11:17:00,20.98,20.99,20.98,20.99,1400.0,29380.0
2024-01-02 11:18:00,20.98,20.99,20.98,20.99,12000.0,251875.0
2024-01-02 11:19:00,20.99,20.99,20.98,20.99,12200.0,256066.0
2024-01-02 11:20:00,20.98,20.98,20.97,20.97,7200.0,151049.0
2024-01-02 11:21:00,20.97,20.98,20.97,20.98,3400.0,71320.0
2024-01-02 11:22:00,20.97,20.97,20.96,20.96,15400.0,322908.0
2024-01-02 11:23:00,20.96,20.96,20.94,20.94,38100.0,798308.0
2024-01-02 11:24:00,20.94,20.94,20.94,20.94,8600.0,180089.0
2024-01-02 11:25:00,20.94,20.96,20.94,20.96,4600.0,96368.0
2024-01-02 11:26:00,20.95,20.96,20.95,20.95,3400.0,71232.0
2024-01-02 11:27:00,20.95,20.95,20.94,20.94,3700.0,77492.0
2024-01-02 11:28:00,20.94,20.95,20.91,20.91,36000.0,753559.0
2024-01-02 11:29:00,20.92,20.92,20.91,20.92,14200.0,297051.0
2024-01-02 11:30:00,20.91,20.91,20.88,20.89,59600.0,1245686.0
2024-01-02 13:01:00,20.88,20.9,20.88,20.89,47500.0,992171.0
2024-01-02 13:02:00,20.89,20.91,20.89,20.91,9500.0,198547.0
2024-01-02 13:03:00,20.9,20.9,20.9,20.9,7000.0,146300.0
2024-01-02 13:04:00,20.9,20.91,20.9,20.91,3500.0,73181.0
2024-01-02 13:05:00,20.9,20.92,20.9,20.92,9400.0,196573.0
2024-01-02 13:06:00,20.91,20.94,20.91,20.94,5700.0,119270.0
2024-01-02 13:07:00,20.95,20.97,20.95,20.96,23900.0,501023.0
2024-01-02 13:08:00,20.94,20.94,20.91,20.94,5400.0,113053.0
2024-01-02 13:09:00,20.93,20.93,20.92,20.93,700.0,14649.0
2024-01-02 13:10:00,20.93,20.95,20.93,20.93,15000.0,314091.0
2024-01-02 13:11:00,20.93,20.93,20.92,20.92,19400.0,405937.0
2024-01-02 13:12:00,20.91,20.92,20.91,20.92,6100.0,127588.0
2024-01-02 13:13:00,20.92,20.92,20.92,20.92,1000.0,20920.0
2024-01-02 13:14:00,20.92,20.93,20.92,20.93,3200.0,66973.0
2024-01-02 13:15:00,20.92,20.93,20.92,20.92,3300.0,69043.0
2024-01-02 13:16:00,20.92,20.92,20.89,20.9,49900.0,1043265.0
2024-01-02 13:17:00,20.9,20.91,20.9,20.91,900.0,18815.0
2024-01-02 13:18:00,20.91,20.91,20.9,20.9,13500.0,282266.0
2024-01-02 13:19:00,20.91,20.93,20.91,20.91,21700.0,453878.0
2024-01-02 13:20:00,20.92,20.93,20.92,20.93,1900.0,39757.0
2024-01-02 13:21:00,20.92,20.92,20.91,20.91,3200.0,66936.0
2024-01-02 13:22:00,20.93,20.93,20.91,20.91,6900.0,144341.0
2024-01-02 13:23:00,20.92,20.92,20.91,20.91,2700.0,56476.0
2024-01-02 13:24:00,20.91,20.93,20.91,20.93,9100.0,190422.0
2024-01-02 13:25:00,20.92,20.93,20.91,20.92,4200.0,87878.0
2024-01-02 13:26:00,20.93,20.93,20.9,20.93,47100.0,984699.0
2024-01-02 13:27:00,20.9,20.94,20.9,20.93,35000.0,732403.0
2024-01-02 13:28:00,20.94,20.94,20.94,20.94,700.0,14658.0
2024-01-02 13:29:00,20.95,20.97,20.95,20.97,16000.0,335359.0
2024-01-02 13:30:00,20.96,20.97,20.94,20.94,14300.0,299649.0
2024-01-02 13:31:00,20.94,20.94,20.9,20.9,42000.0,878405.0
2024-01-02 13:32:00,20.91,20.91,20.88,20.9,48100.0,1004838.0
2024-01-02 13:33:00,20.89,20.9,20.87,20.87,16100.0,336311.0
2024-01-02 13:34:00,20.88,20.89,20.88,20.88,3200.0,66818.0
2024-01-02 13:35:00,20.89,20.92,20.88,20.92,110200.0,2302143.0
2024-01-02 13:36:00,20.92,20.92,20.9,20.9,32500.0,679314.0
2024-01-02 13:37:00,20.9,20.9,20.88,20.89,27100.0,566098.0
2024-01-02 13:38:00,20.89,20.89,20.89,20.89,2400.0,50136.0
2024-01-02 13:39:00,20.89,20.89,20.88,20.88,19700.0,411353.0
2024-01-02 13:40:00,20.88,20.88,20.88,20.88,1200.0,25056.0
2024-01-02 13:41:00,20.89,20.89,20.88,20.88,2600.0,54293.0
2024-01-02 13:42:00,20.89,20.89,20.89,20.89,6100.0,127429.0
2024-01-02 13:43:00,20.89,20.89,20.88,20.88,20400.0,426032.0
2024-01-02 13:44:00,20.89,20.89,20.89,20.89,1700.0,35513.0
2024-01-02 13:45:00,20.88,20.89,20.88,20.88,5500.0,114879.0
2024-01-02 13:46:00,20.88,20.88,20.88,20.88,0.0,0.0
2024-01-02 13:47:00,20.89,20.89,20.89,20.89,5500.0,114895.0
2024-01-02 13:48:00,20.89,20.89,20.88,20.89,6400.0,133695.0
2024-01-02 13:49:00,20.89,20.89,20.89,20.89,200.0,4178.0
2024-01-02 13:50:00,20.89,20.89,20.88,20.88,12600.0,263212.0
2024-01-02 13:51:00,20.89,20.89,20.88,20.88,2700.0,56393.0
2024-01-02 13:52:00,20.88,20.89,20.88,20.88,1800.0,37595.0
2024-01-02 13:53:00,20.89,20.89,20.89,20.89,3000.0,62670.0
2024-01-02 13:54:00,20.89,20.89,20.88,20.89,3100.0,64756.0
2024-01-02 13:55:00,20.89,20.9,20.89,20.9,16300.0,340620.0
2024-01-02 13:56:00,20.9,20.9,20.89,20.9,7100.0,148379.0
2024-01-02 13:57:00,20.9,20.9,20.89,20.89,14900.0,311300.0
2024-01-02 13:58:00,20.89,20.9,20.89,20.89,18900.0,394821.0
2024-01-02 13:59:00,20.88,20.89,20.88,20.88,1700.0,35503.0
2024-01-02 14:00:00,20.88,20.88,20.88,20.88,7000.0,146160.0
2024-01-02 14:01:00,20.89,20.9,20.89,20.89,10400.0,217323.0
2024-01-02 14:02:00,20.88,20.89,20.88,20.89,1500.0,31332.0
2024-01-02 14:03:00,20.88,20.89,20.88,20.89,7400.0,154524.0
2024-01-02 14:04:00,20.88,20.88,20.87,20.87,68600.0,1431711.0
2024-01-02 14:05:00,20.87,20.87,20.85,20.85,65800.0,1373268.0
2024-01-02 14:06:00,20.86,20.86,20.86,20.86,10800.0,225288.0
2024-01-02 14:07:00,20.87,20.87,20.86,20.86,1600.0,33382.0
2024-01-02 14:08:00,20.87,20.89,20.87,20.89,2300.0,48027.0
2024-01-02 14:09:00,20.89,20.89,20.88,20.88,1600.0,33411.0
2024-01-02 14:10:00,20.88,20.9,20.88,20.88,9200.0,192173.0
2024-01-02 14:11:00,20.89,20.89,20.89,20.89,200.0,4178.0
2024-01-02 14:12:00,20.89,20.9,20.89,20.9,66800.0,1396084.0
2024-01-02 14:13:00,20.91,20.91,20.9,20.91,3800.0,79436.0
2024-01-02 14:14:00,20.9,20.9,20.9,20.9,1600.0,33440.0
2024-01-02 14:15:00,20.9,20.9,20.9,20.9,100.0,2090.0
2024-01-02 14:16:00,20.9,20.9,20.89,20.9,9400.0,196380.0
2024-01-02 14:17:00,20.9,20.9,20.88,20.88,4600.0,96092.0
2024-01-02 14:18:00,20.9,20.9,20.89,20.89,1300.0,27161.0
2024-01-02 14:19:00,20.89,20.89,20.89,20.89,2400.0,50136.0
2024-01-02 14:20:00,20.89,20.89,20.89,20.89,200.0,4178.0
2024-01-02 14:21:00,20.89,20.9,20.88,20.9,2800.0,58495.0
2024-01-02 14:22:00,20.89,20.9,20.88,20.9,2000.0,41786.0
2024-01-02 14:23:00,20.89,20.9,20.88,20.9,10200.0,213169.0
2024-01-02 14:24:00,20.9,20.92,20.9,20.91,30000.0,627682.0
2024-01-02 14:25:00,20.9,20.91,20.9,20.9,6100.0,127538.0
2024-01-02 14:26:00,20.9,20.91,20.9,20.91,10900.0,227856.0
2024-01-02 14:27:00,20.9,20.9,20.9,20.9,8400.0,175568.0
2024-01-02 14:28:00,20.9,20.9,20.88,20.88,38100.0,796226.0
2024-01-02 14:29:00,20.89,20.89,20.88,20.89,8200.0,171297.0
2024-01-02 14:30:00,20.89,20.91,20.89,20.91,3300.0,68947.0
2024-01-02 14:31:00,20.91,20.91,20.91,20.91,600.0,12546.0
2024-01-02 14:32:00,20.9,20.91,20.89,20.91,2500.0,52264.0
2024-01-02 14:33:00,20.9,20.91,20.9,20.91,9600.0,200727.0
2024-01-02 14:34:00,20.91,20.91,20.91,20.91,500.0,10455.0
2024-01-02 14:35:00,20.9,20.91,20.9,20.91,3700.0,77365.0
2024-01-02 14:36:00,20.91,20.92,20.91,20.92,2000.0,41835.0
2024-01-02 14:37:00,20.92,20.92,20.9,20.9,10400.0,217498.0
2024-01-02 14:38:00,20.91,20.92,20.91,20.91,3700.0,77369.0
2024-01-02 14:39:00,20.91,20.91,20.9,20.9,1900.0,39726.0
2024-01-02 14:40:00,20.91,20.91,20.9,20.91,4400.0,91969.0
2024-01-02 14:41:00,20.91,20.91,20.9,20.9,3500.0,73155.0
2024-01-02 14:42:00,20.9,20.91,20.9,20.9,5100.0,106604.0
2024-01-02 14:43:00,20.91,20.91,20.89,20.89,25300.0,528794.0
2024-01-02 14:44:00,20.89,20.9,20.89,20.89,13700.0,286204.0
2024-01-02 14:45:00,20.9,20.9,20.89,20.89,3200.0,66871.0
2024-01-02 14:46:00,20.9,20.9,20.89,20.89,9000.0,188021.0
2024-01-02 14:47:00,20.89,20.9,20.88,20.88,51600.0,1077909.0
2024-01-02 14:48:00,20.89,20.89,20.88,20.88,26800.0,559665.0
2024-01-02 14:49:00,20.88,20.88,20.87,20.87,26900.0,561667.0
2024-01-02 14:50:00,20.87,20.88,20.87,20.88,8600.0,179499.0
2024-01-02 14:51:00,20.87,20.88,20.87,20.87,12300.0,256706.0
2024-01-02 14:52:00,20.87,20.88,20.87,20.88,9900.0,206614.0
2024-01-02 14:53:00,20.87,20.88,20.87,20.88,14300.0,298478.0
2024-01-02 14:54:00,20.88,20.88,20.87,20.88,8900.0,185816.0
2024-01-02 14:55:00,20.87,20.88,20.87,20.88,22000.0,459313.0
2024-01-02 14:56:00,20.88,20.88,20.87,20.88,18800.0,392435.0
2024-01-02 14:57:00,20.88,20.88,20.88,20.88,20600.0,430146.0
2024-01-02 14:58:00,20.88,20.88,20.88,20.88,0.0,0.0
2024-01-02 14:59:00,20.88,20.88,20.88,20.88,0.0,0.0
2024-01-02 15:00:00,20.87,20.87,20.87,20.87,47500.0,991325.0
2024-01-03 09:31:00,20.78,20.89,20.78,20.78,50800.0,1056393.0
2024-01-03 09:32:00,20.78,20.8,20.77,20.8,37400.0,777003.0
2024-01-03 09:33:00,20.8,20.89,20.8,20.87,9400.0,195791.0
2024-01-03 09:34:00,20.88,20.91,20.87,20.91,25700.0,536802.0
2024-01-03 09:35:00,20.91,20.92,20.88,20.89,53300.0,1113653.0
2024-01-03 09:36:00,20.9,20.9,20.88,20.89,31700.0,662327.0
2024-01-03 09:37:00,20.89,20.91,20.89,20.91,24500.0,512112.0
2024-01-03 09:38:00,20.94,20.97,20.93,20.96,40700.0,852635.0
2024-01-03 09:39:00,20.96,20.97,20.96,20.96,16300.0,341722.0
2024-01-03 09:40:00,20.96,20.96,20.91,20.94,27800.0,582217.0
2024-01-03 09:41:00,20.93,20.94,20.92,20.94,5800.0,121424.0
2024-01-03 09:42:00,20.93,20.93,20.9,20.9,28900.0,604059.0
2024-01-03 09:43:00,20.92,20.92,20.88,20.88,41700.0,871289.0
2024-01-03 09:44:00,20.88,20.9,20.88,20.9,3100.0,64772.0
2024-01-03 09:45:00,20.9,20.9,20.89,20.9,25000.0,522478.0
2024-01-03 09:46:00,20.91,20.91,20.9,20.9,5400.0,112865.0
2024-01-03 09:47:00,20.89,20.89,20.88,20.89,5200.0,108612.0
2024-01-03 09:48:00,20.89,20.9,20.89,20.9,15300.0,319730.0
2024-01-03 09:49:00,20.91,20.91,20.9,20.9,9800.0,204908.0
2024-01-03 09:50:00,20.91,20.91,20.9,20.91,16500.0,345001.0
2024-01-03 09:51:00,20.92,20.92,20.92,20.92,7900.0,165268.0
2024-01-03 09:52:00,20.92,20.92,20.91,20.91,10600.0,221741.0
2024-01-03 09:53:00,20.92,20.94,20.92,20.94,15500.0,324368.0
2024-01-03 09:54:00,20.94,20.94,20.92,20.93,10300.0,215589.0
2024-01-03 09:55:00,20.92,20.92,20.9,20.91,26100.0,545797.0
2024-01-03 09:56:00,20.91,20.91,20.89,20.89,11000.0,229908.0
2024-01-03 09:57:00,20.9,20.9,20.88,20.88,18800.0,392632.0
2024-01-03 09:58:00,20.88,20.89,20.88,20.88,7700.0,160785.0
2024-01-03 09:59:00,20.87,20.88,20.85,20.85,8400.0,175249.0
2024-01-03 10:00:00,20.85,20.86,20.85,20.86,1500.0,31286.0
2024-01-03 10:01:00,20.85,20.86,20.85,20.85,6700.0,139697.0
2024-01-03 10:02:00,20.85,20.85,20.83,20.84,17500.0,364693.0
2024-01-03 10:03:00,20.83,20.87,20.83,20.86,20700.0,431456.0
2024-01-03 10:04:00,20.86,20.87,20.86,20.87,900.0,18782.0
2024-01-03 10:05:00,20.87,20.88,20.87,20.88,3300.0,68903.0
2024-01-03 10:06:00,20.88,20.9,20.88,20.89,700.0,14625.0
2024-01-03 10:07:00,20.88,20.89,20.88,20.88,12100.0,252695.0
2024-01-03 10:08:00,20.89,20.89,20.89,20.89,1600.0,33424.0
2024-01-03 10:09:00,20.89,20.89,20.88,20.88,5000.0,104435.0
2024-01-03 10:10:00,20.87,20.88,20.86,20.86,26300.0,549073.0
2024-01-03 10:11:00,20.86,20.86,20.84,20.84,11900.0,248070.0
2024-01-03 10:12:00,20.83,20.85,20.83,20.85,5200.0,108362.0
2024-01-03 10:13:00,20.83,20.85,20.83,20.84,6300.0,131285.0
2024-01-03 10:14:00,20.84,20.85,20.84,20.85,5100.0,106290.0
2024-01-03 10:15:00,20.84,20.85,20.83,20.84,21400.0,445956.0
2024-01-03 10:16:00,20.84,20.86,20.84,20.86,7700.0,160518.0
2024-01-03 10:17:00,20.86,20.86,20.84,20.84,2200.0,45857.0
2024-01-03 10:18:00,20.84,20.86,20.84,20.86,2000.0,41699.0
2024-01-03 10:19:00,20.85,20.86,20.85,20.85,3400.0,70894.0
2024-01-03 10:20:00,20.85,20.9,20.85,20.86,5000.0,104309.0
2024-01-03 10:21:00,20.88,20.88,20.88,20.88,3400.0,70992.0
2024-01-03 10:22:00,20.88,20.88,20.88,20.88,1500.0,31320.0
2024-01-03 10:23:00,20.88,20.89,20.88,20.88,5800.0,121111.0
2024-01-03 10:24:00,20.89,20.89,20.89,20.89,100.0,2089.0
2024-01-03 10:25:00,20.87,20.88,20.87,20.88,7300.0,152407.0
2024-01-03 10:26:00,20.88,20.89,20.88,20.89,700.0,14618.0
2024-01-03 10:27:00,20.89,20.89,20.89,20.89,200.0,4178.0
2024-01-03 10:28:00,20.88,20.88,20.87,20.87,1000.0,20876.0
2024-01-03 10:29:00,20.89,20.89,20.89,20.89,5500.0,114896.0
2024-01-03 10:30:00,20.9,20.9,20.9,20.9,3800.0,79420.0
2024-01-03 10:31:00,20.9,20.9,20.89,20.9,9500.0,198544.0
2024-01-03 10:32:00,20.89,20.9,20.89,20.89,25700.0,537106.0
2024-01-03 10:33:00,20.9,20.92,20.9,20.91,52000.0,1086973.0
2024-01-03 10:34:00,20.92,20.92,20.91,20.92,2100.0,43929.0
2024-01-03 10:35:00,20.91,20.92,20.91,20.92,5400.0,112950.0
2024-01-03 10:36:00,20.92,20.92,20.91,20.91,15700.0,328291.0
2024-01-03 10:37:00,20.91,20.91,20.91,20.91,500.0,10455.0
2024-01-03 10:38:00,20.92,20.92,20.9,20.9,5500.0,115011.0
2024-01-03 10:39:00,20.9,20.91,20.9,20.91,2100.0,43893.0
2024-01-03 10:40:00,20.91,20.91,20.89,20.89,3100.0,64794.0
2024-01-03 10:41:00,20.89,20.9,20.88,20.89,1900.0,39695.0
2024-01-03 10:42:00,20.9,20.9,20.89,20.89,1100.0,22982.0
2024-01-03 10:43:00,20.9,20.9,20.88,20.88,1200.0,25068.0
2024-01-03 10:44:00,20.89,20.89,20.89,20.89,100.0,2089.0
2024-01-03 10:45:00,20.89,20.9,20.88,20.9,5800.0,121183.0
2024-01-03 10:46:00,20.89,20.9,20.89,20.9,3000.0,62687.0
2024-01-03 10:47:00,20.89,20.9,20.89,20.9,3200.0,66868.0
2024-01-03 10:48:00,20.89,20.9,20.89,20.9,4800.0,100318.0
2024-01-03 10:49:00,20.9,20.91,20.89,20.9,6300.0,131644.0
2024-01-03 10:50:00,20.89,20.91,20.89,20.91,4000.0,83622.0
2024-01-03 10:51:00,20.9,20.92,20.9,20.92,3400.0,71083.0
2024-01-03 10:52:00,20.92,20.92,20.91,20.91,12900.0,269751.0
2024-01-03 10:53:00,20.91,20.91,20.91,20.91,2200.0,46002.0
2024-01-03 10:54:00,20.91,20.91,20.91,20.91,400.0,8364.0
2024-01-03 10:55:00,20.91,20.91,20.9,20.9,2700.0,56431.0
2024-01-03 10:56:00,20.91,20.91,20.9,20.91,3600.0,75270.0
2024-01-03 10:57:00,20.9,20.91,20.9,20.91,1600.0,33451.0
2024-01-03 10:58:00,20.91,20.91,20.91,20.91,7400.0,154734.0
2024-01-03 10:59:00,20.91,20.92,20.91,20.92,1700.0,35563.0
2024-01-03 11:00:00,20.92,20.92,20.91,20.92,600.0,12551.0
2024-01-03 11:01:00,20.91,20.92,20.91,20.92,4900.0,102463.0
2024-01-03 11:02:00,20.92,20.92,20.91,20.91,1400.0,29276.0
2024-01-03 11:03:00,20.91,20.91,20.9,20.9,17000.0,355388.0
2024-01-03 11:04:00,20.91,20.91,20.91,20.91,1300.0,27183.0
2024-01-03 11:05:00,20.91,20.91,20.89,20.89,11500.0,240340.0
2024-01-03 11:06:00,20.89,20.9,20.89,20.9,1000.0,20896.0
2024-01-03 11:07:00,20.89,20.89,20.89,20.89,1200.0,25068.0
2024-01-03 11:08:00,20.89,20.89,20.88,20.88,13900.0,290352.0
2024-01-03 11:09:00,20.88,20.88,20.86,20.86,22100.0,461340.0
2024-01-03 11:10:00,20.86,20.86,20.86,20.86,800.0,16688.0
2024-01-03 11:11:00,20.86,20.87,20.86,20.86,7200.0,150206.0
2024-01-03 11:12:00,20.86,20.86,20.86,20.86,600.0,12516.0
2024-01-03 11:13:00,20.86,20.86,20.85,20.85,2100.0,43790.0
2024-01-03 11:14:00,20.85,20.86,20.85,20.85,2900.0,60479.0
2024-01-03 11:15:00,20.85,20.85,20.85,20.85,10400.0,216840.0
2024-01-03 11:16:00,20.86,20.86,20.85,20.85,4000.0,83402.0
2024-01-03 11:17:00,20.85,20.85,20.85,20.85,2600.0,54210.0
2024-01-03 11:18:00,20.85,20.85,20.85,20.85,10600.0,221010.0
2024-01-03 11:19:00,20.84,20.84,20.83,20.84,15900.0,331354.0
2024-01-03 11:20:00,20.84,20.85,20.84,20.85,2100.0,43776.0
2024-01-03 11:21:00,20.86,20.86,20.86,20.86,1100.0,22946.0
2024-01-03 11:22:00,20.86,20.86,20.86,20.86,5400.0,112643.0
2024-01-03 11:23:00,20.86,20.86,20.86,20.86,2900.0,60494.0
2024-01-03 11:24:00,20.86,20.86,20.84,20.84,2100.0,43781.0
2024-01-03 11:25:00,20.84,20.84,20.84,20.84,6400.0,133376.0
2024-01-03 11:26:00,20.83,20.84,20.83,20.83,1800.0,37496.0
2024-01-03 11:27:00,20.84,20.84,20.84,20.84,4000.0,83360.0
2024-01-03 11:28:00,20.85,20.85,20.85,20.85,6300.0,131338.0
2024-01-03 11:29:00,20.84,20.84,20.84,20.84,1800.0,37512.0
2024-01-03 11:30:00,20.84,20.84,20.84,20.84,1500.0,31260.0
2024-01-03 13:01:00,20.84,20.84,20.8,20.8,42700.0,889164.0
2024-01-03 13:02:00,20.8,20.81,20.8,20.8,14600.0,303713.0
2024-01-03 13:03:00,20.79,20.8,20.79,20.8,2400.0,49906.0
2024-01-03 13:04:00,20.8,20.81,20.8,20.8,9700.0,201814.0
2024-01-03 13:05:00,20.8,20.8,20.78,20.78,9500.0,197473.0
2024-01-03 13:06:00,20.78,20.8,20.78,20.8,7300.0,151797.0
2024-01-03 13:07:00,20.8,20.8,20.8,20.8,1400.0,29120.0
2024-01-03 13:08:00,20.79,20.8,20.79,20.8,1600.0,33279.0
2024-01-03 13:09:00,20.81,20.81,20.79,20.79,14700.0,305715.0
2024-01-03 13:10:00,20.79,20.8,20.79,20.8,5300.0,110205.0
2024-01-03 13:11:00,20.81,20.81,20.81,20.81,600.0,12486.0
2024-01-03 13:12:00,20.81,20.81,20.81,20.81,600.0,12486.0
2024-01-03 13:13:00,20.8,20.8,20.8,20.8,1900.0,39520.0
2024-01-03 13:14:00,20.8,20.8,20.79,20.79,6100.0,126872.0
2024-01-03 13:15:00,20.79,20.8,20.79,20.79,3200.0,66535.0
2024-01-03 13:16:00,20.79,20.79,20.78,20.78,2300.0,47795.0
2024-01-03 13:17:00,20.78,20.78,20.78,20.78,200.0,4156.0
2024-01-03 13:18:00,20.79,20.8,20.79,20.8,900.0,18717.0
2024-01-03 13:19:00,20.81,20.81,20.79,20.8,9200.0,191367.0
2024-01-03 13:20:00,20.8,20.8,20.8,20.8,26200.0,544762.0
2024-01-03 13:21:00,20.79,20.79,20.79,20.79,5700.0,118493.0
2024-01-03 13:22:00,20.79,20.79,20.78,20.79,8000.0,166269.0
2024-01-03 13:23:00,20.79,20.8,20.76,20.76,34800.0,723044.0
2024-01-03 13:24:00,20.77,20.78,20.76,20.77,5700.0,118388.0
2024-01-03 13:25:00,20.77,20.77,20.77,20.77,3600.0,74772.0
2024-01-03 13:26:00,20.76,20.76,20.76,20.76,9400.0,195144.0
2024-01-03 13:27:00,20.75,20.77,20.75,20.77,11900.0,247042.0
2024-01-03 13:28:00,20.77,20.78,20.77,20.77,2400.0,49851.0
2024-01-03 13:29:00,20.78,20.78,20.77,20.78,4500.0,93501.0
2024-01-03 13:30:00,20.78,20.78,20.78,20.78,400.0,8312.0
2024-01-03 13:31:00,20.77,20.77,20.76,20.77,11400.0,236768.0
2024-01-03 13:32:00,20.76,20.77,20.76,20.77,1500.0,31151.0
2024-01-03 13:33:00,20.77,20.77,20.77,20.77,2000.0,41540.0
2024-01-03 13:34:00,20.78,20.78,20.77,20.78,2400.0,49855.0
2024-01-03 13:35:00,20.77,20.78,20.77,20.78,10700.0,222240.0
2024-01-03 13:36:00,20.78,20.78,20.77,20.78,2100.0,43620.0
2024-01-03 13:37:00,20.78,20.78,20.78,20.78,6800.0,141300.0
2024-01-03 13:38:00,20.79,20.8,20.79,20.8,5700.0,118537.0
2024-01-03 13:39:00,20.82,20.82,20.79,20.79,12600.0,262126.0
2024-01-03 13:40:00,20.79,20.8,20.79,20.79,2000.0,41587.0
2024-01-03 13:41:00,20.78,20.78,20.78,20.78,1700.0,35329.0
2024-01-03 13:42:00,20.78,20.78,20.78,20.78,500.0,10390.0
2024-01-03 13:43:00,20.79,20.79,20.76,20.76,11400.0,236856.0
2024-01-03 13:44:00,20.76,20.78,20.76,20.76,6800.0,141192.0
2024-01-03 13:45:00,20.76,20.77,20.76,20.76,5600.0,116259.0
2024-01-03 13:46:00,20.77,20.77,20.77,20.77,3100.0,64387.0
2024-01-03 13:47:00,20.77,20.78,20.74,20.74,108500.0,2251060.0
2024-01-03 13:48:00,20.75,20.77,20.75,20.77,4200.0,87152.0
2024-01-03 13:49:00,20.77,20.77,20.76,20.76,2300.0,47769.0
2024-01-03 13:50:00,20.78,20.78,20.76,20.76,2300.0,47788.0
2024-01-03 13:51:00,20.76,20.76,20.76,20.76,4900.0,101724.0
2024-01-03 13:52:00,20.76,20.76,20.75,20.75,2500.0,51896.0
2024-01-03 13:53:00,20.75,20.75,20.75,20.75,1000.0,20750.0
2024-01-03 13:54:00,20.75,20.77,20.75,20.76,6300.0,130797.0
2024-01-03 13:55:00,20.76,20.77,20.76,20.76,7100.0,147431.0
2024-01-03 13:56:00,20.76,20.76,20.76,20.76,0.0,0.0
2024-01-03 13:57:00,20.76,20.76,20.75,20.76,1600.0,33210.0
2024-01-03 13:58:00,20.76,20.76,20.75,20.76,9600.0,199256.0
2024-01-03 13:59:00,20.76,20.76,20.76,20.76,3300.0,68508.0
2024-01-03 14:00:00,20.76,20.77,20.76,20.76,1900.0,39449.0
2024-01-03 14:01:00,20.76,20.76,20.75,20.75,4800.0,99623.0
2024-01-03 14:02:00,20.76,20.76,20.76,20.76,500.0,10380.0
2024-01-03 14:03:00,20.76,20.77,20.76,20.77,3200.0,66433.0
2024-01-03 14:04:00,20.76,20.77,20.76,20.76,1300.0,26990.0
2024-01-03 14:05:00,20.76,20.78,20.76,20.78,8000.0,166121.0
2024-01-03 14:06:00,20.78,20.79,20.78,20.79,3300.0,68582.0
2024-01-03 14:07:00,20.79,20.79,20.79,20.79,100.0,2079.0
2024-01-03 14:08:00,20.79,20.79,20.79,20.79,500.0,10395.0
2024-01-03 14:09:00,20.79,20.79,20.79,20.79,800.0,16632.0
2024-01-03 14:10:00,20.79,20.83,20.79,20.79,32200.0,670597.0
2024-01-03 14:11:00,20.83,20.83,20.82,20.83,2200.0,45816.0
2024-01-03 14:12:00,20.83,20.86,20.83,20.85,11500.0,239705.0
2024-01-03 14:13:00,20.85,20.86,20.85,20.86,29000.0,604663.0
2024-01-03 14:14:00,20.86,20.86,20.83,20.83,7300.0,152159.0
2024-01-03 14:15:00,20.83,20.83,20.83,20.83,200.0,4166.0
2024-01-03 14:16:00,20.83,20.85,20.83,20.84,3000.0,62525.0
2024-01-03 14:17:00,20.84,20.85,20.84,20.85,3100.0,64626.0
2024-01-03 14:18:00,20.84,20.85,20.83,20.83,4400.0,91665.0
2024-01-03 14:19:00,20.85,20.85,20.83,20.85,500.0,10421.0
2024-01-03 14:20:00,20.84,20.85,20.84,20.85,6100.0,127150.0
2024-01-03 14:21:00,20.85,20.86,20.83,20.86,4300.0,89659.0
2024-01-03 14:22:00,20.87,20.88,20.87,20.88,4500.0,93928.0
2024-01-03 14:23:00,20.88,20.88,20.88,20.88,1000.0,20880.0
2024-01-03 14:24:00,20.87,20.88,20.86,20.86,13200.0,275502.0
2024-01-03 14:25:00,20.85,20.87,20.85,20.86,3400.0,70946.0
2024-01-03 14:26:00,20.88,20.88,20.86,20.86,26300.0,548694.0
2024-01-03 14:27:00,20.86,20.87,20.84,20.87,32000.0,667299.0
2024-01-03 14:28:00,20.87,20.87,20.85,20.85,2000.0,41712.0
2024-01-03 14:29:00,20.85,20.86,20.85,20.86,900.0,18768.0
2024-01-03 14:30:00,20.86,20.86,20.85,20.86,1100.0,22945.0
2024-01-03 14:31:00,20.87,20.87,20.83,20.87,38600.0,805106.0
2024-01-03 14:32:00,20.87,20.87,20.86,20.87,6600.0,137738.0
2024-01-03 14:33:00,20.88,20.88,20.86,20.87,16500.0,344336.0
2024-01-03 14:34:00,20.87,20.87,20.85,20.86,9900.0,206550.0
2024-01-03 14:35:00,20.86,20.86,20.83,20.84,29900.0,622958.0
2024-01-03 14:36:00,20.84,20.86,20.83,20.86,9100.0,189705.0
2024-01-03 14:37:00,20.85,20.85,20.84,20.85,9900.0,206381.0
2024-01-03 14:38:00,20.85,20.85,20.84,20.84,6500.0,135474.0
2024-01-03 14:39:00,20.84,20.86,20.84,20.85,3700.0,77146.0
2024-01-03 14:40:00,20.86,20.86,20.84,20.84,5000.0,104246.0
2024-01-03 14:41:00,20.86,20.86,20.84,20.84,6200.0,129216.0
2024-01-03 14:42:00,20.84,20.86,20.84,20.84,12700.0,264704.0
2024-01-03 14:43:00,20.85,20.86,20.85,20.85,2000.0,41707.0
2024-01-03 14:44:00,20.86,20.86,20.85,20.86,4400.0,91750.0
2024-01-03 14:45:00,20.85,20.86,20.85,20.85,7800.0,162635.0
2024-01-03 14:46:00,20.85,20.86,20.85,20.85,5300.0,110509.0
2024-01-03 14:47:00,20.85,20.86,20.84,20.85,5900.0,123014.0
2024-01-03 14:48:00,20.84,20.85,20.84,20.84,4700.0,97966.0
2024-01-03 14:49:00,20.84,20.85,20.83,20.84,12600.0,262577.0
2024-01-03 14:50:00,20.85,20.85,20.84,20.84,5700.0,118814.0
2024-01-03 14:51:00,20.84,20.85,20.84,20.85,7400.0,154280.0
2024-01-03 14:52:00,20.84,20.85,20.84,20.84,7300.0,152135.0
2024-01-03 14:53:00,20.84,20.85,20.84,20.85,8100.0,168829.0
2024-01-03 14:54:00,20.85,20.85,20.83,20.85,10300.0,214627.0
2024-01-03 14:55:00,20.84,20.84,20.83,20.83,7900.0,164624.0
2024-01-03 14:56:00,20.83,20.84,20.83,20.83,37700.0,785588.0
2024-01-03 14:57:00,20.84,20.85,20.83,20.83,19700.0,410527.0
2024-01-03 14:58:00,20.83,20.83,20.83,20.83,600.0,12498.0
2024-01-03 14:59:00,20.83,20.83,20.83,20.83,0.0,0.0
2024-01-03 15:00:00,20.82,20.82,20.82,20.82,21800.0,453876.0
2024-01-04 09:31:00,20.81,20.81,20.69,20.74,43600.0,904437.0
2024-01-04 09:32:00,20.72,20.74,20.72,20.74,16900.0,350325.0
2024-01-04 09:33:00,20.74,20.76,20.72,20.74,10100.0,209430.0
2024-01-04 09:34:00,20.73,20.76,20.73,20.74,8800.0,182502.0
2024-01-04 09:35:00,20.73,20.73,20.71,20.72,10400.0,215482.0
2024-01-04 09:36:00,20.71,20.71,20.66,20.66,62500.0,1292788.0
2024-01-04 09:37:00,20.66,20.68,20.65,20.66,17900.0,369916.0
2024-01-04 09:38:00,20.67,20.68,20.66,20.66,35100.0,725415.0
2024-01-04 09:39:00,20.66,20.68,20.66,20.67,17800.0,367852.0
2024-01-04 09:40:00,20.67,20.67,20.66,20.67,9700.0,200442.0
2024-01-04 09:41:00,20.67,20.7,20.66,20.7,8800.0,181973.0
2024-01-04 09:42:00,20.7,20.7,20.68,20.68,21000.0,434597.0
2024-01-04 09:43:00,20.68,20.7,20.68,20.69,9900.0,204870.0
2024-01-04 09:44:00,20.68,20.74,20.68,20.74,18300.0,378770.0
2024-01-04 09:45:00,20.72,20.72,20.69,20.69,5000.0,103515.0
2024-01-04 09:46:00,20.69,20.72,20.69,20.71,7200.0,149078.0
2024-01-04 09:47:00,20.72,20.72,20.69,20.69,5000.0,103499.0
2024-01-04 09:48:00,20.68,20.69,20.67,20.69,14500.0,299814.0
2024-01-04 09:49:00,20.69,20.69,20.68,20.69,13200.0,273051.0
2024-01-04 09:50:00,20.68,20.69,20.68,20.69,5700.0,117882.0
2024-01-04 09:51:00,20.68,20.69,20.68,20.68,7400.0,153040.0
2024-01-04 09:52:00,20.69,20.7,20.68,20.68,8000.0,165583.0
2024-01-04 09:53:00,20.68,20.73,20.68,20.72,8000.0,165608.0
2024-01-04 09:54:00,20.72,20.72,20.71,20.72,1900.0,39355.0
2024-01-04 09:55:00,20.71,20.71,20.71,20.71,1300.0,26923.0
2024-01-04 09:56:00,20.71,20.72,20.65,20.72,75500.0,1559887.0
2024-01-04 09:57:00,20.71,20.72,20.7,20.7,5400.0,111825.0
2024-01-04 09:58:00,20.69,20.7,20.68,20.69,4500.0,93084.0
2024-01-04 09:59:00,20.71,20.72,20.7,20.7,14200.0,293997.0
2024-01-04 10:00:00,20.69,20.71,20.69,20.71,5500.0,113805.0
2024-01-04 10:01:00,20.69,20.7,20.67,20.67,8600.0,177864.0
2024-01-04 10:02:00,20.67,20.68,20.65,20.68,26700.0,551690.0
2024-01-04 10:03:00,20.67,20.67,20.65,20.65,22300.0,460831.0
2024-01-04 10:04:00,20.66,20.66,20.62,20.66,33800.0,697714.0
2024-01-04 10:05:00,20.66,20.67,20.66,20.67,5700.0,117787.0
2024-01-04 10:06:00,20.66,20.66,20.66,20.66,6100.0,126051.0
2024-01-04 10:07:00,20.65,20.65,20.65,20.65,10400.0,214760.0
2024-01-04 10:08:00,20.65,20.66,20.64,20.65,15900.0,328266.0
2024-01-04 10:09:00,20.65,20.65,20.64,20.64,14100.0,291055.0
2024-01-04 10:10:00,20.64,20.64,20.63,20.64,3800.0,78441.0
2024-01-04 10:11:00,20.64,20.64,20.62,20.62,13700.0,282628.0
2024-01-04 10:12:00,20.62,20.63,20.61,20.62,18700.0,385552.0
2024-01-04 10:13:00,20.61,20.61,20.58,20.58,43800.0,902353.0
2024-01-04 10:14:00,20.6,20.65,20.6,20.64,27500.0,567049.0
2024-01-04 10:15:00,20.64,20.64,20.63,20.63,3600.0,74280.0
2024-01-04 10:16:00,20.63,20.63,20.61,20.63,12400.0,255719.0
2024-01-04 10:17:00,20.62,20.62,20.61,20.61,2500.0,51547.0
2024-01-04 10:18:00,20.61,20.63,20.61,20.62,5700.0,117537.0
2024-01-04 10:19:00,20.63,20.64,20.63,20.64,7700.0,158882.0
2024-01-04 10:20:00,20.64,20.64,20.62,20.62,22200.0,458088.0
2024-01-04 10:21:00,20.62,20.64,20.62,20.63,12900.0,266067.0
2024-01-04 10:22:00,20.63,20.64,20.63,20.64,3200.0,66038.0
2024-01-04 10:23:00,20.64,20.64,20.64,20.64,200.0,4128.0
2024-01-04 10:24:00,20.64,20.64,20.62,20.62,8100.0,167100.0
2024-01-04 10:25:00,20.62,20.63,20.61,20.61,10700.0,220612.0
2024-01-04 10:26:00,20.61,20.62,20.61,20.62,7800.0,160834.0
2024-01-04 10:27:00,20.63,20.65,20.63,20.64,4400.0,90816.0
2024-01-04 10:28:00,20.63,20.64,20.62,20.64,30200.0,623151.0
2024-01-04 10:29:00,20.62,20.63,20.62,20.62,5500.0,113423.0
2024-01-04 10:30:00,20.62,20.63,20.62,20.63,4200.0,86610.0
2024-01-04 10:31:00,20.62,20.62,20.61,20.61,4800.0,98976.0
2024-01-04 10:32:00,20.62,20.62,20.62,20.62,2000.0,41240.0
2024-01-04 10:33:00,20.62,20.63,20.62,20.62,3400.0,70109.0
2024-01-04 10:34:00,20.63,20.63,20.61,20.61,17600.0,362923.0
2024-01-04 10:35:00,20.61,20.61,20.6,20.6,19300.0,397739.0
2024-01-04 10:36:00,20.6,20.6,20.59,20.59,14400.0,296608.0
2024-01-04 10:37:00,20.59,20.6,20.59,20.59,12000.0,247185.0
2024-01-04 10:38:00,20.59,20.6,20.58,20.6,44700.0,920135.0
2024-01-04 10:39:00,20.6,20.6,20.58,20.58,13900.0,286304.0
2024-01-04 10:40:00,20.6,20.6,20.58,20.58,11800.0,242884.0
2024-01-04 10:41:00,20.58,20.58,20.57,20.57,7900.0,162563.0
2024-01-04 10:42:00,20.57,20.57,20.56,20.56,16100.0,331151.0
2024-01-04 10:43:00,20.56,20.57,20.56,20.57,11700.0,240611.0
2024-01-04 10:44:00,20.56,20.56,20.56,20.56,10900.0,224154.0
2024-01-04 10:45:00,20.57,20.57,20.55,20.55,10700.0,220006.0
2024-01-04 10:46:00,20.55,20.56,20.54,20.56,21400.0,439714.0
2024-01-04 10:47:00,20.55,20.56,20.54,20.56,14100.0,289654.0
2024-01-04 10:48:00,20.56,20.57,20.55,20.57,9100.0,187105.0
2024-01-04 10:49:00,20.56,20.57,20.56,20.56,7700.0,158325.0
2024-01-04 10:50:00,20.56,20.56,20.55,20.56,15800.0,324758.0
2024-01-04 10:51:00,20.55,20.55,20.52,20.52,50600.0,1039024.0
2024-01-04 10:52:00,20.52,20.53,20.51,20.51,13400.0,274921.0
2024-01-04 10:53:00,20.52,20.53,20.52,20.52,9700.0,199102.0
2024-01-04 10:54:00,20.5,20.52,20.5,20.52,100800.0,2066794.0
2024-01-04 10:55:00,20.52,20.53,20.49,20.53,53300.0,1092642.0
2024-01-04 10:56:00,20.52,20.52,20.5,20.51,4000.0,82030.0
2024-01-04 10:57:00,20.52,20.52,20.51,20.51,12000.0,246239.0
2024-01-04 10:58:00,20.51,20.52,20.51,20.52,5100.0,104649.0
2024-01-04 10:59:00,20.52,20.52,20.51,20.52,7000.0,143647.0
2024-01-04 11:00:00,20.51,20.51,20.51,20.51,7300.0,149722.0
2024-01-04 11:01:00,20.51,20.52,20.51,20.52,8000.0,164158.0
2024-01-04 11:02:00,20.52,20.53,20.52,20.52,1900.0,39002.0
2024-01-04 11:03:00,20.54,20.54,20.53,20.53,4600.0,94440.0
2024-01-04 11:04:00,20.54,20.54,20.53,20.54,6900.0,141717.0
2024-01-04 11:05:00,20.55,20.55,20.55,20.55,1900.0,39045.0
2024-01-04 11:06:00,20.54,20.55,20.54,20.54,900.0,18487.0
2024-01-04 11:07:00,20.54,20.55,20.54,20.55,5000.0,102703.0
2024-01-04 11:08:00,20.54,20.54,20.53,20.54,8300.0,170473.0
2024-01-04 11:09:00,20.54,20.54,20.53,20.53,16500.0,338839.0
2024-01-04 11:10:00,20.53,20.54,20.51,20.51,30500.0,626037.0
2024-01-04 11:11:00,20.51,20.51,20.51,20.51,500.0,10255.0
2024-01-04 11:12:00,20.51,20.53,20.51,20.52,7300.0,149820.0
2024-01-04 11:13:00,20.52,20.53,20.52,20.52,6500.0,133385.0
2024-01-04 11:14:00,20.52,20.53,20.52,20.53,6800.0,139584.0
2024-01-04 11:15:00,20.54,20.54,20.52,20.52,6900.0,141649.0
2024-01-04 11:16:00,20.52,20.53,20.52,20.53,1000.0,20527.0
2024-01-04 11:17:00,20.52,20.52,20.51,20.51,15900.0,326224.0
2024-01-04 11:18:00,20.51,20.52,20.51,20.52,7800.0,160016.0
2024-01-04 11:19:00,20.52,20.52,20.5,20.51,27200.0,557892.0
2024-01-04 11:20:00,20.5,20.5,20.46,20.46,49400.0,1011775.0
2024-01-04 11:21:00,20.47,20.5,20.46,20.5,25200.0,515990.0
2024-01-04 11:22:00,20.5,20.5,20.49,20.5,10600.0,217280.0
2024-01-04 11:23:00,20.49,20.5,20.49,20.49,14200.0,290966.0
2024-01-04 11:24:00,20.48,20.49,20.48,20.48,6200.0,126989.0
2024-01-04 11:25:00,20.49,20.49,20.47,20.47,7700.0,157681.0
2024-01-04 11:26:00,20.48,20.48,20.46,20.48,19700.0,403337.0
2024-01-04 11:27:00,20.48,20.48,20.46,20.46,13700.0,280420.0
2024-01-04 11:28:00,20.48,20.48,20.47,20.47,4900.0,100315.0
2024-01-04 11:29:00,20.46,20.48,20.46,20.48,26700.0,546348.0
2024-01-04 11:30:00,20.46,20.48,20.46,20.48,5000.0,102313.0
2024-01-04 13:01:00,20.47,20.49,20.46,20.49,15000.0,307139.0
2024-01-04 13:02:00,20.47,20.47,20.47,20.47,5700.0,116685.0
2024-01-04 13:03:00,20.48,20.48,20.47,20.47,500.0,10236.0
2024-01-04 13:04:00,20.48,20.48,20.48,20.48,1900.0,38912.0
2024-01-04 13:05:00,20.48,20.51,20.48,20.51,11400.0,233580.0
2024-01-04 13:06:00,20.51,20.53,20.51,20.53,15300.0,313866.0
2024-01-04 13:07:00,20.54,20.54,20.53,20.53,11800.0,242335.0
2024-01-04 13:08:00,20.52,20.52,20.52,20.52,500.0,10260.0
2024-01-04 13:09:00,20.52,20.52,20.51,20.51,6600.0,135390.0
2024-01-04 13:10:00,20.5,20.5,20.49,20.49,4500.0,93193.0
2024-01-04 13:11:00,20.49,20.5,20.48,20.5,14000.0,286907.0
2024-01-04 13:12:00,20.5,20.51,20.5,20.51,2200.0,45101.0
2024-01-04 13:13:00,20.51,20.52,20.51,20.52,4300.0,88196.0
2024-01-04 13:14:00,20.51,20.52,20.5,20.51,12400.0,254292.0
2024-01-04 13:15:00,20.52,20.53,20.5,20.52,127300.0,2611143.0
2024-01-04 13:16:00,20.49,20.51,20.49,20.5,3100.0,63546.0
2024-01-04 13:17:00,20.5,20.52,20.5,20.52,9900.0,202995.0
2024-01-04 13:18:00,20.51,20.53,20.51,20.53,4500.0,92356.0
2024-01-04 13:19:00,20.52,20.55,20.52,20.55,11200.0,229963.0
2024-01-04 13:20:00,20.55,20.57,20.54,20.57,66700.0,1371178.0
2024-01-04 13:21:00,20.58,20.58,20.57,20.57,4000.0,82286.0
2024-01-04 13:22:00,20.57,20.57,20.56,20.57,6200.0,127531.0
2024-01-04 13:23:00,20.56,20.57,20.56,20.56,4300.0,88443.0
2024-01-04 13:24:00,20.56,20.56,20.55,20.56,6200.0,127468.0
2024-01-04 13:25:00,20.56,20.56,20.56,20.56,2300.0,47288.0
2024-01-04 13:26:00,20.56,20.56,20.55,20.56,1900.0,39058.0
2024-01-04 13:27:00,20.56,20.57,20.56,20.56,6200.0,127485.0
2024-01-04 13:28:00,20.56,20.57,20.55,20.56,6800.0,139814.0
2024-01-04 13:29:00,20.56,20.57,20.55,20.55,2800.0,57569.0
2024-01-04 13:30:00,20.55,20.55,20.53,20.53,14100.0,289689.0
2024-01-04 13:31:00,20.52,20.54,20.52,20.54,16400.0,336688.0
2024-01-04 13:32:00,20.53,20.53,20.53,20.53,1700.0,34901.0
2024-01-04 13:33:00,20.54,20.54,20.51,20.51,9700.0,199081.0
2024-01-04 13:34:00,20.52,20.52,20.51,20.51,3800.0,77953.0
2024-01-04 13:35:00,20.52,20.52,20.51,20.52,2300.0,47191.0
2024-01-04 13:36:00,20.53,20.53,20.51,20.52,10500.0,215514.0
2024-01-04 13:37:00,20.51,20.53,20.51,20.53,9500.0,194909.0
2024-01-04 13:38:00,20.51,20.52,20.51,20.52,300.0,6154.0
2024-01-04 13:39:00,20.52,20.52,20.51,20.51,1800.0,36929.0
2024-01-04 13:40:00,20.51,20.52,20.51,20.52,7400.0,151797.0
2024-01-04 13:41:00,20.53,20.53,20.51,20.52,3600.0,73872.0
2024-01-04 13:42:00,20.53,20.54,20.53,20.53,12900.0,264766.0
2024-01-04 13:43:00,20.54,20.54,20.53,20.54,1000.0,20537.0
2024-01-04 13:44:00,20.54,20.55,20.54,20.54,1500.0,30821.0
2024-01-04 13:45:00,20.54,20.54,20.53,20.53,1500.0,30803.0
2024-01-04 13:46:00,20.53,20.54,20.52,20.52,12900.0,264856.0
2024-01-04 13:47:00,20.52,20.52,20.52,20.52,800.0,16416.0
2024-01-04 13:48:00,20.52,20.53,20.52,20.53,1100.0,22582.0
2024-01-04 13:49:00,20.52,20.53,20.52,20.52,11800.0,242140.0
2024-01-04 13:50:00,20.53,20.53,20.51,20.51,21800.0,447383.0
2024-01-04 13:51:00,20.51,20.51,20.5,20.5,4300.0,88184.0
2024-01-04 13:52:00,20.5,20.51,20.5,20.51,3600.0,73814.0
2024-01-04 13:53:00,20.51,20.52,20.51,20.52,1600.0,32821.0
2024-01-04 13:54:00,20.51,20.51,20.5,20.5,5600.0,114855.0
2024-01-04 13:55:00,20.5,20.5,20.49,20.5,18100.0,371018.0
2024-01-04 13:56:00,20.5,20.5,20.49,20.49,5400.0,110697.0
2024-01-04 13:57:00,20.5,20.5,20.5,20.5,10000.0,205000.0
2024-01-04 13:58:00,20.51,20.51,20.49,20.5,38300.0,785072.0
2024-01-04 13:59:00,20.49,20.5,20.48,20.5,6100.0,124992.0
2024-01-04 14:00:00,20.5,20.5,20.49,20.5,3000.0,61486.0
2024-01-04 14:01:00,20.5,20.5,20.49,20.49,5900.0,120927.0
2024-01-04 14:02:00,20.49,20.49,20.47,20.48,9900.0,202748.0
2024-01-04 14:03:00,20.47,20.48,20.47,20.48,3700.0,75768.0
2024-01-04 14:04:00,20.48,20.48,20.47,20.47,5200.0,106451.0
2024-01-04 14:05:00,20.48,20.49,20.48,20.49,7800.0,159766.0
2024-01-04 14:06:00,20.49,20.49,20.48,20.49,6100.0,124987.0
2024-01-04 14:07:00,20.49,20.51,20.49,20.51,8300.0,170155.0
2024-01-04 14:08:00,20.51,20.53,20.51,20.53,31500.0,646483.0
2024-01-04 14:09:00,20.53,20.54,20.52,20.54,2600.0,53385.0
2024-01-04 14:10:00,20.54,20.54,20.54,20.54,2000.0,41080.0
2024-01-04 14:11:00,20.54,20.55,20.54,20.54,11300.0,232248.0
2024-01-04 14:12:00,20.55,20.56,20.55,20.56,10300.0,211696.0
2024-01-04 14:13:00,20.55,20.56,20.54,20.56,12800.0,263093.0
2024-01-04 14:14:00,20.54,20.54,20.52,20.52,9400.0,192994.0
2024-01-04 14:15:00,20.53,20.53,20.52,20.52,3800.0,77984.0
2024-01-04 14:16:00,20.52,20.53,20.51,20.52,4600.0,94375.0
2024-01-04 14:17:00,20.53,20.53,20.52,20.52,800.0,16421.0
2024-01-04 14:18:00,20.51,20.51,20.51,20.51,3500.0,71785.0
2024-01-04 14:19:00,20.51,20.51,20.51,20.51,10700.0,219458.0
2024-01-04 14:20:00,20.52,20.53,20.52,20.52,5900.0,121074.0
2024-01-04 14:21:00,20.53,20.53,20.53,20.53,400.0,8212.0
2024-01-04 14:22:00,20.53,20.54,20.53,20.53,7000.0,143716.0
2024-01-04 14:23:00,20.53,20.54,20.53,20.54,4700.0,96535.0
2024-01-04 14:24:00,20.54,20.57,20.54,20.57,32800.0,674149.0
2024-01-04 14:25:00,20.56,20.57,20.55,20.55,6500.0,133629.0
2024-01-04 14:26:00,20.56,20.56,20.55,20.56,7200.0,148004.0
2024-01-04 14:27:00,20.56,20.56,20.55,20.55,9200.0,189116.0
2024-01-04 14:28:00,20.55,20.57,20.55,20.57,13100.0,269291.0
2024-01-04 14:29:00,20.57,20.57,20.55,20.56,9300.0,191204.0
2024-01-04 14:30:00,20.57,20.57,20.56,20.56,9400.0,193315.0
2024-01-04 14:31:00,20.55,20.55,20.55,20.55,31000.0,637054.0
2024-01-04 14:32:00,20.56,20.56,20.55,20.55,127500.0,2620146.0
2024-01-04 14:33:00,20.55,20.55,20.55,20.55,38200.0,785013.0
2024-01-04 14:34:00,20.55,20.56,20.55,20.56,31600.0,649632.0
2024-01-04 14:35:00,20.56,20.57,20.55,20.57,22200.0,456448.0
2024-01-04 14:36:00,20.57,20.57,20.56,20.57,13600.0,279725.0
2024-01-04 14:37:00,20.57,20.58,20.56,20.57,10200.0,209796.0
2024-01-04 14:38:00,20.57,20.57,20.56,20.56,8800.0,180934.0
2024-01-04 14:39:00,20.56,20.58,20.56,20.58,20200.0,415533.0
2024-01-04 14:40:00,20.58,20.58,20.57,20.57,8600.0,176966.0
2024-01-04 14:41:00,20.57,20.58,20.57,20.57,19900.0,409393.0
2024-01-04 14:42:00,20.56,20.56,20.55,20.56,23900.0,491330.0
2024-01-04 14:43:00,20.55,20.56,20.55,20.56,22300.0,458361.0
2024-01-04 14:44:00,20.55,20.56,20.55,20.55,12500.0,256891.0
2024-01-04 14:45:00,20.55,20.57,20.55,20.57,19400.0,398817.0
2024-01-04 14:46:00,20.57,20.58,20.57,20.58,3400.0,69943.0
2024-01-04 14:47:00,20.57,20.58,20.57,20.58,1800.0,37037.0
2024-01-04 14:48:00,20.57,20.57,20.56,20.57,2500.0,51421.0
2024-01-04 14:49:00,20.57,20.57,20.56,20.57,1400.0,28792.0
2024-01-04 14:50:00,20.57,20.57,20.56,20.56,2500.0,51411.0
2024-01-04 14:51:00,20.57,20.57,20.56,20.56,24400.0,501740.0
2024-01-04 14:52:00,20.56,20.57,20.56,20.57,11300.0,232343.0
2024-01-04 14:53:00,20.57,20.58,20.56,20.56,5800.0,119318.0
2024-01-04 14:54:00,20.57,20.57,20.56,20.57,3800.0,78118.0
2024-01-04 14:55:00,20.57,20.6,20.57,20.59,34100.0,700461.0
2024-01-04 14:56:00,20.59,20.6,20.58,20.59,8700.0,180535.0
2024-01-04 14:57:00,20.58,20.59,20.58,20.58,10700.0,220282.0
2024-01-04 14:58:00,20.58,20.58,20.58,20.58,0.0,0.0
2024-01-04 14:59:00,20.58,20.58,20.58,20.58,0.0,0.0
2024-01-04 15:00:00,20.59,20.59,20.59,20.59,24800.0,510632.0
2024-01-05 09:31:00,20.48,20.53,20.42,20.45,107300.0,2195863.0
2024-01-05 09:32:00,20.44,20.49,20.44,20.49,10700.0,218921.0
2024-01-05 09:33:00,20.49,20.53,20.49,20.52,11400.0,233847.0
2024-01-05 09:34:00,20.52,20.54,20.52,20.54,10200.0,209417.0
2024-01-05 09:35:00,20.55,20.58,20.55,20.58,6100.0,125478.0
2024-01-05 09:36:00,20.59,20.63,20.59,20.61,15500.0,319243.0
2024-01-05 09:37:00,20.61,20.63,20.59,20.59,18800.0,387286.0
2024-01-05 09:38:00,20.59,20.64,20.59,20.62,18100.0,373019.0
2024-01-05 09:39:00,20.62,20.62,20.6,20.62,8900.0,183399.0
2024-01-05 09:40:00,20.61,20.65,20.61,20.65,10500.0,216625.0
2024-01-05 09:41:00,20.65,20.65,20.63,20.63,8400.0,173358.0
2024-01-05 09:42:00,20.62,20.63,20.59,20.6,42700.0,880190.0
2024-01-05 09:43:00,20.61,20.61,20.59,20.59,7500.0,154475.0
2024-01-05 09:44:00,20.59,20.59,20.58,20.59,3300.0,67941.0
2024-01-05 09:45:00,20.58,20.58,20.57,20.58,12100.0,249017.0
2024-01-05 09:46:00,20.59,20.62,20.59,20.6,10200.0,210094.0
2024-01-05 09:47:00,20.6,20.61,20.6,20.6,5500.0,113334.0
2024-01-05 09:48:00,20.59,20.61,20.59,20.61,4800.0,98881.0
2024-01-05 09:49:00,20.61,20.61,20.61,20.61,3300.0,68015.0
2024-01-05 09:50:00,20.61,20.61,20.59,20.59,19800.0,407885.0
2024-01-05 09:51:00,20.59,20.61,20.59,20.61,17700.0,364682.0
2024-01-05 09:52:00,20.61,20.62,20.61,20.61,3300.0,68023.0
2024-01-05 09:53:00,20.6,20.6,20.59,20.59,35100.0,723293.0
2024-01-05 09:54:00,20.59,20.59,20.59,20.59,5300.0,109127.0
2024-01-05 09:55:00,20.58,20.58,20.56,20.56,17600.0,362151.0
2024-01-05 09:56:00,20.56,20.56,20.55,20.56,7700.0,158299.0
2024-01-05 09:57:00,20.56,20.56,20.55,20.55,3500.0,71948.0
2024-01-05 09:58:00,20.55,20.55,20.54,20.54,4200.0,86288.0
2024-01-05 09:59:00,20.54,20.55,20.53,20.55,2100.0,43125.0
2024-01-05 10:00:00,20.55,20.56,20.55,20.56,2400.0,49326.0
2024-01-05 10:01:00,20.54,20.55,20.54,20.54,1800.0,36977.0
2024-01-05 10:02:00,20.53,20.53,20.51,20.53,10600.0,217570.0
2024-01-05 10:03:00,20.52,20.53,20.52,20.53,8700.0,178575.0
2024-01-05 10:04:00,20.54,20.54,20.53,20.54,2500.0,51341.0
2024-01-05 10:05:00,20.54,20.54,20.5,20.53,122500.0,2511525.0
2024-01-05 10:06:00,20.52,20.52,20.5,20.5,13500.0,276849.0
2024-01-05 10:07:00,20.5,20.5,20.5,20.5,2200.0,45096.0
2024-01-05 10:08:00,20.52,20.52,20.5,20.5,1900.0,38960.0
2024-01-05 10:09:00,20.51,20.51,20.47,20.49,25800.0,528743.0
2024-01-05 10:10:00,20.48,20.48,20.47,20.48,4800.0,98303.0
2024-01-05 10:11:00,20.47,20.47,20.45,20.47,28800.0,589194.0
2024-01-05 10:12:00,20.46,20.47,20.46,20.47,9200.0,188319.0
2024-01-05 10:13:00,20.47,20.49,20.47,20.49,10800.0,221160.0
2024-01-05 10:14:00,20.47,20.48,20.45,20.45,27000.0,552707.0
2024-01-05 10:15:00,20.46,20.48,20.46,20.48,8900.0,182150.0
2024-01-05 10:16:00,20.46,20.48,20.45,20.46,15000.0,306823.0
2024-01-05 10:17:00,20.46,20.46,20.44,20.44,23200.0,474395.0
2024-01-05 10:18:00,20.43,20.44,20.43,20.43,17700.0,361732.0
2024-01-05 10:19:00,20.43,20.45,20.43,20.44,20300.0,414920.0
2024-01-05 10:20:00,20.44,20.44,20.41,20.42,21900.0,447255.0
2024-01-05 10:21:00,20.43,20.43,20.42,20.43,3500.0,71504.0
2024-01-05 10:22:00,20.43,20.44,20.42,20.43,15500.0,316718.0
2024-01-05 10:23:00,20.43,20.43,20.41,20.42,21100.0,430892.0
2024-01-05 10:24:00,20.43,20.45,20.43,20.45,12200.0,249409.0
2024-01-05 10:25:00,20.46,20.52,20.46,20.52,33300.0,681765.0
2024-01-05 10:26:00,20.53,20.58,20.53,20.56,8600.0,176783.0
2024-01-05 10:27:00,20.56,20.57,20.56,20.57,3200.0,65803.0
2024-01-05 10:28:00,20.57,20.59,20.57,20.57,12000.0,247001.0
2024-01-05 10:29:00,20.57,20.58,20.55,20.56,7900.0,162464.0
2024-01-05 10:30:00,20.55,20.56,20.55,20.56,31000.0,637096.0
2024-01-05 10:31:00,20.58,20.59,20.57,20.59,44600.0,918145.0
2024-01-05 10:32:00,20.58,20.59,20.58,20.59,5300.0,109083.0
2024-01-05 10:33:00,20.58,20.58,20.57,20.57,4000.0,82312.0
2024-01-05 10:34:00,20.56,20.56,20.53,20.53,25400.0,522117.0
2024-01-05 10:35:00,20.54,20.55,20.53,20.54,3900.0,80107.0
2024-01-05 10:36:00,20.54,20.55,20.53,20.53,15200.0,312078.0
2024-01-05 10:37:00,20.53,20.55,20.52,20.53,5000.0,102667.0
2024-01-05 10:38:00,20.54,20.54,20.53,20.54,1600.0,32852.0
2024-01-05 10:39:00,20.55,20.56,20.54,20.54,2000.0,41089.0
2024-01-05 10:40:00,20.55,20.56,20.55,20.56,800.0,16439.0
2024-01-05 10:41:00,20.56,20.57,20.56,20.57,3800.0,78142.0
2024-01-05 10:42:00,20.59,20.59,20.57,20.57,12400.0,255160.0
2024-01-05 10:43:00,20.57,20.57,20.57,20.57,2200.0,45254.0
2024-01-05 10:44:00,20.57,20.57,20.55,20.55,4300.0,88449.0
2024-01-05 10:45:00,20.56,20.56,20.55,20.55,6600.0,135680.0
2024-01-05 10:46:00,20.55,20.56,20.55,20.56,5000.0,102786.0
2024-01-05 10:47:00,20.56,20.56,20.56,20.56,800.0,16448.0
2024-01-05 10:48:00,20.57,20.57,20.57,20.57,500.0,10285.0
2024-01-05 10:49:00,20.57,20.58,20.57,20.57,9700.0,199591.0
2024-01-05 10:50:00,20.56,20.56,20.52,20.55,36600.0,751357.0
2024-01-05 10:51:00,20.54,20.56,20.54,20.56,1700.0,34938.0
2024-01-05 10:52:00,20.56,20.57,20.54,20.57,16500.0,339289.0
2024-01-05 10:53:00,20.57,20.57,20.54,20.54,3500.0,71978.0
2024-01-05 10:54:00,20.56,20.57,20.56,20.56,4400.0,90495.0
2024-01-05 10:55:00,20.57,20.58,20.56,20.58,5900.0,121400.0
2024-01-05 10:56:00,20.58,20.59,20.58,20.58,7000.0,144104.0
2024-01-05 10:57:00,20.59,20.6,20.58,20.58,8900.0,183255.0
2024-01-05 10:58:00,20.58,20.6,20.58,20.6,14800.0,304709.0
2024-01-05 10:59:00,20.58,20.58,20.54,20.55,84300.0,1733055.0
2024-01-05 11:00:00,20.57,20.57,20.55,20.55,10400.0,213810.0
2024-01-05 11:01:00,20.57,20.57,20.54,20.56,31900.0,655270.0
2024-01-05 11:02:00,20.55,20.58,20.54,20.57,3800.0,78162.0
2024-01-05 11:03:00,20.58,20.58,20.58,20.58,300.0,6174.0
2024-01-05 11:04:00,20.58,20.58,20.57,20.57,32500.0,668749.0
2024-01-05 11:05:00,20.58,20.58,20.56,20.57,7400.0,152228.0
2024-01-05 11:06:00,20.57,20.58,20.57,20.58,1300.0,26742.0
2024-01-05 11:07:00,20.58,20.58,20.58,20.58,4100.0,84378.0
2024-01-05 11:08:00,20.59,20.59,20.57,20.58,700.0,14406.0
2024-01-05 11:09:00,20.57,20.57,20.55,20.55,31800.0,653736.0
2024-01-05 11:10:00,20.54,20.55,20.54,20.55,55800.0,1146664.0
2024-01-05 11:11:00,20.59,20.59,20.55,20.56,3700.0,76111.0
2024-01-05 11:12:00,20.56,20.56,20.55,20.55,4400.0,90450.0
2024-01-05 11:13:00,20.56,20.56,20.56,20.56,1000.0,20560.0
2024-01-05 11:14:00,20.57,20.57,20.49,20.49,51000.0,1046324.0
2024-01-05 11:15:00,20.54,20.57,20.54,20.57,30600.0,628544.0
2024-01-05 11:16:00,20.55,20.55,20.54,20.54,4900.0,100684.0
2024-01-05 11:17:00,20.53,20.53,20.53,20.53,2400.0,49272.0
2024-01-05 11:18:00,20.54,20.54,20.54,20.54,600.0,12324.0
2024-01-05 11:19:00,20.53,20.53,20.5,20.51,4800.0,98470.0
2024-01-05 11:20:00,20.52,20.52,20.5,20.51,1600.0,32815.0
2024-01-05 11:21:00,20.51,20.51,20.5,20.5,2900.0,59474.0
2024-01-05 11:22:00,20.51,20.52,20.5,20.5,8300.0,170180.0
2024-01-05 11:23:00,20.5,20.51,20.49,20.51,28500.0,584250.0
2024-01-05 11:24:00,20.52,20.52,20.51,20.51,2700.0,55385.0
2024-01-05 11:25:00,20.52,20.52,20.49,20.49,19300.0,395639.0
2024-01-05 11:26:00,20.5,20.52,20.5,20.51,39400.0,807737.0
2024-01-05 11:27:00,20.5,20.52,20.5,20.5,14600.0,299344.0
2024-01-05 11:28:00,20.5,20.5,20.49,20.49,3100.0,63520.0
2024-01-05 11:29:00,20.5,20.5,20.49,20.49,1600.0,32786.0
2024-01-05 11:30:00,20.49,20.49,20.49,20.49,3700.0,75814.0
2024-01-05 13:01:00,20.49,20.5,20.48,20.49,10600.0,217239.0
2024-01-05 13:02:00,20.49,20.5,20.49,20.5,3900.0,79946.0
2024-01-05 13:03:00,20.5,20.51,20.49,20.51,7500.0,153747.0
2024-01-05 13:04:00,20.51,20.51,20.51,20.51,3000.0,61530.0
2024-01-05 13:05:00,20.5,20.52,20.5,20.52,5900.0,120958.0
2024-01-05 13:06:00,20.47,20.52,20.47,20.48,51500.0,1054631.0
2024-01-05 13:07:00,20.52,20.52,20.48,20.48,3300.0,67668.0
2024-01-05 13:08:00,20.48,20.52,20.48,20.52,1100.0,22532.0
2024-01-05 13:09:00,20.49,20.49,20.49,20.49,600.0,12294.0
2024-01-05 13:10:00,20.49,20.49,20.48,20.49,1000.0,20487.0
2024-01-05 13:11:00,20.49,20.49,20.48,20.49,2000.0,40979.0
2024-01-05 13:12:00,20.49,20.49,20.48,20.48,2000.0,40965.0
2024-01-05 13:13:00,20.48,20.49,20.45,20.45,31100.0,636709.0
2024-01-05 13:14:00,20.45,20.46,20.45,20.46,400.0,8182.0
2024-01-05 13:15:00,20.45,20.45,20.45,20.45,200.0,4090.0
2024-01-05 13:16:00,20.46,20.47,20.45,20.47,11600.0,237369.0
2024-01-05 13:17:00,20.48,20.48,20.48,20.48,3100.0,63488.0
2024-01-05 13:18:00,20.48,20.48,20.46,20.46,13900.0,284529.0
2024-01-05 13:19:00,20.46,20.46,20.46,20.46,100.0,2046.0
2024-01-05 13:20:00,20.46,20.5,20.46,20.5,27000.0,553096.0
2024-01-05 13:21:00,20.47,20.47,20.47,20.47,1600.0,32752.0
2024-01-05 13:22:00,20.47,20.49,20.47,20.49,2800.0,57364.0
2024-01-05 13:23:00,20.48,20.48,20.46,20.46,5300.0,108483.0
2024-01-05 13:24:00,20.46,20.47,20.46,20.47,1000.0,20469.0
2024-01-05 13:25:00,20.47,20.47,20.46,20.46,7900.0,161635.0
2024-01-05 13:26:00,20.46,20.46,20.45,20.46,5100.0,104337.0
2024-01-05 13:27:00,20.46,20.46,20.46,20.46,600.0,12276.0
2024-01-05 13:28:00,20.46,20.46,20.46,20.46,2600.0,53196.0
2024-01-05 13:29:00,20.46,20.46,20.45,20.46,4500.0,92069.0
2024-01-05 13:30:00,20.46,20.47,20.46,20.46,1300.0,26602.0
2024-01-05 13:31:00,20.47,20.47,20.46,20.46,10100.0,206657.0
2024-01-05 13:32:00,20.45,20.46,20.45,20.45,5500.0,112519.0
2024-01-05 13:33:00,20.45,20.46,20.43,20.43,20000.0,408840.0
2024-01-05 13:34:00,20.43,20.5,20.43,20.5,104000.0,2131502.0
2024-01-05 13:35:00,20.49,20.5,20.49,20.5,15800.0,323938.0
2024-01-05 13:36:00,20.5,20.51,20.5,20.5,9400.0,192706.0
2024-01-05 13:37:00,20.51,20.51,20.5,20.5,7700.0,157912.0
2024-01-05 13:38:00,20.5,20.51,20.49,20.49,7500.0,153740.0
2024-01-05 13:39:00,20.5,20.5,20.49,20.5,13500.0,276617.0
2024-01-05 13:40:00,20.49,20.5,20.45,20.45,195700.0,4008921.0
2024-01-05 13:41:00,20.48,20.48,20.48,20.48,4800.0,98346.0
2024-01-05 13:42:00,20.47,20.47,20.47,20.47,100.0,2047.0
2024-01-05 13:43:00,20.47,20.5,20.47,20.49,2700.0,55321.0
2024-01-05 13:44:00,20.49,20.49,20.48,20.48,3100.0,63498.0
2024-01-05 13:45:00,20.48,20.49,20.47,20.47,3300.0,67606.0
2024-01-05 13:46:00,20.47,20.48,20.46,20.48,8200.0,167813.0
2024-01-05 13:47:00,20.48,20.48,20.47,20.47,600.0,12283.0
2024-01-05 13:48:00,20.46,20.49,20.46,20.48,12100.0,247603.0
2024-01-05 13:49:00,20.48,20.49,20.48,20.49,4100.0,83958.0
2024-01-05 13:50:00,20.47,20.48,20.46,20.47,16500.0,337845.0
2024-01-05 13:51:00,20.47,20.48,20.47,20.47,3200.0,65513.0
2024-01-05 13:52:00,20.48,20.48,20.47,20.48,3100.0,63459.0
2024-01-05 13:53:00,20.48,20.48,20.47,20.47,3900.0,79855.0
2024-01-05 13:54:00,20.47,20.47,20.46,20.46,1700.0,34794.0
2024-01-05 13:55:00,20.47,20.47,20.46,20.46,7100.0,145269.0
2024-01-05 13:56:00,20.46,20.46,20.46,20.46,4000.0,81840.0
2024-01-05 13:57:00,20.46,20.47,20.46,20.47,3200.0,65492.0
2024-01-05 13:58:00,20.46,20.47,20.46,20.47,7100.0,145288.0
2024-01-05 13:59:00,20.47,20.47,20.44,20.44,20200.0,413351.0
2024-01-05 14:00:00,20.44,20.45,20.44,20.45,3300.0,67479.0
2024-01-05 14:01:00,20.45,20.48,20.44,20.48,14700.0,300831.0
2024-01-05 14:02:00,20.49,20.49,20.46,20.46,6700.0,137110.0
2024-01-05 14:03:00,20.47,20.49,20.46,20.49,2500.0,51177.0
2024-01-05 14:04:00,20.47,20.49,20.47,20.48,8500.0,174111.0
2024-01-05 14:05:00,20.48,20.48,20.46,20.46,14900.0,304940.0
2024-01-05 14:06:00,20.48,20.48,20.46,20.46,4300.0,88005.0
2024-01-05 14:07:00,20.45,20.46,20.45,20.45,5300.0,108395.0
2024-01-05 14:08:00,20.46,20.46,20.45,20.45,4800.0,98169.0
2024-01-05 14:09:00,20.46,20.46,20.45,20.45,4200.0,85913.0
2024-01-05 14:10:00,20.46,20.46,20.44,20.45,17000.0,347648.0
2024-01-05 14:11:00,20.45,20.46,20.44,20.46,7300.0,149271.0
2024-01-05 14:12:00,20.46,20.46,20.45,20.45,17000.0,347772.0
2024-01-05 14:13:00,20.45,20.45,20.44,20.44,12300.0,251513.0
2024-01-05 14:14:00,20.44,20.45,20.44,20.44,2700.0,55213.0
2024-01-05 14:15:00,20.44,20.44,20.43,20.44,11300.0,230954.0
2024-01-05 14:16:00,20.44,20.44,20.43,20.44,9100.0,185999.0
2024-01-05 14:17:00,20.44,20.44,20.43,20.44,7000.0,143047.0
2024-01-05 14:18:00,20.44,20.44,20.43,20.43,38900.0,794750.0
2024-01-05 14:19:00,20.41,20.42,20.39,20.39,85600.0,1746719.0
2024-01-05 14:20:00,20.4,20.41,20.39,20.41,12200.0,249817.0
2024-01-05 14:21:00,20.41,20.41,20.39,20.39,4000.0,81611.0
2024-01-05 14:22:00,20.39,20.39,20.39,20.39,10600.0,216140.0
2024-01-05 14:23:00,20.39,20.39,20.37,20.39,32700.0,665488.0
2024-01-05 14:24:00,20.39,20.39,20.38,20.39,3100.0,63206.0
2024-01-05 14:25:00,20.38,20.38,20.35,20.36,29500.0,600800.0
2024-01-05 14:26:00,20.37,20.37,20.36,20.36,4300.0,87558.0
2024-01-05 14:27:00,20.37,20.37,20.34,20.36,19600.0,398847.0
2024-01-05 14:28:00,20.36,20.36,20.31,20.32,45400.0,922790.0
2024-01-05 14:29:00,20.32,20.32,20.29,20.3,56000.0,1136978.0
2024-01-05 14:30:00,20.31,20.31,20.29,20.3,44400.0,901176.0
2024-01-05 14:31:00,20.3,20.31,20.28,20.29,51700.0,1049237.0
2024-01-05 14:32:00,20.29,20.29,20.28,20.29,26800.0,543532.0
2024-01-05 14:33:00,20.29,20.3,20.28,20.29,44500.0,902876.0
2024-01-05 14:34:00,20.29,20.32,20.29,20.32,49200.0,998414.0
2024-01-05 14:35:00,20.31,20.32,20.3,20.31,30700.0,624189.0
2024-01-05 14:36:00,20.3,20.31,20.3,20.31,12900.0,261900.0
2024-01-05 14:37:00,20.31,20.33,20.3,20.31,16300.0,330978.0
2024-01-05 14:38:00,20.3,20.31,20.3,20.31,26500.0,537958.0
2024-01-05 14:39:00,20.3,20.31,20.3,20.31,5800.0,117772.0
2024-01-05 14:40:00,20.3,20.31,20.29,20.3,18000.0,365443.0
2024-01-05 14:41:00,20.32,20.32,20.3,20.31,11700.0,237633.0
2024-01-05 14:42:00,20.31,20.32,20.3,20.3,5600.0,113727.0
2024-01-05 14:43:00,20.3,20.31,20.27,20.28,101000.0,2048827.0
2024-01-05 14:44:00,20.28,20.3,20.27,20.3,18100.0,367113.0
2024-01-05 14:45:00,20.3,20.3,20.29,20.29,18900.0,383517.0
2024-01-05 14:46:00,20.29,20.29,20.29,20.29,19700.0,399695.0
2024-01-05 14:47:00,20.29,20.3,20.29,20.3,20600.0,418062.0
2024-01-05 14:48:00,20.31,20.35,20.3,20.35,23400.0,475211.0
2024-01-05 14:49:00,20.33,20.34,20.31,20.31,15000.0,304892.0
2024-01-05 14:50:00,20.31,20.33,20.31,20.32,6100.0,123978.0
2024-01-05 14:51:00,20.32,20.32,20.31,20.32,10900.0,221462.0
2024-01-05 14:52:00,20.32,20.33,20.31,20.32,19300.0,392186.0
2024-01-05 14:53:00,20.32,20.34,20.32,20.32,26200.0,532456.0
2024-01-05 14:54:00,20.32,20.34,20.31,20.34,14500.0,294639.0
2024-01-05 14:55:00,20.34,20.34,20.31,20.32,25500.0,518352.0
2024-01-05 14:56:00,20.32,20.32,20.31,20.31,41600.0,845143.0
2024-01-05 14:57:00,20.3,20.32,20.3,20.32,35900.0,729324.0
2024-01-05 14:58:00,20.32,20.32,20.32,20.32,0.0,0.0
2024-01-05 14:59:00,20.32,20.32,20.32,20.32,0.0,0.0
2024-01-05 15:00:00,20.31,20.31,20.31,20.31,25500.0,517905.0
2024-01-08 09:31:00,20.21,20.25,20.09,20.09,107000.0,2159917.0
2024-01-08 09:32:00,20.08,20.13,20.08,20.13,103600.0,2082706.0
2024-01-08 09:33:00,20.15,20.17,20.13,20.15,34900.0,703521.0
2024-01-08 09:34:00,20.16,20.16,20.13,20.15,50300.0,1012856.0
2024-01-08 09:35:00,20.16,20.16,20.07,20.08,70100.0,1409251.0
2024-01-08 09:36:00,20.07,20.07,20.0,20.0,90100.0,1804173.0
2024-01-08 09:37:00,20.01,20.02,19.99,20.02,104000.0,2080462.0
2024-01-08 09:38:00,20.03,20.07,20.03,20.03,22100.0,442912.0
2024-01-08 09:39:00,20.03,20.03,19.96,19.97,111800.0,2235058.0
2024-01-08 09:40:00,19.97,19.97,19.96,19.97,68900.0,1375668.0
2024-01-08 09:41:00,19.96,19.97,19.95,19.96,69100.0,1379349.0
2024-01-08 09:42:00,19.97,20.01,19.97,20.0,74300.0,1485447.0
2024-01-08 09:43:00,20.0,20.03,20.0,20.03,13900.0,278065.0
2024-01-08 09:44:00,20.03,20.03,20.0,20.01,23900.0,478313.0
2024-01-08 09:45:00,20.02,20.02,20.0,20.01,17900.0,358069.0
2024-01-08 09:46:00,20.01,20.06,20.0,20.05,28400.0,568637.0
2024-01-08 09:47:00,20.07,20.12,20.07,20.09,26300.0,527788.0
2024-01-08 09:48:00,20.09,20.09,20.05,20.05,20000.0,401235.0
2024-01-08 09:49:00,20.05,20.05,20.02,20.04,12600.0,252399.0
2024-01-08 09:50:00,20.04,20.04,20.01,20.01,19700.0,394333.0
2024-01-08 09:51:00,20.01,20.05,20.01,20.05,14600.0,292545.0
2024-01-08 09:52:00,20.04,20.05,20.0,20.01,12000.0,240365.0
2024-01-08 09:53:00,20.01,20.02,19.98,19.98,20900.0,417888.0
2024-01-08 09:54:00,19.98,20.02,19.98,20.02,35000.0,700243.0
2024-01-08 09:55:00,20.02,20.03,20.01,20.03,12200.0,244250.0
2024-01-08 09:56:00,20.01,20.01,19.99,20.0,12800.0,256066.0
2024-01-08 09:57:00,20.0,20.02,19.99,20.0,13100.0,262003.0
2024-01-08 09:58:00,20.01,20.04,20.01,20.04,15300.0,306436.0
2024-01-08 09:59:00,20.04,20.04,20.04,20.04,13700.0,274527.0
2024-01-08 10:00:00,20.04,20.04,20.03,20.04,21900.0,438842.0
2024-01-08 10:01:00,20.04,20.04,20.04,20.04,16900.0,338633.0
2024-01-08 10:02:00,20.04,20.05,20.02,20.02,18900.0,378624.0
2024-01-08 10:03:00,20.03,20.04,20.03,20.04,2500.0,50094.0
2024-01-08 10:04:00,20.04,20.04,20.03,20.04,5900.0,118220.0
2024-01-08 10:05:00,20.03,20.03,20.03,20.03,12500.0,250383.0
2024-01-08 10:06:00,20.03,20.06,20.03,20.06,20700.0,414890.0
2024-01-08 10:07:00,20.06,20.07,20.04,20.04,17500.0,350960.0
2024-01-08 10:08:00,20.05,20.06,20.03,20.03,5400.0,108229.0
2024-01-08 10:09:00,20.03,20.03,20.03,20.03,4400.0,88148.0
2024-01-08 10:10:00,20.06,20.06,20.05,20.06,9900.0,198540.0
2024-01-08 10:11:00,20.06,20.07,20.05,20.05,9400.0,188545.0
2024-01-08 10:12:00,20.06,20.06,20.04,20.04,7200.0,144343.0
2024-01-08 10:13:00,20.04,20.04,20.03,20.03,2600.0,52089.0
2024-01-08 10:14:00,20.03,20.03,20.02,20.02,14200.0,284375.0
2024-01-08 10:15:00,20.02,20.02,19.99,19.99,35600.0,712182.0
2024-01-08 10:16:00,19.99,20.0,19.99,19.99,1700.0,33987.0
2024-01-08 10:17:00,19.99,20.0,19.99,20.0,6500.0,129950.0
2024-01-08 10:18:00,19.99,20.01,19.99,20.0,11700.0,233940.0
2024-01-08 10:19:00,20.01,20.03,20.01,20.03,4300.0,86058.0
2024-01-08 10:20:00,20.04,20.06,20.04,20.06,5800.0,116230.0
2024-01-08 10:21:00,20.06,20.06,20.02,20.02,6500.0,130187.0
2024-01-08 10:22:00,20.02,20.02,20.0,20.0,15300.0,306045.0
2024-01-08 10:23:00,20.0,20.02,20.0,20.02,58800.0,1176493.0
2024-01-08 10:24:00,20.02,20.02,20.0,20.0,4700.0,94038.0
2024-01-08 10:25:00,20.0,20.0,19.99,20.0,11400.0,227996.0
2024-01-08 10:26:00,20.0,20.0,19.99,19.99,12700.0,253897.0
2024-01-08 10:27:00,19.99,19.99,19.99,19.99,1800.0,35982.0
2024-01-08 10:28:00,19.99,20.0,19.99,20.0,9500.0,189977.0
2024-01-08 10:29:00,19.99,20.0,19.99,19.99,4900.0,97952.0
2024-01-08 10:30:00,19.98,19.99,19.97,19.98,39500.0,789135.0
2024-01-08 10:31:00,19.97,19.98,19.97,19.98,36500.0,728893.0
2024-01-08 10:32:00,19.97,19.98,19.97,19.98,9500.0,189730.0
2024-01-08 10:33:00,19.98,19.99,19.98,19.99,6400.0,127909.0
2024-01-08 10:34:00,20.0,20.0,19.98,19.98,22600.0,451933.0
2024-01-08 10:35:00,19.99,20.0,19.98,19.98,12300.0,245805.0
2024-01-08 10:36:00,19.98,20.0,19.98,20.0,4800.0,95969.0
2024-01-08 10:37:00,20.01,20.01,20.0,20.01,1500.0,30010.0
2024-01-08 10:38:00,20.01,20.02,20.0,20.02,28800.0,576443.0
2024-01-08 10:39:00,20.06,20.06,20.03,20.03,1700.0,34081.0
2024-01-08 10:40:00,20.03,20.03,20.02,20.02,12400.0,248260.0
2024-01-08 10:41:00,20.03,20.05,20.02,20.05,2700.0,54089.0
2024-01-08 10:42:00,20.02,20.04,20.01,20.01,4400.0,88087.0
2024-01-08 10:43:00,20.01,20.01,20.01,20.01,900.0,18009.0
2024-01-08 10:44:00,20.01,20.01,19.99,19.99,4800.0,95999.0
2024-01-08 10:45:00,19.99,19.99,19.99,19.99,1000.0,19990.0
2024-01-08 10:46:00,19.99,20.0,19.99,20.0,3800.0,75965.0
2024-01-08 10:47:00,19.99,20.0,19.99,19.99,1700.0,33997.0
2024-01-08 10:48:00,19.99,19.99,19.99,19.99,400.0,7996.0
2024-01-08 10:49:00,19.99,20.0,19.99,19.99,13200.0,263872.0
2024-01-08 10:50:00,19.99,19.99,19.98,19.99,11200.0,223854.0
2024-01-08 10:51:00,19.99,19.99,19.98,19.98,21400.0,427620.0
2024-01-08 10:52:00,19.98,19.98,19.97,19.97,11300.0,225685.0
2024-01-08 10:53:00,19.97,19.98,19.97,19.97,23300.0,465435.0
2024-01-08 10:54:00,19.97,19.98,19.96,19.96,20600.0,411429.0
2024-01-08 10:55:00,19.96,19.96,19.94,19.95,90400.0,1803711.0
2024-01-08 10:56:00,19.96,19.96,19.95,19.95,5600.0,111740.0
2024-01-08 10:57:00,19.96,19.96,19.95,19.96,5500.0,109778.0
2024-01-08 10:58:00,19.96,19.97,19.95,19.96,7300.0,145704.0
2024-01-08 10:59:00,19.95,19.96,19.95,19.96,19800.0,395156.0
2024-01-08 11:00:00,19.95,19.96,19.94,19.95,10100.0,201493.0
2024-01-08 11:01:00,19.96,19.96,19.94,19.95,9200.0,183515.0
2024-01-08 11:02:00,19.94,19.94,19.92,19.94,22000.0,438628.0
2024-01-08 11:03:00,19.93,19.94,19.92,19.94,5900.0,117596.0
2024-01-08 11:04:00,19.94,19.95,19.93,19.93,8200.0,163555.0
2024-01-08 11:05:00,19.94,19.95,19.93,19.95,11400.0,227343.0
2024-01-08 11:06:00,19.96,19.96,19.94,19.95,7300.0,145638.0
2024-01-08 11:07:00,19.96,19.96,19.95,19.95,8300.0,165590.0
2024-01-08 11:08:00,19.95,19.96,19.94,19.95,9300.0,185542.0
2024-01-08 11:09:00,19.97,19.98,19.97,19.98,4900.0,97867.0
2024-01-08 11:10:00,19.97,19.98,19.97,19.97,1700.0,33955.0
2024-01-08 11:11:00,19.97,19.97,19.93,19.94,27700.0,553060.0
2024-01-08 11:12:00,19.95,19.96,19.94,19.96,1800.0,35913.0
2024-01-08 11:13:00,19.95,19.97,19.95,19.96,3600.0,71841.0
2024-01-08 11:14:00,19.95,19.97,19.94,19.94,11200.0,223387.0
2024-01-08 11:15:00,19.94,19.94,19.93,19.93,10900.0,217295.0
2024-01-08 11:16:00,19.93,19.94,19.93,19.93,17300.0,344792.0
2024-01-08 11:17:00,19.93,19.96,19.93,19.95,24300.0,484579.0
2024-01-08 11:18:00,19.96,19.99,19.95,19.99,9600.0,191693.0
2024-01-08 11:19:00,19.99,19.99,19.97,19.97,1000.0,19988.0
2024-01-08 11:20:00,19.97,19.98,19.95,19.97,20800.0,415076.0
2024-01-08 11:21:00,19.97,19.99,19.96,19.98,2100.0,41954.0
2024-01-08 11:22:00,19.99,19.99,19.97,19.98,18700.0,373680.0
2024-01-08 11:23:00,19.98,19.98,19.96,19.96,13700.0,273610.0
2024-01-08 11:24:00,19.96,19.98,19.96,19.98,2200.0,43940.0
2024-01-08 11:25:00,19.96,19.96,19.94,19.95,23800.0,474911.0
2024-01-08 11:26:00,19.94,19.95,19.94,19.94,9700.0,193500.0
2024-01-08 11:27:00,19.95,19.95,19.94,19.94,3000.0,59828.0
2024-01-08 11:28:00,19.94,19.95,19.94,19.94,1600.0,31907.0
2024-01-08 11:29:00,19.95,19.95,19.94,19.95,2400.0,47879.0
2024-01-08 11:30:00,19.94,19.96,19.94,19.95,1300.0,25933.0
2024-01-08 13:01:00,19.95,19.95,19.93,19.93,47400.0,945380.0
2024-01-08 13:02:00,19.93,19.94,19.93,19.94,2800.0,55831.0
2024-01-08 13:03:00,19.94,19.94,19.94,19.94,1500.0,29910.0
2024-01-08 13:04:00,19.95,19.95,19.93,19.93,39400.0,785325.0
2024-01-08 13:05:00,19.92,19.93,19.92,19.93,12000.0,239076.0
2024-01-08 13:06:00,19.94,19.95,19.91,19.92,52600.0,1047759.0
2024-01-08 13:07:00,19.93,19.93,19.9,19.92,29800.0,593411.0
2024-01-08 13:08:00,19.92,19.92,19.91,19.92,4900.0,97601.0
2024-01-08 13:09:00,19.91,19.92,19.91,19.92,4000.0,79679.0
2024-01-08 13:10:00,19.92,19.93,19.91,19.91,5800.0,115545.0
2024-01-08 13:11:00,19.92,19.92,19.91,19.92,5600.0,111545.0
2024-01-08 13:12:00,19.93,19.93,19.93,19.93,3700.0,73740.0
2024-01-08 13:13:00,19.92,19.92,19.92,19.92,500.0,9960.0
2024-01-08 13:14:00,19.93,19.93,19.91,19.92,34400.0,685138.0
2024-01-08 13:15:00,19.92,19.92,19.91,19.91,5400.0,107540.0
2024-01-08 13:16:00,19.91,19.92,19.9,19.9,22500.0,447906.0
2024-01-08 13:17:00,19.9,19.9,19.88,19.88,59600.0,1185761.0
2024-01-08 13:18:00,19.89,19.89,19.88,19.88,8200.0,163042.0
2024-01-08 13:19:00,19.89,19.91,19.89,19.91,4200.0,83580.0
2024-01-08 13:20:00,19.9,19.91,19.9,19.9,7300.0,145272.0
2024-01-08 13:21:00,19.9,19.9,19.87,19.87,26700.0,530867.0
2024-01-08 13:22:00,19.87,19.87,19.86,19.86,17500.0,347600.0
2024-01-08 13:23:00,19.87,19.87,19.86,19.86,22700.0,450878.0
2024-01-08 13:24:00,19.86,19.86,19.86,19.86,4900.0,97314.0
2024-01-08 13:25:00,19.86,19.86,19.85,19.85,17000.0,337483.0
2024-01-08 13:26:00,19.85,19.86,19.84,19.86,8600.0,170717.0
2024-01-08 13:27:00,19.86,19.88,19.86,19.88,8200.0,162916.0
2024-01-08 13:28:00,19.87,19.87,19.87,19.87,2700.0,53649.0
2024-01-08 13:29:00,19.86,19.86,19.84,19.85,21400.0,424829.0
2024-01-08 13:30:00,19.85,19.86,19.85,19.85,4000.0,79401.0
2024-01-08 13:31:00,19.86,19.86,19.84,19.85,14600.0,289699.0
2024-01-08 13:32:00,19.85,19.88,19.84,19.88,14100.0,279975.0
2024-01-08 13:33:00,19.88,19.88,19.87,19.87,1500.0,29811.0
2024-01-08 13:34:00,19.87,19.87,19.85,19.85,23900.0,474615.0
2024-01-08 13:35:00,19.86,19.86,19.84,19.85,16000.0,317575.0
2024-01-08 13:36:00,19.84,19.85,19.84,19.85,2600.0,51598.0
2024-01-08 13:37:00,19.85,19.86,19.84,19.86,15800.0,313530.0
2024-01-08 13:38:00,19.86,19.9,19.86,19.86,33700.0,670330.0
2024-01-08 13:39:00,19.88,19.88,19.86,19.88,18300.0,363725.0
2024-01-08 13:40:00,19.86,19.88,19.85,19.86,26000.0,516581.0
2024-01-08 13:41:00,19.86,19.87,19.86,19.86,2500.0,49658.0
2024-01-08 13:42:00,19.87,19.87,19.86,19.86,22600.0,448848.0
2024-01-08 13:43:00,19.86,19.87,19.86,19.87,2900.0,57595.0
2024-01-08 13:44:00,19.86,19.86,19.85,19.85,18500.0,367287.0
2024-01-08 13:45:00,19.85,19.86,19.84,19.84,14300.0,283754.0
2024-01-08 13:46:00,19.84,19.85,19.83,19.84,14300.0,283612.0
2024-01-08 13:47:00,19.83,19.84,19.83,19.83,3700.0,73379.0
2024-01-08 13:48:00,19.83,19.85,19.83,19.85,6600.0,130919.0
2024-01-08 13:49:00,19.84,19.85,19.84,19.85,11500.0,228257.0
2024-01-08 13:50:00,19.85,19.86,19.85,19.86,95100.0,1887949.0
2024-01-08 13:51:00,19.86,19.88,19.86,19.86,10800.0,214516.0
2024-01-08 13:52:00,19.86,19.86,19.85,19.85,14000.0,277960.0
2024-01-08 13:53:00,19.85,19.86,19.85,19.85,19400.0,385110.0
2024-01-08 13:54:00,19.85,19.85,19.83,19.84,9400.0,186496.0
2024-01-08 13:55:00,19.85,19.85,19.84,19.85,1300.0,25804.0
2024-01-08 13:56:00,19.86,19.86,19.85,19.85,4200.0,83385.0
2024-01-08 13:57:00,19.85,19.86,19.85,19.85,6900.0,136979.0
2024-01-08 13:58:00,19.85,19.85,19.84,19.85,6000.0,119093.0
2024-01-08 13:59:00,19.85,19.86,19.84,19.86,14400.0,285802.0
2024-01-08 14:00:00,19.85,19.86,19.84,19.84,10400.0,206373.0
2024-01-08 14:01:00,19.84,19.84,19.81,19.81,95000.0,1883272.0
2024-01-08 14:02:00,19.81,19.81,19.79,19.8,85500.0,1693007.0
2024-01-08 14:03:00,19.79,19.8,19.79,19.79,11200.0,221758.0
2024-01-08 14:04:00,19.8,19.8,19.79,19.8,15700.0,310809.0
2024-01-08 14:05:00,19.8,19.82,19.8,19.82,6100.0,120840.0
2024-01-08 14:06:00,19.83,19.84,19.82,19.84,22300.0,441462.0
2024-01-08 14:07:00,19.85,19.89,19.85,19.88,88600.0,1759742.0
2024-01-08 14:08:00,19.88,19.9,19.86,19.86,44100.0,876720.0
2024-01-08 14:09:00,19.86,19.9,19.86,19.9,17000.0,337895.0
2024-01-08 14:10:00,19.9,19.9,19.84,19.84,23400.0,465095.0
2024-01-08 14:11:00,19.84,19.85,19.81,19.83,22400.0,445052.0
2024-01-08 14:12:00,19.81,19.82,19.8,19.82,14200.0,281242.0
2024-01-08 14:13:00,19.82,19.83,19.81,19.83,5500.0,108995.0
2024-01-08 14:14:00,19.82,19.82,19.82,19.82,2700.0,53515.0
2024-01-08 14:15:00,19.83,19.84,19.83,19.84,6300.0,124931.0
2024-01-08 14:16:00,19.84,19.84,19.82,19.82,4800.0,95178.0
2024-01-08 14:17:00,19.82,19.84,19.82,19.83,8900.0,176468.0
2024-01-08 14:18:00,19.83,19.83,19.81,19.83,17200.0,340896.0
2024-01-08 14:19:00,19.83,19.83,19.81,19.82,3300.0,65383.0
2024-01-08 14:20:00,19.82,19.82,19.81,19.81,4100.0,81242.0
2024-01-08 14:21:00,19.82,19.82,19.82,19.82,4800.0,95136.0
2024-01-08 14:22:00,19.81,19.83,19.81,19.83,3100.0,61428.0
2024-01-08 14:23:00,19.82,19.83,19.82,19.83,4400.0,87235.0
2024-01-08 14:24:00,19.84,19.85,19.82,19.85,5300.0,105148.0
2024-01-08 14:25:00,19.84,19.85,19.83,19.85,4100.0,81332.0
2024-01-08 14:26:00,19.84,19.85,19.81,19.82,18400.0,365044.0
2024-01-08 14:27:00,19.85,19.85,19.81,19.85,15100.0,299593.0
2024-01-08 14:28:00,19.84,19.86,19.84,19.86,5400.0,107171.0
2024-01-08 14:29:00,19.86,19.86,19.81,19.83,3700.0,73407.0
2024-01-08 14:30:00,19.83,19.83,19.82,19.82,5500.0,109052.0
2024-01-08 14:31:00,19.82,19.82,19.81,19.81,12400.0,245672.0
2024-01-08 14:32:00,19.81,19.81,19.81,19.81,19400.0,384314.0
2024-01-08 14:33:00,19.81,19.81,19.79,19.79,25200.0,498967.0
2024-01-08 14:34:00,19.8,19.8,19.79,19.79,10800.0,213744.0
2024-01-08 14:35:00,19.79,19.82,19.79,19.82,36400.0,720826.0
2024-01-08 14:36:00,19.82,19.83,19.8,19.81,5100.0,101032.0
2024-01-08 14:37:00,19.81,19.81,19.8,19.8,23700.0,469278.0
2024-01-08 14:38:00,19.8,19.81,19.79,19.8,17900.0,354365.0
2024-01-08 14:39:00,19.79,19.81,19.79,19.81,35800.0,708852.0
2024-01-08 14:40:00,19.8,19.81,19.8,19.8,31900.0,631639.0
2024-01-08 14:41:00,19.8,19.81,19.79,19.8,24400.0,482954.0
2024-01-08 14:42:00,19.79,19.8,19.78,19.79,11900.0,235511.0
2024-01-08 14:43:00,19.79,19.79,19.78,19.79,8100.0,160268.0
2024-01-08 14:44:00,19.78,19.79,19.78,19.79,6400.0,126651.0
2024-01-08 14:45:00,19.79,19.8,19.78,19.78,23300.0,461212.0
2024-01-08 14:46:00,19.78,19.8,19.78,19.79,14300.0,282997.0
2024-01-08 14:47:00,19.79,19.8,19.78,19.79,34900.0,690684.0
2024-01-08 14:48:00,19.79,19.79,19.78,19.78,26300.0,520374.0
2024-01-08 14:49:00,19.79,19.79,19.77,19.77,30400.0,601384.0
2024-01-08 14:50:00,19.77,19.78,19.77,19.78,20000.0,395606.0
2024-01-08 14:51:00,19.79,19.79,19.76,19.77,63600.0,1257784.0
2024-01-08 14:52:00,19.76,19.77,19.75,19.76,26800.0,529457.0
2024-01-08 14:53:00,19.75,19.75,19.74,19.74,29600.0,584439.0
2024-01-08 14:54:00,19.73,19.75,19.73,19.73,30800.0,607753.0
2024-01-08 14:55:00,19.73,19.73,19.72,19.73,16100.0,317621.0
2024-01-08 14:56:00,19.72,19.74,19.72,19.73,61000.0,1203490.0
2024-01-08 14:57:00,19.73,19.74,19.72,19.73,43000.0,848207.0
2024-01-08 14:58:00,19.72,19.72,19.72,19.72,2500.0,49300.0
2024-01-08 14:59:00,19.72,19.72,19.72,19.72,0.0,0.0
2024-01-08 15:00:00,19.72,19.72,19.72,19.72,43000.0,847960.0
2024-01-09 09:31:00,19.72,19.79,19.68,19.72,114400.0,2255879.0
2024-01-09 09:32:00,19.73,19.78,19.71,19.76,9800.0,193492.0
2024-01-09 09:33:00,19.74,19.85,19.74,19.81,13600.0,268816.0
2024-01-09 09:34:00,19.82,19.92,19.82,19.89,45500.0,905009.0
2024-01-09 09:35:00,19.9,19.9,19.87,19.88,21100.0,419718.0
2024-01-09 09:36:00,19.89,19.89,19.82,19.85,27000.0,536346.0
2024-01-09 09:37:00,19.83,19.83,19.8,19.83,12200.0,241796.0
2024-01-09 09:38:00,19.82,19.83,19.81,19.82,14000.0,277442.0
2024-01-09 09:39:00,19.82,19.84,19.81,19.84,7700.0,152681.0
2024-01-09 09:40:00,19.85,19.85,19.82,19.82,10300.0,204321.0
2024-01-09 09:41:00,19.83,19.83,19.79,19.83,7100.0,140596.0
2024-01-09 09:42:00,19.83,19.85,19.82,19.83,14500.0,287600.0
2024-01-09 09:43:00,19.83,19.83,19.82,19.83,2700.0,53527.0
2024-01-09 09:44:00,19.81,19.81,19.75,19.76,13400.0,265166.0
2024-01-09 09:45:00,19.77,19.77,19.75,19.75,12400.0,244958.0
2024-01-09 09:46:00,19.75,19.76,19.73,19.74,8600.0,169783.0
2024-01-09 09:47:00,19.74,19.76,19.74,19.76,5900.0,116480.0
2024-01-09 09:48:00,19.77,19.82,19.77,19.79,14400.0,285092.0
2024-01-09 09:49:00,19.81,19.81,19.79,19.8,2000.0,39605.0
2024-01-09 09:50:00,19.8,19.81,19.77,19.77,6800.0,134586.0
2024-01-09 09:51:00,19.77,19.79,19.77,19.77,6600.0,130494.0
2024-01-09 09:52:00,19.77,19.78,19.75,19.75,11000.0,217385.0
2024-01-09 09:53:00,19.76,19.77,19.74,19.74,25700.0,507496.0
2024-01-09 09:54:00,19.76,19.77,19.75,19.75,1400.0,27653.0
2024-01-09 09:55:00,19.76,19.77,19.75,19.75,11000.0,217394.0
2024-01-09 09:56:00,19.75,19.76,19.75,19.76,4900.0,96822.0
2024-01-09 09:57:00,19.76,19.76,19.75,19.76,18400.0,363479.0
2024-01-09 09:58:00,19.77,19.77,19.77,19.77,16500.0,326183.0
2024-01-09 09:59:00,19.77,19.8,19.77,19.8,9700.0,191897.0
2024-01-09 10:00:00,19.8,19.84,19.79,19.84,12200.0,241752.0
2024-01-09 10:01:00,19.84,19.88,19.84,19.86,13600.0,269946.0
2024-01-09 10:02:00,19.86,19.86,19.84,19.84,8400.0,166730.0
2024-01-09 10:03:00,19.84,19.89,19.84,19.86,48400.0,960237.0
2024-01-09 10:04:00,19.84,19.84,19.82,19.82,51500.0,1019980.0
2024-01-09 10:05:00,19.83,19.85,19.83,19.83,33900.0,671862.0
2024-01-09 10:06:00,19.83,19.85,19.82,19.84,13900.0,275772.0
2024-01-09 10:07:00,19.84,19.91,19.84,19.89,124800.0,2480124.0
2024-01-09 10:08:00,19.91,19.91,19.88,19.88,19700.0,392198.0
2024-01-09 10:09:00,19.9,19.92,19.89,19.9,13100.0,260740.0
2024-01-09 10:10:00,19.9,19.9,19.86,19.86,22500.0,447317.0
2024-01-09 10:11:00,19.88,19.9,19.87,19.9,15800.0,314125.0
2024-01-09 10:12:00,19.9,19.91,19.88,19.91,20000.0,397988.0
2024-01-09 10:13:00,19.91,19.94,19.91,19.93,24600.0,490205.0
2024-01-09 10:14:00,19.93,19.96,19.93,19.96,26500.0,528486.0
2024-01-09 10:15:00,19.96,19.97,19.96,19.96,19800.0,395261.0
2024-01-09 10:16:00,19.97,19.99,19.97,19.97,38800.0,775140.0
2024-01-09 10:17:00,19.97,19.97,19.95,19.95,15600.0,311360.0
2024-01-09 10:18:00,19.95,19.97,19.95,19.95,15700.0,313325.0
2024-01-09 10:19:00,19.97,19.99,19.97,19.99,34500.0,689172.0
2024-01-09 10:20:00,20.0,20.05,19.99,20.05,62000.0,1240600.0
2024-01-09 10:21:00,20.05,20.05,20.03,20.04,10500.0,210452.0
2024-01-09 10:22:00,20.03,20.04,20.02,20.03,15800.0,316498.0
2024-01-09 10:23:00,20.03,20.04,20.02,20.03,26200.0,524649.0
2024-01-09 10:24:00,20.04,20.07,20.03,20.03,103900.0,2081712.0
2024-01-09 10:25:00,20.06,20.07,20.06,20.07,23000.0,461441.0
2024-01-09 10:26:00,20.08,20.1,20.08,20.09,17800.0,357597.0
2024-01-09 10:27:00,20.08,20.1,20.08,20.09,15100.0,303253.0
2024-01-09 10:28:00,20.09,20.09,20.05,20.07,47600.0,954780.0
2024-01-09 10:29:00,20.05,20.06,20.05,20.05,12900.0,258712.0
2024-01-09 10:30:00,20.05,20.06,20.04,20.04,11900.0,238587.0
2024-01-09 10:31:00,20.05,20.07,20.05,20.07,21500.0,431168.0
2024-01-09 10:32:00,20.07,20.07,20.06,20.06,3600.0,72222.0
2024-01-09 10:33:00,20.06,20.06,20.05,20.05,7800.0,156467.0
2024-01-09 10:34:00,20.05,20.07,20.05,20.07,16300.0,326997.0
2024-01-09 10:35:00,20.07,20.08,20.07,20.08,10500.0,210806.0
2024-01-09 10:36:00,20.07,20.09,20.07,20.07,15800.0,317198.0
2024-01-09 10:37:00,20.06,20.06,20.05,20.06,6100.0,122336.0
2024-01-09 10:38:00,20.05,20.05,20.05,20.05,3100.0,62165.0
2024-01-09 10:39:00,20.05,20.05,20.04,20.04,800.0,16037.0
2024-01-09 10:40:00,20.04,20.04,20.04,20.04,11000.0,220440.0
2024-01-09 10:41:00,20.04,20.05,20.04,20.04,9300.0,186406.0
2024-01-09 10:42:00,20.03,20.03,20.02,20.02,2500.0,50056.0
2024-01-09 10:43:00,20.01,20.01,20.0,20.0,7700.0,154053.0
2024-01-09 10:44:00,20.0,20.0,19.98,19.98,1800.0,35995.0
2024-01-09 10:45:00,19.98,19.98,19.97,19.98,5600.0,111871.0
2024-01-09 10:46:00,19.98,19.99,19.98,19.98,5300.0,105895.0
2024-01-09 10:47:00,19.98,19.99,19.98,19.98,2800.0,55957.0
2024-01-09 10:48:00,19.99,20.04,19.99,20.01,13900.0,277948.0
2024-01-09 10:49:00,20.01,20.02,20.01,20.02,200.0,4003.0
2024-01-09 10:50:00,20.02,20.02,20.02,20.02,100.0,2002.0
2024-01-09 10:51:00,20.01,20.01,20.01,20.01,2200.0,44022.0
2024-01-09 10:52:00,20.0,20.0,19.99,20.0,10600.0,211992.0
2024-01-09 10:53:00,19.99,19.99,19.97,19.98,14500.0,289762.0
2024-01-09 10:54:00,19.99,19.99,19.99,19.99,200.0,3998.0
2024-01-09 10:55:00,19.99,20.0,19.99,19.99,5100.0,101956.0
2024-01-09 10:56:00,19.99,19.99,19.98,19.99,3200.0,63955.0
2024-01-09 10:57:00,19.99,19.99,19.98,19.98,6500.0,129911.0
2024-01-09 10:58:00,19.98,19.98,19.97,19.97,3600.0,71908.0
2024-01-09 10:59:00,19.97,19.99,19.97,19.97,9300.0,185723.0
2024-01-09 11:00:00,19.97,19.99,19.97,19.98,3600.0,71940.0
2024-01-09 11:01:00,19.98,19.98,19.98,19.98,1600.0,31968.0
2024-01-09 11:02:00,19.98,19.98,19.96,19.96,6100.0,121821.0
2024-01-09 11:03:00,19.96,19.96,19.94,19.94,1500.0,29938.0
2024-01-09 11:04:00,19.95,19.97,19.95,19.96,3900.0,77837.0
2024-01-09 11:05:00,19.97,19.97,19.96,19.96,1500.0,29942.0
2024-01-09 11:06:00,19.96,19.98,19.96,19.98,8900.0,177742.0
2024-01-09 11:07:00,19.99,19.99,19.99,19.99,1300.0,25987.0
2024-01-09 11:08:00,19.99,19.99,19.96,19.96,7400.0,147845.0
2024-01-09 11:09:00,19.96,19.97,19.96,19.96,5000.0,99819.0
2024-01-09 11:10:00,19.96,19.97,19.96,19.97,900.0,17972.0
2024-01-09 11:11:00,19.97,19.99,19.97,19.99,900.0,17979.0
2024-01-09 11:12:00,19.98,19.99,19.98,19.98,5700.0,113908.0
2024-01-09 11:13:00,19.98,19.98,19.98,19.98,1700.0,33966.0
2024-01-09 11:14:00,19.98,19.98,19.97,19.97,6400.0,127868.0
2024-01-09 11:15:00,19.97,19.97,19.97,19.97,3100.0,61907.0
2024-01-09 11:16:00,19.97,19.97,19.97,19.97,2500.0,49925.0
2024-01-09 11:17:00,19.97,19.99,19.97,19.98,6400.0,127889.0
2024-01-09 11:18:00,19.99,19.99,19.98,19.98,5100.0,101923.0
2024-01-09 11:19:00,19.98,19.98,19.97,19.98,4200.0,83915.0
2024-01-09 11:20:00,19.99,19.99,19.98,19.99,5300.0,105927.0
2024-01-09 11:21:00,20.0,20.0,19.99,19.99,1800.0,35995.0
2024-01-09 11:22:00,20.0,20.0,19.99,19.99,12000.0,239956.0
2024-01-09 11:23:00,19.98,20.0,19.98,20.0,2200.0,43978.0
2024-01-09 11:24:00,19.98,20.0,19.98,19.98,6400.0,127932.0
2024-01-09 11:25:00,19.98,19.99,19.98,19.98,5100.0,101906.0
2024-01-09 11:26:00,19.98,19.98,19.98,19.98,2700.0,53946.0
2024-01-09 11:27:00,19.98,19.98,19.98,19.98,2700.0,53946.0
2024-01-09 11:28:00,19.98,19.98,19.98,19.98,3000.0,59940.0
2024-01-09 11:29:00,19.98,19.98,19.98,19.98,4600.0,91908.0
2024-01-09 11:30:00,19.97,19.98,19.97,19.98,2700.0,53924.0
2024-01-09 13:01:00,19.98,19.98,19.97,19.98,9400.0,187798.0
2024-01-09 13:02:00,19.96,19.96,19.96,19.96,3100.0,61877.0
2024-01-09 13:03:00,19.95,19.96,19.95,19.96,500.0,9979.0
2024-01-09 13:04:00,19.95,19.96,19.95,19.96,4300.0,85827.0
2024-01-09 13:05:00,19.96,19.96,19.96,19.96,3300.0,65868.0
2024-01-09 13:06:00,19.97,19.98,19.97,19.98,5300.0,105889.0
2024-01-09 13:07:00,19.98,19.98,19.95,19.95,4300.0,85851.0
2024-01-09 13:08:00,19.95,19.95,19.95,19.95,3300.0,65835.0
2024-01-09 13:09:00,19.95,19.95,19.94,19.94,2600.0,51867.0
2024-01-09 13:10:00,19.94,19.94,19.94,19.94,900.0,17946.0
2024-01-09 13:11:00,19.95,19.95,19.94,19.95,5000.0,99711.0
2024-01-09 13:12:00,19.95,19.95,19.94,19.95,15500.0,309136.0
2024-01-09 13:13:00,19.95,19.95,19.94,19.94,700.0,13963.0
2024-01-09 13:14:00,19.94,19.94,19.92,19.92,11800.0,235204.0
2024-01-09 13:15:00,19.92,19.92,19.91,19.92,10200.0,203179.0
2024-01-09 13:16:00,19.91,19.91,19.89,19.89,11000.0,218930.0
2024-01-09 13:17:00,19.89,19.89,19.89,19.89,2200.0,43758.0
2024-01-09 13:18:00,19.89,19.89,19.88,19.89,4500.0,89494.0
2024-01-09 13:19:00,19.89,19.89,19.88,19.88,4200.0,83513.0
2024-01-09 13:20:00,19.88,19.88,19.86,19.86,8100.0,160928.0
2024-01-09 13:21:00,19.86,19.88,19.85,19.88,13600.0,270178.0
2024-01-09 13:22:00,19.9,19.9,19.9,19.9,4100.0,81589.0
2024-01-09 13:23:00,19.9,19.9,19.85,19.85,8700.0,172877.0
2024-01-09 13:24:00,19.85,19.85,19.85,19.85,6900.0,136965.0
2024-01-09 13:25:00,19.86,19.86,19.84,19.84,300.0,5955.0
2024-01-09 13:26:00,19.85,19.85,19.84,19.85,6600.0,130988.0
2024-01-09 13:27:00,19.85,19.87,19.85,19.86,9600.0,190628.0
2024-01-09 13:28:00,19.86,19.86,19.83,19.83,14300.0,283853.0
2024-01-09 13:29:00,19.83,19.83,19.83,19.83,2000.0,39660.0
2024-01-09 13:30:00,19.83,19.83,19.81,19.82,30000.0,594212.0
2024-01-09 13:31:00,19.82,19.83,19.82,19.83,2200.0,43609.0
2024-01-09 13:32:00,19.83,19.84,19.82,19.83,5000.0,99155.0
2024-01-09 13:33:00,19.83,19.86,19.83,19.86,14100.0,279748.0
2024-01-09 13:34:00,19.86,19.86,19.85,19.86,17100.0,339442.0
2024-01-09 13:35:00,19.86,19.86,19.86,19.86,3200.0,63552.0
2024-01-09 13:36:00,19.86,19.88,19.85,19.88,11000.0,218508.0
2024-01-09 13:37:00,19.91,19.91,19.87,19.87,13300.0,264403.0
2024-01-09 13:38:00,19.87,19.87,19.87,19.87,500.0,9935.0
2024-01-09 13:39:00,19.87,19.87,19.87,19.87,0.0,0.0
2024-01-09 13:40:00,19.88,19.88,19.87,19.87,4100.0,81478.0
2024-01-09 13:41:00,19.87,19.87,19.86,19.87,5800.0,115229.0
2024-01-09 13:42:00,19.87,19.88,19.87,19.87,2600.0,51663.0
2024-01-09 13:43:00,19.88,19.88,19.88,19.88,2400.0,47711.0
2024-01-09 13:44:00,19.87,19.87,19.87,19.87,4200.0,83478.0
2024-01-09 13:45:00,19.86,19.86,19.85,19.85,3700.0,73465.0
2024-01-09 13:46:00,19.85,19.85,19.84,19.84,3500.0,69471.0
2024-01-09 13:47:00,19.84,19.86,19.84,19.86,3900.0,77396.0
2024-01-09 13:48:00,19.85,19.85,19.85,19.85,2300.0,45655.0
2024-01-09 13:49:00,19.87,19.87,19.87,19.87,1400.0,27818.0
2024-01-09 13:50:00,19.87,19.87,19.86,19.86,3200.0,63556.0
2024-01-09 13:51:00,19.87,19.87,19.85,19.85,2100.0,41702.0
2024-01-09 13:52:00,19.86,19.86,19.85,19.85,600.0,11911.0
2024-01-09 13:53:00,19.85,19.86,19.85,19.85,500.0,9926.0
2024-01-09 13:54:00,19.86,19.86,19.85,19.86,5400.0,107224.0
2024-01-09 13:55:00,19.87,19.87,19.86,19.87,11700.0,232375.0
2024-01-09 13:56:00,19.87,19.87,19.86,19.86,900.0,17882.0
2024-01-09 13:57:00,19.87,19.87,19.86,19.86,1600.0,31781.0
2024-01-09 13:58:00,19.86,19.86,19.84,19.84,6100.0,121108.0
2024-01-09 13:59:00,19.85,19.85,19.84,19.85,1600.0,31748.0
2024-01-09 14:00:00,19.84,19.84,19.82,19.82,5500.0,109104.0
2024-01-09 14:01:00,19.82,19.84,19.82,19.84,2700.0,53549.0
2024-01-09 14:02:00,19.84,19.84,19.84,19.84,1300.0,25792.0
2024-01-09 14:03:00,19.84,19.84,19.84,19.84,4500.0,89302.0
2024-01-09 14:04:00,19.84,19.84,19.84,19.84,0.0,0.0
2024-01-09 14:05:00,19.84,19.84,19.82,19.82,7800.0,154672.0
2024-01-09 14:06:00,19.82,19.83,19.82,19.83,3000.0,59467.0
2024-01-09 14:07:00,19.84,19.84,19.83,19.83,400.0,7894.0
2024-01-09 14:08:00,19.84,19.85,19.84,19.85,2300.0,45649.0
2024-01-09 14:09:00,19.84,19.87,19.84,19.86,10400.0,206507.0
2024-01-09 14:10:00,19.87,19.9,19.86,19.89,29700.0,590457.0
2024-01-09 14:11:00,19.89,19.94,19.89,19.94,9800.0,195050.0
2024-01-09 14:12:00,19.94,19.95,19.92,19.92,4700.0,93685.0
2024-01-09 14:13:00,19.93,19.93,19.88,19.88,4300.0,85639.0
2024-01-09 14:14:00,19.88,19.9,19.88,19.9,3000.0,59678.0
2024-01-09 14:15:00,19.89,19.89,19.87,19.88,7700.0,153063.0
2024-01-09 14:16:00,19.88,19.9,19.88,19.9,2800.0,55696.0
2024-01-09 14:17:00,19.9,19.9,19.9,19.9,500.0,9951.0
2024-01-09 14:18:00,19.91,19.92,19.91,19.91,2600.0,51767.0
2024-01-09 14:19:00,19.91,19.93,19.91,19.92,4500.0,89644.0
2024-01-09 14:20:00,19.92,19.94,19.92,19.94,900.0,17944.0
2024-01-09 14:21:00,19.93,19.95,19.93,19.94,2200.0,43876.0
2024-01-09 14:22:00,19.94,19.95,19.94,19.95,2800.0,55840.0
2024-01-09 14:23:00,19.96,19.96,19.96,19.96,3400.0,67864.0
2024-01-09 14:24:00,19.96,19.97,19.96,19.97,2100.0,41922.0
2024-01-09 14:25:00,19.97,19.97,19.95,19.95,5100.0,101789.0
2024-01-09 14:26:00,19.95,19.95,19.93,19.93,3000.0,59840.0
2024-01-09 14:27:00,19.93,19.93,19.92,19.92,3400.0,67736.0
2024-01-09 14:28:00,19.92,19.92,19.92,19.92,2900.0,57768.0
2024-01-09 14:29:00,19.93,19.93,19.93,19.93,1300.0,25908.0
2024-01-09 14:30:00,19.93,19.94,19.93,19.94,2000.0,39869.0
2024-01-09 14:31:00,19.94,19.95,19.93,19.95,2200.0,43871.0
2024-01-09 14:32:00,19.94,19.94,19.94,19.94,3000.0,59820.0
2024-01-09 14:33:00,19.95,19.95,19.95,19.95,2600.0,51870.0
2024-01-09 14:34:00,19.95,19.97,19.95,19.97,18300.0,365184.0
2024-01-09 14:35:00,19.97,19.98,19.97,19.98,1300.0,25966.0
2024-01-09 14:36:00,19.97,19.97,19.95,19.96,3900.0,77871.0
2024-01-09 14:37:00,19.95,19.95,19.95,19.95,1800.0,35910.0
2024-01-09 14:38:00,19.96,19.96,19.94,19.94,10100.0,201465.0
2024-01-09 14:39:00,19.94,19.95,19.94,19.94,6600.0,131605.0
2024-01-09 14:40:00,19.94,19.96,19.94,19.96,8700.0,173553.0
2024-01-09 14:41:00,19.95,19.95,19.93,19.94,7800.0,155568.0
2024-01-09 14:42:00,19.93,19.93,19.93,19.93,2500.0,49826.0
2024-01-09 14:43:00,19.93,19.94,19.93,19.93,2300.0,45840.0
2024-01-09 14:44:00,19.93,19.94,19.91,19.94,14000.0,279065.0
2024-01-09 14:45:00,19.95,19.95,19.93,19.93,9100.0,181461.0
2024-01-09 14:46:00,19.93,19.93,19.91,19.93,4400.0,87684.0
2024-01-09 14:47:00,19.93,19.95,19.93,19.95,9700.0,193472.0
2024-01-09 14:48:00,19.95,19.96,19.95,19.95,5500.0,109762.0
2024-01-09 14:49:00,19.95,19.95,19.94,19.95,9200.0,183533.0
2024-01-09 14:50:00,19.94,19.94,19.93,19.93,11600.0,231270.0
2024-01-09 14:51:00,19.92,19.93,19.91,19.93,11600.0,231068.0
2024-01-09 14:52:00,19.92,19.93,19.91,19.92,24100.0,480068.0
2024-01-09 14:53:00,19.92,19.92,19.9,19.92,25900.0,515715.0
2024-01-09 14:54:00,19.92,19.94,19.92,19.93,12200.0,243146.0
2024-01-09 14:55:00,19.94,19.94,19.93,19.93,12700.0,253219.0
2024-01-09 14:56:00,19.93,19.94,19.91,19.93,10100.0,201211.0
2024-01-09 14:57:00,19.93,19.94,19.92,19.92,6300.0,125555.0
2024-01-09 14:58:00,19.92,19.92,19.92,19.92,0.0,0.0
2024-01-09 14:59:00,19.92,19.92,19.92,19.92,0.0,0.0
2024-01-09 15:00:00,19.91,19.91,19.91,19.91,34500.0,686895.0
2024-01-10 09:31:00,19.85,19.93,19.78,19.83,47600.0,943246.0
2024-01-10 09:32:00,19.86,19.89,19.83,19.83,14300.0,283917.0
2024-01-10 09:33:00,19.8,19.81,19.79,19.79,20700.0,409982.0
2024-01-10 09:34:00,19.79,19.79,19.74,19.75,9600.0,189842.0
2024-01-10 09:35:00,19.74,19.79,19.74,19.75,6800.0,134309.0
2024-01-10 09:36:00,19.74,19.74,19.71,19.72,20700.0,408261.0
2024-01-10 09:37:00,19.71,19.75,19.71,19.74,24400.0,481087.0
2024-01-10 09:38:00,19.73,19.75,19.73,19.73,5500.0,108559.0
2024-01-10 09:39:00,19.73,19.79,19.72,19.78,41700.0,824376.0
2024-01-10 09:40:00,19.75,19.8,19.75,19.78,9100.0,179896.0
2024-01-10 09:41:00,19.78,19.86,19.78,19.85,13000.0,257760.0
2024-01-10 09:42:00,19.87,19.87,19.8,19.85,52100.0,1032467.0
2024-01-10 09:43:00,19.88,19.88,19.85,19.88,19600.0,389224.0
2024-01-10 09:44:00,19.87,19.87,19.81,19.81,11100.0,220207.0
2024-01-10 09:45:00,19.8,19.82,19.78,19.81,20100.0,398023.0
2024-01-10 09:46:00,19.84,19.85,19.82,19.84,7900.0,156616.0
2024-01-10 09:47:00,19.84,19.89,19.84,19.89,4700.0,93279.0
2024-01-10 09:48:00,19.89,19.93,19.89,19.93,17600.0,350348.0
2024-01-10 09:49:00,19.95,19.98,19.93,19.97,38200.0,762681.0
2024-01-10 09:50:00,19.99,20.04,19.96,20.04,44100.0,881440.0
2024-01-10 09:51:00,20.04,20.05,20.02,20.02,30900.0,619077.0
2024-01-10 09:52:00,20.04,20.04,19.99,19.99,11800.0,236192.0
2024-01-10 09:53:00,19.99,20.05,19.99,20.05,25600.0,512361.0
2024-01-10 09:54:00,20.05,20.08,20.04,20.07,72300.0,1450602.0
2024-01-10 09:55:00,20.07,20.08,20.05,20.05,56200.0,1127710.0
2024-01-10 09:56:00,20.05,20.18,20.05,20.13,85900.0,1727177.0
2024-01-10 09:57:00,20.15,20.23,20.13,20.23,64800.0,1307968.0
2024-01-10 09:58:00,20.23,20.28,20.22,20.27,71500.0,1447388.0
2024-01-10 09:59:00,20.24,20.27,20.24,20.24,47800.0,968169.0
2024-01-10 10:00:00,20.25,20.27,20.23,20.23,39700.0,803966.0
2024-01-10 10:01:00,20.22,20.23,20.2,20.23,22000.0,444884.0
2024-01-10 10:02:00,20.23,20.27,20.23,20.26,54600.0,1105831.0
2024-01-10 10:03:00,20.28,20.35,20.28,20.3,127200.0,2582572.0
2024-01-10 10:04:00,20.3,20.3,20.24,20.25,21000.0,425960.0
2024-01-10 10:05:00,20.26,20.26,20.21,20.21,18400.0,372258.0
2024-01-10 10:06:00,20.2,20.22,20.19,20.2,8600.0,173728.0
2024-01-10 10:07:00,20.2,20.25,20.19,20.25,21100.0,426407.0
2024-01-10 10:08:00,20.25,20.26,20.25,20.25,3900.0,78998.0
2024-01-10 10:09:00,20.23,20.23,20.2,20.2,17300.0,349993.0
2024-01-10 10:10:00,20.19,20.2,20.17,20.2,17000.0,343130.0
2024-01-10 10:11:00,20.21,20.21,20.19,20.19,7100.0,143430.0
2024-01-10 10:12:00,20.19,20.19,20.16,20.17,10000.0,201665.0
2024-01-10 10:13:00,20.17,20.18,20.16,20.18,6100.0,123032.0
2024-01-10 10:14:00,20.17,20.19,20.17,20.17,7100.0,143272.0
2024-01-10 10:15:00,20.19,20.21,20.17,20.21,11700.0,236343.0
2024-01-10 10:16:00,20.2,20.25,20.2,20.25,26300.0,531910.0
2024-01-10 10:17:00,20.25,20.3,20.25,20.3,18400.0,373358.0
2024-01-10 10:18:00,20.3,20.32,20.29,20.31,10500.0,213267.0
2024-01-10 10:19:00,20.31,20.34,20.31,20.33,36700.0,745994.0
2024-01-10 10:20:00,20.33,20.35,20.33,20.35,69600.0,1415260.0
2024-01-10 10:21:00,20.35,20.36,20.34,20.35,53500.0,1088753.0
2024-01-10 10:22:00,20.34,20.35,20.3,20.31,19200.0,390599.0
2024-01-10 10:23:00,20.31,20.36,20.31,20.36,49800.0,1012468.0
2024-01-10 10:24:00,20.36,20.37,20.34,20.34,32300.0,657356.0
2024-01-10 10:25:00,20.34,20.35,20.33,20.33,20700.0,420845.0
2024-01-10 10:26:00,20.34,20.34,20.32,20.32,10600.0,215476.0
2024-01-10 10:27:00,20.32,20.38,20.32,20.37,65700.0,1336921.0
2024-01-10 10:28:00,20.38,20.39,20.37,20.38,19700.0,401520.0
2024-01-10 10:29:00,20.38,20.38,20.37,20.37,15600.0,317864.0
2024-01-10 10:30:00,20.37,20.37,20.32,20.34,24900.0,506704.0
2024-01-10 10:31:00,20.34,20.36,20.32,20.32,6400.0,130232.0
2024-01-10 10:32:00,20.34,20.35,20.32,20.32,5200.0,105712.0
2024-01-10 10:33:00,20.33,20.34,20.32,20.34,2300.0,46755.0
2024-01-10 10:34:00,20.33,20.35,20.33,20.35,5400.0,109843.0
2024-01-10 10:35:00,20.35,20.35,20.35,20.35,3000.0,61039.0
2024-01-10 10:36:00,20.35,20.35,20.33,20.34,7600.0,154577.0
2024-01-10 10:37:00,20.33,20.35,20.33,20.34,5200.0,105761.0
2024-01-10 10:38:00,20.34,20.36,20.34,20.36,14000.0,284957.0
2024-01-10 10:39:00,20.37,20.39,20.36,20.39,20800.0,423777.0
2024-01-10 10:40:00,20.39,20.45,20.39,20.45,69300.0,1414243.0
2024-01-10 10:41:00,20.44,20.49,20.44,20.49,82400.0,1686351.0
2024-01-10 10:42:00,20.49,20.52,20.47,20.48,79000.0,1618881.0
2024-01-10 10:43:00,20.47,20.47,20.45,20.45,10700.0,218995.0
2024-01-10 10:44:00,20.46,20.5,20.44,20.5,18300.0,374597.0
2024-01-10 10:45:00,20.5,20.5,20.49,20.49,41200.0,844522.0
2024-01-10 10:46:00,20.5,20.52,20.49,20.52,21000.0,430576.0
2024-01-10 10:47:00,20.52,20.58,20.52,20.57,39300.0,807443.0
2024-01-10 10:48:00,20.57,20.58,20.55,20.55,32600.0,670480.0
2024-01-10 10:49:00,20.55,20.55,20.47,20.5,26900.0,551991.0
2024-01-10 10:50:00,20.5,20.51,20.46,20.51,72800.0,1492468.0
2024-01-10 10:51:00,20.48,20.49,20.45,20.45,14300.0,292839.0
2024-01-10 10:52:00,20.45,20.45,20.42,20.42,10000.0,204294.0
2024-01-10 10:53:00,20.41,20.42,20.39,20.4,9100.0,185681.0
2024-01-10 10:54:00,20.39,20.39,20.37,20.37,9400.0,191590.0
2024-01-10 10:55:00,20.38,20.38,20.36,20.36,20100.0,409380.0
2024-01-10 10:56:00,20.36,20.41,20.36,20.41,31100.0,633796.0
2024-01-10 10:57:00,20.42,20.45,20.41,20.44,50300.0,1028212.0
2024-01-10 10:58:00,20.45,20.45,20.44,20.44,8600.0,175860.0
2024-01-10 10:59:00,20.44,20.44,20.42,20.43,6000.0,122567.0
2024-01-10 11:00:00,20.44,20.44,20.42,20.43,3800.0,77646.0
2024-01-10 11:01:00,20.43,20.43,20.41,20.41,14400.0,294040.0
2024-01-10 11:02:00,20.41,20.41,20.4,20.41,16100.0,328579.0
2024-01-10 11:03:00,20.42,20.43,20.4,20.43,17500.0,357288.0
2024-01-10 11:04:00,20.43,20.43,20.41,20.41,4800.0,98028.0
2024-01-10 11:05:00,20.41,20.42,20.41,20.41,1700.0,34698.0
2024-01-10 11:06:00,20.41,20.41,20.4,20.4,3200.0,65312.0
2024-01-10 11:07:00,20.4,20.4,20.39,20.39,2400.0,48957.0
2024-01-10 11:08:00,20.39,20.42,20.39,20.42,9900.0,201955.0
2024-01-10 11:09:00,20.41,20.42,20.41,20.42,4900.0,100036.0
2024-01-10 11:10:00,20.42,20.44,20.42,20.43,9500.0,194132.0
2024-01-10 11:11:00,20.42,20.43,20.42,20.42,4700.0,95975.0
2024-01-10 11:12:00,20.42,20.42,20.4,20.4,4300.0,87769.0
2024-01-10 11:13:00,20.39,20.39,20.38,20.39,6000.0,122313.0
2024-01-10 11:14:00,20.38,20.39,20.38,20.38,3500.0,71331.0
2024-01-10 11:15:00,20.38,20.39,20.37,20.37,4500.0,91729.0
2024-01-10 11:16:00,20.37,20.39,20.37,20.38,10900.0,222061.0
2024-01-10 11:17:00,20.38,20.39,20.38,20.39,2700.0,55051.0
2024-01-10 11:18:00,20.38,20.38,20.37,20.37,1300.0,26487.0
2024-01-10 11:19:00,20.37,20.38,20.37,20.38,2600.0,52978.0
2024-01-10 11:20:00,20.38,20.38,20.37,20.38,3600.0,73367.0
2024-01-10 11:21:00,20.37,20.38,20.37,20.37,6900.0,140559.0
2024-01-10 11:22:00,20.38,20.39,20.37,20.39,11500.0,234375.0
2024-01-10 11:23:00,20.39,20.39,20.37,20.37,3400.0,69294.0
2024-01-10 11:24:00,20.37,20.37,20.34,20.34,8500.0,173031.0
2024-01-10 11:25:00,20.34,20.36,20.34,20.34,3400.0,69160.0
2024-01-10 11:26:00,20.34,20.36,20.34,20.36,800.0,16280.0
2024-01-10 11:27:00,20.35,20.35,20.33,20.35,4300.0,87464.0
2024-01-10 11:28:00,20.35,20.35,20.34,20.34,4600.0,93572.0
2024-01-10 11:29:00,20.35,20.35,20.34,20.34,3300.0,67133.0
2024-01-10 11:30:00,20.34,20.35,20.33,20.33,11000.0,223832.0
2024-01-10 13:01:00,20.33,20.34,20.33,20.34,24300.0,493953.0
2024-01-10 13:02:00,20.34,20.35,20.34,20.34,11600.0,236038.0
2024-01-10 13:03:00,20.33,20.33,20.31,20.31,7500.0,152412.0
2024-01-10 13:04:00,20.31,20.31,20.3,20.3,4300.0,87303.0
2024-01-10 13:05:00,20.3,20.34,20.3,20.34,4000.0,81271.0
2024-01-10 13:06:00,20.34,20.36,20.33,20.36,5500.0,111916.0
2024-01-10 13:07:00,20.31,20.33,20.31,20.33,5100.0,103713.0
2024-01-10 13:08:00,20.34,20.36,20.33,20.33,1500.0,30512.0
2024-01-10 13:09:00,20.33,20.33,20.32,20.32,21700.0,440477.0
2024-01-10 13:10:00,20.32,20.32,20.32,20.32,300.0,6096.0
2024-01-10 13:11:00,20.32,20.32,20.31,20.31,6200.0,125970.0
2024-01-10 13:12:00,20.32,20.33,20.31,20.33,5900.0,119885.0
2024-01-10 13:13:00,20.33,20.33,20.31,20.33,3300.0,67069.0
2024-01-10 13:14:00,20.33,20.33,20.3,20.3,5200.0,105585.0
2024-01-10 13:15:00,20.31,20.31,20.29,20.29,6100.0,123795.0
2024-01-10 13:16:00,20.3,20.31,20.29,20.31,11400.0,231460.0
2024-01-10 13:17:00,20.32,20.32,20.32,20.32,1600.0,32512.0
2024-01-10 13:18:00,20.31,20.31,20.3,20.31,6400.0,129934.0
2024-01-10 13:19:00,20.3,20.32,20.3,20.32,1200.0,24364.0
2024-01-10 13:20:00,20.32,20.32,20.3,20.32,1100.0,22342.0
2024-01-10 13:21:00,20.3,20.32,20.3,20.3,3600.0,73090.0
2024-01-10 13:22:00,20.3,20.32,20.3,20.3,3100.0,62937.0
2024-01-10 13:23:00,20.3,20.31,20.29,20.31,7400.0,150180.0
2024-01-10 13:24:00,20.3,20.3,20.3,20.3,300.0,6090.0
2024-01-10 13:25:00,20.3,20.3,20.29,20.29,7400.0,150216.0
2024-01-10 13:26:00,20.28,20.28,20.28,20.28,2000.0,40560.0
2024-01-10 13:27:00,20.28,20.29,20.28,20.28,3300.0,66925.0
2024-01-10 13:28:00,20.28,20.29,20.28,20.29,3100.0,62874.0
2024-01-10 13:29:00,20.29,20.3,20.28,20.3,6600.0,133880.0
2024-01-10 13:30:00,20.3,20.3,20.28,20.28,11600.0,235311.0
2024-01-10 13:31:00,20.29,20.3,20.29,20.3,600.0,12175.0
2024-01-10 13:32:00,20.29,20.3,20.28,20.29,1600.0,32465.0
2024-01-10 13:33:00,20.3,20.3,20.29,20.29,2100.0,42613.0
2024-01-10 13:34:00,20.28,20.28,20.26,20.26,12400.0,251302.0
2024-01-10 13:35:00,20.26,20.26,20.25,20.25,2800.0,56722.0
2024-01-10 13:36:00,20.25,20.26,20.24,20.25,15700.0,317951.0
2024-01-10 13:37:00,20.27,20.27,20.27,20.27,1400.0,28378.0
2024-01-10 13:38:00,20.28,20.29,20.28,20.28,1500.0,30428.0
2024-01-10 13:39:00,20.28,20.28,20.27,20.27,5500.0,111525.0
2024-01-10 13:40:00,20.27,20.27,20.26,20.26,4600.0,93227.0
2024-01-10 13:41:00,20.25,20.28,20.25,20.28,8100.0,164216.0
2024-01-10 13:42:00,20.29,20.29,20.28,20.28,3100.0,62874.0
2024-01-10 13:43:00,20.28,20.29,20.28,20.29,1100.0,22318.0
2024-01-10 13:44:00,20.29,20.3,20.28,20.28,5300.0,107518.0
2024-01-10 13:45:00,20.29,20.29,20.29,20.29,2600.0,52754.0
2024-01-10 13:46:00,20.3,20.3,20.3,20.3,1500.0,30450.0
2024-01-10 13:47:00,20.3,20.31,20.3,20.31,4600.0,93383.0
2024-01-10 13:48:00,20.33,20.35,20.33,20.34,10000.0,203242.0
2024-01-10 13:49:00,20.34,20.35,20.34,20.35,7600.0,154602.0
2024-01-10 13:50:00,20.34,20.35,20.34,20.35,15200.0,309210.0
2024-01-10 13:51:00,20.35,20.35,20.35,20.35,0.0,0.0
2024-01-10 13:52:00,20.34,20.34,20.33,20.33,15100.0,307065.0
2024-01-10 13:53:00,20.33,20.33,20.31,20.31,700.0,14219.0
2024-01-10 13:54:00,20.32,20.32,20.31,20.32,2800.0,56874.0
2024-01-10 13:55:00,20.31,20.33,20.31,20.33,14400.0,292545.0
2024-01-10 13:56:00,20.33,20.34,20.33,20.33,6300.0,128091.0
2024-01-10 13:57:00,20.35,20.39,20.35,20.39,20300.0,413356.0
2024-01-10 13:58:00,20.37,20.38,20.37,20.37,6500.0,132437.0
2024-01-10 13:59:00,20.38,20.39,20.38,20.39,4300.0,87662.0
2024-01-10 14:00:00,20.4,20.42,20.4,20.42,14500.0,295947.0
2024-01-10 14:01:00,20.42,20.42,20.4,20.41,1700.0,34703.0
2024-01-10 14:02:00,20.42,20.42,20.4,20.4,7000.0,142887.0
2024-01-10 14:03:00,20.4,20.41,20.36,20.36,17300.0,352817.0
2024-01-10 14:04:00,20.36,20.37,20.36,20.37,2400.0,48882.0
2024-01-10 14:05:00,20.37,20.38,20.37,20.37,4400.0,89638.0
2024-01-10 14:06:00,20.37,20.37,20.35,20.36,13800.0,280946.0
2024-01-10 14:07:00,20.35,20.36,20.35,20.35,10700.0,217729.0
2024-01-10 14:08:00,20.35,20.36,20.35,20.36,9400.0,191343.0
2024-01-10 14:09:00,20.37,20.37,20.37,20.37,9100.0,185335.0
2024-01-10 14:10:00,20.37,20.39,20.37,20.39,18800.0,383146.0
2024-01-10 14:11:00,20.39,20.4,20.38,20.4,30600.0,623899.0
2024-01-10 14:12:00,20.41,20.41,20.4,20.4,9300.0,189748.0
2024-01-10 14:13:00,20.4,20.41,20.4,20.4,11000.0,224425.0
2024-01-10 14:14:00,20.4,20.4,20.39,20.39,13900.0,283503.0
2024-01-10 14:15:00,20.39,20.4,20.39,20.39,900.0,18352.0
2024-01-10 14:16:00,20.39,20.39,20.38,20.39,4900.0,99908.0
2024-01-10 14:17:00,20.38,20.4,20.38,20.39,15800.0,322223.0
2024-01-10 14:18:00,20.39,20.4,20.39,20.39,700.0,14278.0
2024-01-10 14:19:00,20.39,20.42,20.39,20.42,23100.0,471328.0
2024-01-10 14:20:00,20.4,20.4,20.39,20.39,3200.0,65289.0
2024-01-10 14:21:00,20.39,20.39,20.38,20.38,4100.0,83580.0
2024-01-10 14:22:00,20.38,20.38,20.37,20.37,7700.0,156883.0
2024-01-10 14:23:00,20.36,20.37,20.36,20.37,1500.0,30554.0
2024-01-10 14:24:00,20.37,20.37,20.36,20.36,2600.0,52958.0
2024-01-10 14:25:00,20.36,20.37,20.36,20.36,8300.0,168998.0
2024-01-10 14:26:00,20.36,20.36,20.36,20.36,3200.0,65152.0
2024-01-10 14:27:00,20.35,20.35,20.34,20.34,4500.0,91574.0
2024-01-10 14:28:00,20.34,20.35,20.34,20.34,1100.0,22377.0
2024-01-10 14:29:00,20.34,20.34,20.32,20.32,4500.0,91496.0
2024-01-10 14:30:00,20.32,20.33,20.32,20.33,6200.0,126002.0
2024-01-10 14:31:00,20.33,20.36,20.33,20.34,14200.0,288829.0
2024-01-10 14:32:00,20.34,20.35,20.34,20.35,10800.0,219745.0
2024-01-10 14:33:00,20.35,20.35,20.33,20.33,20400.0,414965.0
2024-01-10 14:34:00,20.33,20.33,20.32,20.33,5500.0,111813.0
2024-01-10 14:35:00,20.33,20.33,20.31,20.31,5000.0,101630.0
2024-01-10 14:36:00,20.32,20.32,20.3,20.3,15300.0,310688.0
2024-01-10 14:37:00,20.3,20.33,20.29,20.32,35700.0,725093.0
2024-01-10 14:38:00,20.33,20.33,20.31,20.31,22400.0,455170.0
2024-01-10 14:39:00,20.31,20.31,20.31,20.31,3500.0,71085.0
2024-01-10 14:40:00,20.32,20.32,20.29,20.3,3200.0,64979.0
2024-01-10 14:41:00,20.31,20.33,20.3,20.33,16800.0,341243.0
2024-01-10 14:42:00,20.3,20.35,20.3,20.35,20300.0,412419.0
2024-01-10 14:43:00,20.35,20.35,20.34,20.35,5900.0,120060.0
2024-01-10 14:44:00,20.34,20.38,20.34,20.38,15100.0,307445.0
2024-01-10 14:45:00,20.37,20.38,20.37,20.38,5500.0,112048.0
2024-01-10 14:46:00,20.37,20.38,20.36,20.36,21200.0,431834.0
2024-01-10 14:47:00,20.36,20.36,20.34,20.35,7700.0,156718.0
2024-01-10 14:48:00,20.34,20.35,20.34,20.35,5300.0,107814.0
2024-01-10 14:49:00,20.34,20.34,20.31,20.32,12800.0,260279.0
2024-01-10 14:50:00,20.31,20.35,20.31,20.33,40900.0,831607.0
2024-01-10 14:51:00,20.33,20.34,20.33,20.33,4000.0,81326.0
2024-01-10 14:52:00,20.33,20.34,20.32,20.34,18800.0,382113.0
2024-01-10 14:53:00,20.31,20.35,20.31,20.33,24600.0,500252.0
2024-01-10 14:54:00,20.33,20.33,20.31,20.31,1900.0,38613.0
2024-01-10 14:55:00,20.33,20.33,20.31,20.33,32300.0,656187.0
2024-01-10 14:56:00,20.33,20.33,20.31,20.33,20700.0,420557.0
2024-01-10 14:57:00,20.32,20.34,20.32,20.33,18200.0,369364.0
2024-01-10 14:58:00,20.33,20.33,20.33,20.33,0.0,0.0
2024-01-10 14:59:00,20.33,20.33,20.33,20.33,0.0,0.0
2024-01-10 15:00:00,20.3,20.3,20.3,20.3,73200.0,1486528.0
2024-01-11 09:31:00,20.13,20.3,20.11,20.2,100000.0,2014687.0
2024-01-11 09:32:00,20.22,20.28,20.21,20.27,25400.0,514102.0
2024-01-11 09:33:00,20.27,20.27,20.22,20.24,22500.0,455412.0
2024-01-11 09:34:00,20.24,20.28,20.24,20.28,21600.0,437733.0
2024-01-11 09:35:00,20.28,20.29,20.26,20.28,15600.0,316364.0
2024-01-11 09:36:00,20.28,20.36,20.25,20.3,76600.0,1554213.0
2024-01-11 09:37:00,20.3,20.3,20.26,20.26,50300.0,1019406.0
2024-01-11 09:38:00,20.25,20.25,20.2,20.2,21400.0,432784.0
2024-01-11 09:39:00,20.2,20.23,20.18,20.2,14800.0,299112.0
2024-01-11 09:40:00,20.2,20.21,20.18,20.18,11100.0,224096.0
2024-01-11 09:41:00,20.19,20.22,20.18,20.22,42500.0,858004.0
2024-01-11 09:42:00,20.2,20.25,20.2,20.21,16000.0,323363.0
2024-01-11 09:43:00,20.2,20.25,20.19,20.21,22100.0,446441.0
2024-01-11 09:44:00,20.21,20.23,20.19,20.19,5700.0,115155.0
2024-01-11 09:45:00,20.18,20.19,20.16,20.18,12100.0,244128.0
2024-01-11 09:46:00,20.18,20.18,20.16,20.17,10000.0,201669.0
2024-01-11 09:47:00,20.17,20.2,20.17,20.19,9200.0,185659.0
2024-01-11 09:48:00,20.2,20.22,20.19,20.19,8200.0,165697.0
2024-01-11 09:49:00,20.2,20.22,20.19,20.22,36200.0,731193.0
2024-01-11 09:50:00,20.22,20.25,20.22,20.22,10100.0,204364.0
2024-01-11 09:51:00,20.23,20.23,20.21,20.22,9700.0,196119.0
2024-01-11 09:52:00,20.25,20.28,20.22,20.26,7200.0,145881.0
2024-01-11 09:53:00,20.25,20.26,20.24,20.24,6500.0,131659.0
2024-01-11 09:54:00,20.24,20.26,20.23,20.25,5900.0,119455.0
2024-01-11 09:55:00,20.24,20.25,20.22,20.25,10100.0,204302.0
2024-01-11 09:56:00,20.25,20.25,20.22,20.22,6700.0,135545.0
2024-01-11 09:57:00,20.22,20.22,20.21,20.21,7300.0,147577.0
2024-01-11 09:58:00,20.2,20.21,20.19,20.2,4400.0,88868.0
2024-01-11 09:59:00,20.19,20.19,20.18,20.18,7900.0,159483.0
2024-01-11 10:00:00,20.18,20.18,20.16,20.16,18100.0,365060.0
2024-01-11 10:01:00,20.16,20.16,20.14,20.14,37500.0,755526.0
2024-01-11 10:02:00,20.14,20.14,20.12,20.14,11800.0,237547.0
2024-01-11 10:03:00,20.14,20.15,20.11,20.11,49000.0,986783.0
2024-01-11 10:04:00,20.11,20.12,20.1,20.11,18900.0,380073.0
2024-01-11 10:05:00,20.11,20.12,20.08,20.09,27000.0,542674.0
2024-01-11 10:06:00,20.08,20.08,20.06,20.06,29400.0,590092.0
2024-01-11 10:07:00,20.06,20.07,20.05,20.07,11900.0,238791.0
2024-01-11 10:08:00,20.07,20.12,20.07,20.1,6700.0,134622.0
2024-01-11 10:09:00,20.1,20.12,20.1,20.12,4100.0,82433.0
2024-01-11 10:10:00,20.11,20.14,20.1,20.1,11100.0,223333.0
2024-01-11 10:11:00,20.14,20.14,20.11,20.13,5200.0,104638.0
2024-01-11 10:12:00,20.14,20.15,20.13,20.14,8200.0,165164.0
2024-01-11 10:13:00,20.14,20.16,20.12,20.16,7600.0,153074.0
2024-01-11 10:14:00,20.17,20.18,20.16,20.18,7000.0,141172.0
2024-01-11 10:15:00,20.19,20.19,20.16,20.16,9900.0,199676.0
2024-01-11 10:16:00,20.17,20.21,20.17,20.21,7100.0,143354.0
2024-01-11 10:17:00,20.2,20.21,20.18,20.18,5800.0,117137.0
2024-01-11 10:18:00,20.18,20.21,20.18,20.2,6100.0,123235.0
2024-01-11 10:19:00,20.21,20.22,20.19,20.2,8500.0,171793.0
2024-01-11 10:20:00,20.2,20.2,20.15,20.15,8600.0,173547.0
2024-01-11 10:21:00,20.17,20.18,20.16,20.17,4000.0,80669.0
2024-01-11 10:22:00,20.18,20.18,20.17,20.17,14600.0,294613.0
2024-01-11 10:23:00,20.17,20.17,20.15,20.17,13600.0,274260.0
2024-01-11 10:24:00,20.18,20.19,20.17,20.19,4500.0,90829.0
2024-01-11 10:25:00,20.2,20.2,20.15,20.16,14000.0,282539.0
2024-01-11 10:26:00,20.15,20.15,20.14,20.14,7600.0,153126.0
2024-01-11 10:27:00,20.15,20.15,20.13,20.13,2100.0,42279.0
2024-01-11 10:28:00,20.13,20.13,20.11,20.13,6300.0,126768.0
2024-01-11 10:29:00,20.12,20.12,20.11,20.11,5000.0,100588.0
2024-01-11 10:30:00,20.12,20.12,20.1,20.11,14500.0,291677.0
2024-01-11 10:31:00,20.12,20.14,20.11,20.13,5700.0,114697.0
2024-01-11 10:32:00,20.15,20.15,20.14,20.14,200.0,4029.0
2024-01-11 10:33:00,20.14,20.14,20.13,20.14,4200.0,84582.0
2024-01-11 10:34:00,20.14,20.14,20.11,20.11,16800.0,338257.0
2024-01-11 10:35:00,20.13,20.13,20.11,20.13,10400.0,209216.0
2024-01-11 10:36:00,20.12,20.13,20.11,20.12,12300.0,247698.0
2024-01-11 10:37:00,20.11,20.12,20.1,20.12,7200.0,144810.0
2024-01-11 10:38:00,20.12,20.13,20.1,20.1,19600.0,394184.0
2024-01-11 10:39:00,20.13,20.13,20.13,20.13,800.0,16105.0
2024-01-11 10:40:00,20.14,20.15,20.14,20.14,1400.0,28198.0
2024-01-11 10:41:00,20.15,20.16,20.15,20.15,3200.0,64496.0
2024-01-11 10:42:00,20.15,20.15,20.11,20.11,10600.0,213473.0
2024-01-11 10:43:00,20.11,20.12,20.11,20.11,1800.0,36209.0
2024-01-11 10:44:00,20.11,20.12,20.11,20.12,1400.0,28166.0
2024-01-11 10:45:00,20.09,20.12,20.09,20.11,145600.0,2926624.0
2024-01-11 10:46:00,20.11,20.11,20.08,20.11,54000.0,1085343.0
2024-01-11 10:47:00,20.14,20.14,20.13,20.13,800.0,16107.0
2024-01-11 10:48:00,20.12,20.12,20.1,20.1,18900.0,380209.0
2024-01-11 10:49:00,20.1,20.1,20.05,20.05,66300.0,1329927.0
2024-01-11 10:50:00,20.08,20.08,20.06,20.06,300.0,6020.0
2024-01-11 10:51:00,20.09,20.13,20.09,20.13,20200.0,405925.0
2024-01-11 10:52:00,20.13,20.13,20.11,20.11,1400.0,28170.0
2024-01-11 10:53:00,20.13,20.13,20.11,20.13,5400.0,108660.0
2024-01-11 10:54:00,20.11,20.12,20.11,20.11,17400.0,349928.0
2024-01-11 10:55:00,20.12,20.12,20.0,20.04,90800.0,1819412.0
2024-01-11 10:56:00,20.05,20.08,20.05,20.05,9600.0,192513.0
2024-01-11 10:57:00,20.06,20.06,20.06,20.06,1600.0,32096.0
2024-01-11 10:58:00,20.05,20.07,20.05,20.05,5000.0,100296.0
2024-01-11 10:59:00,20.06,20.06,20.05,20.06,1700.0,34097.0
2024-01-11 11:00:00,20.06,20.06,20.05,20.05,200.0,4011.0
2024-01-11 11:01:00,20.07,20.07,20.06,20.07,1700.0,34114.0
2024-01-11 11:02:00,20.07,20.07,20.06,20.06,7200.0,144471.0
2024-01-11 11:03:00,20.05,20.06,20.05,20.05,3200.0,64186.0
2024-01-11 11:04:00,20.06,20.08,20.06,20.08,3400.0,68238.0
2024-01-11 11:05:00,20.08,20.08,20.07,20.08,2200.0,44171.0
2024-01-11 11:06:00,20.08,20.08,20.07,20.08,1200.0,24095.0
2024-01-11 11:07:00,20.08,20.08,20.07,20.07,4400.0,88317.0
2024-01-11 11:08:00,20.07,20.07,20.06,20.07,3500.0,70235.0
2024-01-11 11:09:00,20.07,20.07,20.06,20.07,2600.0,52179.0
2024-01-11 11:10:00,20.08,20.08,20.08,20.08,500.0,10040.0
2024-01-11 11:11:00,20.08,20.11,20.08,20.11,8600.0,172828.0
2024-01-11 11:12:00,20.11,20.11,20.1,20.1,6000.0,120619.0
2024-01-11 11:13:00,20.11,20.11,20.1,20.11,17000.0,341869.0
2024-01-11 11:14:00,20.11,20.11,20.08,20.09,14300.0,287359.0
2024-01-11 11:15:00,20.09,20.09,20.08,20.08,1400.0,28118.0
2024-01-11 11:16:00,20.08,20.11,20.08,20.1,6700.0,134608.0
2024-01-11 11:17:00,20.09,20.12,20.09,20.1,12000.0,241273.0
2024-01-11 11:18:00,20.1,20.13,20.1,20.1,1800.0,36185.0
2024-01-11 11:19:00,20.1,20.11,20.1,20.11,2200.0,44226.0
2024-01-11 11:20:00,20.12,20.13,20.11,20.11,3800.0,76435.0
2024-01-11 11:21:00,20.13,20.13,20.12,20.13,3100.0,62409.0
2024-01-11 11:22:00,20.12,20.12,20.11,20.11,5700.0,114677.0
2024-01-11 11:23:00,20.12,20.14,20.12,20.12,13300.0,267608.0
2024-01-11 11:24:00,20.12,20.13,20.12,20.13,1200.0,24145.0
2024-01-11 11:25:00,20.13,20.15,20.12,20.15,2000.0,40268.0
2024-01-11 11:26:00,20.13,20.13,20.11,20.13,2000.0,40247.0
2024-01-11 11:27:00,20.13,20.13,20.12,20.13,600.0,12077.0
2024-01-11 11:28:00,20.13,20.14,20.13,20.13,1400.0,28186.0
2024-01-11 11:29:00,20.12,20.15,20.12,20.13,5200.0,104712.0
2024-01-11 11:30:00,20.13,20.16,20.13,20.15,2200.0,44320.0
2024-01-11 13:01:00,20.14,20.17,20.14,20.15,22900.0,461458.0
2024-01-11 13:02:00,20.16,20.17,20.15,20.17,6200.0,124948.0
2024-01-11 13:03:00,20.16,20.2,20.15,20.2,12600.0,254132.0
2024-01-11 13:04:00,20.18,20.25,20.18,20.24,11300.0,228414.0
2024-01-11 13:05:00,20.23,20.25,20.22,20.24,7700.0,155790.0
2024-01-11 13:06:00,20.25,20.27,20.25,20.27,19700.0,399043.0
2024-01-11 13:07:00,20.27,20.3,20.26,20.3,17100.0,346827.0
2024-01-11 13:08:00,20.3,20.35,20.26,20.28,33800.0,686813.0
2024-01-11 13:09:00,20.28,20.32,20.28,20.31,14500.0,294406.0
2024-01-11 13:10:00,20.31,20.34,20.31,20.32,27000.0,549009.0
2024-01-11 13:11:00,20.32,20.34,20.3,20.33,14000.0,284565.0
2024-01-11 13:12:00,20.33,20.4,20.33,20.35,116500.0,2372134.0
2024-01-11 13:13:00,20.36,20.37,20.34,20.34,40600.0,826313.0
2024-01-11 13:14:00,20.34,20.35,20.32,20.33,47000.0,955288.0
2024-01-11 13:15:00,20.33,20.33,20.3,20.3,22000.0,446855.0
2024-01-11 13:16:00,20.31,20.37,20.31,20.36,13200.0,268679.0
2024-01-11 13:17:00,20.35,20.35,20.32,20.33,5900.0,119942.0
2024-01-11 13:18:00,20.3,20.33,20.3,20.33,4900.0,99540.0
2024-01-11 13:19:00,20.33,20.33,20.31,20.31,6100.0,123986.0
2024-01-11 13:20:00,20.31,20.36,20.31,20.36,14800.0,300936.0
2024-01-11 13:21:00,20.36,20.36,20.34,20.35,19300.0,392833.0
2024-01-11 13:22:00,20.35,20.35,20.3,20.3,13200.0,268533.0
2024-01-11 13:23:00,20.32,20.32,20.26,20.26,43100.0,873825.0
2024-01-11 13:24:00,20.3,20.3,20.3,20.3,4400.0,89320.0
2024-01-11 13:25:00,20.29,20.3,20.28,20.28,9500.0,192781.0
2024-01-11 13:26:00,20.28,20.29,20.28,20.28,5600.0,113579.0
2024-01-11 13:27:00,20.28,20.31,20.26,20.3,21100.0,427789.0
2024-01-11 13:28:00,20.3,20.3,20.25,20.25,5000.0,101375.0
2024-01-11 13:29:00,20.29,20.3,20.29,20.3,6400.0,129900.0
2024-01-11 13:30:00,20.32,20.35,20.32,20.35,52000.0,1058021.0
2024-01-11 13:31:00,20.34,20.35,20.33,20.34,21400.0,435352.0
2024-01-11 13:32:00,20.35,20.42,20.35,20.39,34800.0,709270.0
2024-01-11 13:33:00,20.38,20.38,20.36,20.36,30200.0,615221.0
2024-01-11 13:34:00,20.36,20.36,20.33,20.33,2600.0,52898.0
2024-01-11 13:35:00,20.34,20.34,20.33,20.33,3600.0,73219.0
2024-01-11 13:36:00,20.33,20.34,20.33,20.34,3300.0,67119.0
2024-01-11 13:37:00,20.33,20.37,20.33,20.37,20800.0,423323.0
2024-01-11 13:38:00,20.37,20.37,20.35,20.35,6700.0,136446.0
2024-01-11 13:39:00,20.35,20.35,20.33,20.33,7100.0,144373.0
2024-01-11 13:40:00,20.33,20.35,20.33,20.34,13100.0,266474.0
2024-01-11 13:41:00,20.36,20.37,20.36,20.37,8500.0,173090.0
2024-01-11 13:42:00,20.37,20.4,20.36,20.4,30200.0,615556.0
2024-01-11 13:43:00,20.4,20.41,20.38,20.38,26800.0,546585.0
2024-01-11 13:44:00,20.38,20.44,20.37,20.39,38300.0,781642.0
2024-01-11 13:45:00,20.37,20.38,20.37,20.38,4900.0,99860.0
2024-01-11 13:46:00,20.37,20.38,20.37,20.38,2600.0,52985.0
2024-01-11 13:47:00,20.38,20.38,20.38,20.38,4900.0,99839.0
2024-01-11 13:48:00,20.38,20.39,20.37,20.39,25600.0,521554.0
2024-01-11 13:49:00,20.39,20.4,20.38,20.4,7400.0,150901.0
2024-01-11 13:50:00,20.39,20.4,20.39,20.4,13900.0,283447.0
2024-01-11 13:51:00,20.39,20.4,20.38,20.39,12100.0,246727.0
2024-01-11 13:52:00,20.4,20.42,20.38,20.42,43600.0,889914.0
2024-01-11 13:53:00,20.38,20.4,20.38,20.38,2900.0,59130.0
2024-01-11 13:54:00,20.38,20.39,20.38,20.38,14400.0,293473.0
2024-01-11 13:55:00,20.39,20.39,20.38,20.39,3700.0,75442.0
2024-01-11 13:56:00,20.39,20.39,20.36,20.36,6000.0,122255.0
2024-01-11 13:57:00,20.37,20.38,20.36,20.36,3700.0,75359.0
2024-01-11 13:58:00,20.36,20.36,20.36,20.36,8400.0,171034.0
2024-01-11 13:59:00,20.36,20.38,20.35,20.38,8500.0,173164.0
2024-01-11 14:00:00,20.38,20.38,20.37,20.37,3000.0,61117.0
2024-01-11 14:01:00,20.38,20.38,20.36,20.36,4200.0,85562.0
2024-01-11 14:02:00,20.37,20.37,20.33,20.34,42600.0,867004.0
2024-01-11 14:03:00,20.34,20.34,20.32,20.33,5400.0,109801.0
2024-01-11 14:04:00,20.33,20.33,20.3,20.3,31800.0,645877.0
2024-01-11 14:05:00,20.32,20.32,20.29,20.3,5300.0,107596.0
2024-01-11 14:06:00,20.29,20.3,20.29,20.3,15100.0,306529.0
2024-01-11 14:07:00,20.3,20.3,20.3,20.3,3100.0,62930.0
2024-01-11 14:08:00,20.31,20.31,20.3,20.3,7400.0,150251.0
2024-01-11 14:09:00,20.29,20.3,20.29,20.29,4900.0,99431.0
2024-01-11 14:10:00,20.28,20.28,20.26,20.27,10500.0,212825.0
2024-01-11 14:11:00,20.29,20.29,20.28,20.29,3300.0,66956.0
2024-01-11 14:12:00,20.3,20.3,20.25,20.25,23200.0,470079.0
2024-01-11 14:13:00,20.25,20.26,20.25,20.26,6600.0,133685.0
2024-01-11 14:14:00,20.25,20.27,20.25,20.26,9100.0,184286.0
2024-01-11 14:15:00,20.27,20.27,20.27,20.27,1000.0,20270.0
2024-01-11 14:16:00,20.27,20.28,20.26,20.28,9200.0,186518.0
2024-01-11 14:17:00,20.28,20.29,20.28,20.29,3800.0,77076.0
2024-01-11 14:18:00,20.28,20.29,20.28,20.29,2900.0,58839.0
2024-01-11 14:19:00,20.28,20.28,20.25,20.25,17200.0,348638.0
2024-01-11 14:20:00,20.26,20.27,20.25,20.25,9500.0,192409.0
2024-01-11 14:21:00,20.25,20.3,20.25,20.29,6400.0,129703.0
2024-01-11 14:22:00,20.29,20.3,20.28,20.3,33300.0,675656.0
2024-01-11 14:23:00,20.29,20.29,20.28,20.28,6500.0,131883.0
2024-01-11 14:24:00,20.27,20.27,20.26,20.26,6400.0,129727.0
2024-01-11 14:25:00,20.27,20.27,20.26,20.26,3500.0,70938.0
2024-01-11 14:26:00,20.24,20.28,20.24,20.28,12700.0,257198.0
2024-01-11 14:27:00,20.29,20.31,20.29,20.29,5500.0,111625.0
2024-01-11 14:28:00,20.3,20.33,20.3,20.32,12900.0,262117.0
2024-01-11 14:29:00,20.3,20.32,20.3,20.31,4100.0,83276.0
2024-01-11 14:30:00,20.32,20.33,20.31,20.32,2800.0,56900.0
2024-01-11 14:31:00,20.31,20.31,20.3,20.31,6300.0,127909.0
2024-01-11 14:32:00,20.3,20.32,20.3,20.32,6900.0,140152.0
2024-01-11 14:33:00,20.32,20.32,20.3,20.3,3400.0,69073.0
2024-01-11 14:34:00,20.3,20.31,20.3,20.3,1400.0,28428.0
2024-01-11 14:35:00,20.3,20.31,20.3,20.3,4000.0,81213.0
2024-01-11 14:36:00,20.3,20.31,20.28,20.29,25000.0,507412.0
2024-01-11 14:37:00,20.28,20.3,20.28,20.29,3100.0,62903.0
2024-01-11 14:38:00,20.29,20.3,20.29,20.29,2000.0,40581.0
2024-01-11 14:39:00,20.3,20.3,20.3,20.3,3500.0,71049.0
2024-01-11 14:40:00,20.3,20.31,20.29,20.29,6300.0,127858.0
2024-01-11 14:41:00,20.29,20.3,20.29,20.3,6400.0,129866.0
2024-01-11 14:42:00,20.29,20.29,20.28,20.28,4400.0,89264.0
2024-01-11 14:43:00,20.3,20.3,20.29,20.29,8100.0,164387.0
2024-01-11 14:44:00,20.29,20.3,20.29,20.3,3500.0,71027.0
2024-01-11 14:45:00,20.3,20.31,20.29,20.3,26400.0,535942.0
2024-01-11 14:46:00,20.3,20.3,20.29,20.3,4900.0,99472.0
2024-01-11 14:47:00,20.29,20.3,20.29,20.3,3100.0,63452.0
2024-01-11 14:48:00,20.3,20.31,20.3,20.31,2800.0,56861.0
2024-01-11 14:49:00,20.3,20.3,20.29,20.29,5800.0,117715.0
2024-01-11 14:50:00,20.29,20.32,20.29,20.32,35000.0,710713.0
2024-01-11 14:51:00,20.3,20.32,20.3,20.32,13000.0,264113.0
2024-01-11 14:52:00,20.31,20.32,20.31,20.32,2600.0,52022.0
2024-01-11 14:53:00,20.31,20.32,20.31,20.32,7900.0,160507.0
2024-01-11 14:54:00,20.32,20.35,20.32,20.33,23500.0,477815.0
2024-01-11 14:55:00,20.33,20.33,20.32,20.32,7900.0,160588.0
2024-01-11 14:56:00,20.32,20.34,20.32,20.32,16400.0,333394.0
2024-01-11 14:57:00,20.32,20.34,20.32,20.32,12600.0,256134.0
2024-01-11 14:58:00,20.32,20.32,20.32,20.32,0.0,0.0
2024-01-11 14:59:00,20.32,20.32,20.32,20.32,0.0,0.0
2024-01-11 15:00:00,20.33,20.33,20.33,20.33,24100.0,489953.0
2024-01-12 09:31:00,20.29,20.35,20.27,20.35,66700.0,1353432.0
2024-01-12 09:32:00,20.35,20.35,20.3,20.3,19600.0,398090.0
2024-01-12 09:33:00,20.32,20.34,20.32,20.34,17700.0,359802.0
2024-01-12 09:34:00,20.32,20.34,20.31,20.34,16400.0,333192.0
2024-01-12 09:35:00,20.34,20.37,20.34,20.37,16600.0,337837.0
2024-01-12 09:36:00,20.37,20.37,20.35,20.35,12700.0,258600.0
2024-01-12 09:37:00,20.37,20.37,20.36,20.37,15200.0,309592.0
2024-01-12 09:38:00,20.38,20.45,20.38,20.42,32200.0,657119.0
2024-01-12 09:39:00,20.42,20.43,20.41,20.41,12000.0,245049.0
2024-01-12 09:40:00,20.4,20.42,20.38,20.41,15900.0,324312.0
2024-01-12 09:41:00,20.4,20.44,20.4,20.43,14200.0,289947.0
2024-01-12 09:42:00,20.45,20.47,20.44,20.44,37300.0,762964.0
2024-01-12 09:43:00,20.46,20.47,20.43,20.45,15800.0,323278.0
2024-01-12 09:44:00,20.46,20.46,20.43,20.43,10300.0,210625.0
2024-01-12 09:45:00,20.43,20.46,20.43,20.45,10700.0,218792.0
2024-01-12 09:46:00,20.44,20.45,20.4,20.4,32300.0,659696.0
2024-01-12 09:47:00,20.41,20.41,20.38,20.38,8900.0,181462.0
2024-01-12 09:48:00,20.38,20.45,20.38,20.44,19900.0,406106.0
2024-01-12 09:49:00,20.43,20.44,20.42,20.44,4400.0,89890.0
2024-01-12 09:50:00,20.43,20.43,20.41,20.41,5800.0,118475.0
2024-01-12 09:51:00,20.43,20.44,20.41,20.41,5000.0,102122.0
2024-01-12 09:52:00,20.41,20.44,20.41,20.44,17000.0,347172.0
2024-01-12 09:53:00,20.44,20.44,20.43,20.44,2800.0,57229.0
2024-01-12 09:54:00,20.44,20.44,20.43,20.43,7300.0,149164.0
2024-01-12 09:55:00,20.43,20.44,20.42,20.43,4400.0,89909.0
2024-01-12 09:56:00,20.44,20.45,20.43,20.45,15200.0,310740.0
2024-01-12 09:57:00,20.45,20.45,20.44,20.44,10300.0,210541.0
2024-01-12 09:58:00,20.44,20.44,20.44,20.44,5300.0,108339.0
2024-01-12 09:59:00,20.44,20.44,20.42,20.44,8200.0,167593.0
2024-01-12 10:00:00,20.44,20.44,20.43,20.44,6600.0,134903.0
2024-01-12 10:01:00,20.43,20.43,20.41,20.41,4500.0,91922.0
2024-01-12 10:02:00,20.41,20.44,20.41,20.44,16900.0,345040.0
2024-01-12 10:03:00,20.44,20.44,20.43,20.44,2400.0,49037.0
2024-01-12 10:04:00,20.43,20.44,20.43,20.43,2900.0,59253.0
2024-01-12 10:05:00,20.43,20.51,20.43,20.51,95600.0,1957492.0
2024-01-12 10:06:00,20.51,20.53,20.51,20.52,11100.0,227781.0
2024-01-12 10:07:00,20.5,20.5,20.48,20.48,26900.0,551228.0
2024-01-12 10:08:00,20.49,20.49,20.48,20.48,13300.0,272472.0
2024-01-12 10:09:00,20.48,20.51,20.48,20.51,20200.0,413874.0
2024-01-12 10:10:00,20.51,20.51,20.5,20.5,2100.0,43062.0
2024-01-12 10:11:00,20.51,20.51,20.5,20.51,12700.0,260443.0
2024-01-12 10:12:00,20.51,20.52,20.51,20.51,7900.0,162076.0
2024-01-12 10:13:00,20.51,20.52,20.51,20.52,5100.0,104635.0
2024-01-12 10:14:00,20.51,20.52,20.51,20.52,1300.0,26667.0
2024-01-12 10:15:00,20.52,20.53,20.52,20.52,11500.0,236020.0
2024-01-12 10:16:00,20.53,20.54,20.52,20.54,15900.0,326461.0
2024-01-12 10:17:00,20.53,20.54,20.53,20.54,10000.0,205359.0
2024-01-12 10:18:00,20.54,20.54,20.52,20.52,19800.0,406488.0
2024-01-12 10:19:00,20.52,20.53,20.52,20.53,2900.0,59528.0
2024-01-12 10:20:00,20.53,20.55,20.53,20.55,16300.0,334849.0
2024-01-12 10:21:00,20.53,20.54,20.52,20.52,19900.0,408550.0
2024-01-12 10:22:00,20.52,20.53,20.52,20.52,21700.0,445346.0
2024-01-12 10:23:00,20.52,20.52,20.51,20.51,16200.0,332347.0
2024-01-12 10:24:00,20.51,20.52,20.51,20.51,27300.0,559771.0
2024-01-12 10:25:00,20.51,20.52,20.51,20.52,6000.0,123084.0
2024-01-12 10:26:00,20.51,20.52,20.5,20.52,8200.0,168153.0
2024-01-12 10:27:00,20.51,20.52,20.51,20.51,3000.0,61555.0
2024-01-12 10:28:00,20.52,20.52,20.51,20.51,11900.0,244164.0
2024-01-12 10:29:00,20.5,20.52,20.5,20.51,4600.0,94347.0
2024-01-12 10:30:00,20.52,20.52,20.51,20.52,2000.0,41038.0
2024-01-12 10:31:00,20.52,20.53,20.52,20.53,9900.0,203170.0
2024-01-12 10:32:00,20.53,20.53,20.52,20.52,5100.0,104699.0
2024-01-12 10:33:00,20.53,20.54,20.53,20.54,14800.0,303904.0
2024-01-12 10:34:00,20.54,20.54,20.54,20.54,5200.0,106808.0
2024-01-12 10:35:00,20.54,20.54,20.52,20.52,31400.0,644627.0
2024-01-12 10:36:00,20.52,20.52,20.51,20.52,3600.0,73866.0
2024-01-12 10:37:00,20.51,20.51,20.5,20.5,12700.0,260471.0
2024-01-12 10:38:00,20.5,20.5,20.48,20.49,11200.0,229529.0
2024-01-12 10:39:00,20.5,20.51,20.5,20.5,1300.0,26652.0
2024-01-12 10:40:00,20.5,20.51,20.49,20.49,14000.0,286972.0
2024-01-12 10:41:00,20.48,20.49,20.48,20.49,12000.0,245858.0
2024-01-12 10:42:00,20.49,20.49,20.48,20.48,3400.0,69643.0
2024-01-12 10:43:00,20.47,20.49,20.46,20.48,15500.0,317333.0
2024-01-12 10:44:00,20.46,20.48,20.46,20.46,3600.0,73670.0
2024-01-12 10:45:00,20.48,20.5,20.48,20.5,2500.0,51203.0
2024-01-12 10:46:00,20.5,20.5,20.49,20.49,1400.0,28688.0
2024-01-12 10:47:00,20.5,20.5,20.49,20.49,1700.0,34836.0
2024-01-12 10:48:00,20.48,20.49,20.46,20.49,8200.0,167835.0
2024-01-12 10:49:00,20.47,20.47,20.45,20.45,5700.0,116604.0
2024-01-12 10:50:00,20.48,20.48,20.44,20.44,6100.0,124750.0
2024-01-12 10:51:00,20.45,20.5,20.45,20.47,36700.0,751424.0
2024-01-12 10:52:00,20.5,20.5,20.49,20.5,6200.0,127068.0
2024-01-12 10:53:00,20.5,20.5,20.49,20.49,5700.0,116821.0
2024-01-12 10:54:00,20.48,20.51,20.48,20.51,11100.0,227541.0
2024-01-12 10:55:00,20.51,20.52,20.5,20.52,23500.0,481584.0
2024-01-12 10:56:00,20.52,20.52,20.51,20.51,9500.0,194852.0
2024-01-12 10:57:00,20.52,20.52,20.49,20.49,18400.0,377371.0
2024-01-12 10:58:00,20.5,20.5,20.49,20.49,2200.0,45087.0
2024-01-12 10:59:00,20.5,20.5,20.48,20.48,4800.0,98345.0
2024-01-12 11:00:00,20.5,20.5,20.5,20.5,500.0,10250.0
2024-01-12 11:01:00,20.49,20.49,20.46,20.47,10900.0,223192.0
2024-01-12 11:02:00,20.46,20.48,20.46,20.48,10500.0,214871.0
2024-01-12 11:03:00,20.49,20.49,20.48,20.48,900.0,18433.0
2024-01-12 11:04:00,20.47,20.47,20.44,20.45,5500.0,112556.0
2024-01-12 11:05:00,20.45,20.45,20.43,20.43,11000.0,224832.0
2024-01-12 11:06:00,20.45,20.45,20.43,20.44,900.0,18393.0
2024-01-12 11:07:00,20.44,20.44,20.43,20.43,4500.0,91944.0
2024-01-12 11:08:00,20.43,20.44,20.43,20.44,1500.0,30651.0
2024-01-12 11:09:00,20.43,20.43,20.43,20.43,1000.0,20430.0
2024-01-12 11:10:00,20.43,20.43,20.42,20.43,5300.0,108252.0
2024-01-12 11:11:00,20.42,20.43,20.41,20.42,8800.0,179660.0
2024-01-12 11:12:00,20.41,20.41,20.39,20.39,11300.0,230549.0
2024-01-12 11:13:00,20.4,20.41,20.39,20.4,4400.0,89763.0
2024-01-12 11:14:00,20.4,20.4,20.4,20.4,1600.0,32640.0
2024-01-12 11:15:00,20.4,20.42,20.4,20.42,8100.0,165312.0
2024-01-12 11:16:00,20.42,20.43,20.42,20.43,4900.0,100100.0
2024-01-12 11:17:00,20.43,20.43,20.39,20.39,18200.0,371349.0
2024-01-12 11:18:00,20.39,20.4,20.38,20.39,8200.0,167200.0
2024-01-12 11:19:00,20.39,20.39,20.37,20.38,7300.0,148776.0
2024-01-12 11:20:00,20.38,20.38,20.37,20.38,5600.0,114128.0
2024-01-12 11:21:00,20.38,20.39,20.37,20.38,8600.0,175247.0
2024-01-12 11:22:00,20.38,20.38,20.36,20.37,5900.0,120204.0
2024-01-12 11:23:00,20.37,20.38,20.37,20.38,3400.0,69262.0
2024-01-12 11:24:00,20.37,20.37,20.35,20.36,8700.0,177148.0
2024-01-12 11:25:00,20.36,20.36,20.36,20.36,0.0,0.0
2024-01-12 11:26:00,20.36,20.38,20.36,20.36,4100.0,83480.0
2024-01-12 11:27:00,20.37,20.37,20.37,20.37,700.0,14259.0
2024-01-12 11:28:00,20.36,20.36,20.36,20.36,200.0,4072.0
2024-01-12 11:29:00,20.36,20.37,20.36,20.37,5200.0,105883.0
2024-01-12 11:30:00,20.37,20.38,20.36,20.36,7200.0,146671.0
2024-01-12 13:01:00,20.37,20.38,20.35,20.36,33900.0,690122.0
2024-01-12 13:02:00,20.33,20.34,20.33,20.33,10400.0,211438.0
2024-01-12 13:03:00,20.32,20.33,20.32,20.32,4600.0,93475.0
2024-01-12 13:04:00,20.32,20.32,20.32,20.32,900.0,18288.0
2024-01-12 13:05:00,20.32,20.32,20.31,20.31,5200.0,105621.0
2024-01-12 13:06:00,20.32,20.32,20.3,20.3,11000.0,223408.0
2024-01-12 13:07:00,20.33,20.36,20.33,20.36,9500.0,193210.0
2024-01-12 13:08:00,20.35,20.35,20.33,20.33,8300.0,168834.0
2024-01-12 13:09:00,20.33,20.34,20.33,20.34,2200.0,44738.0
2024-01-12 13:10:00,20.35,20.35,20.34,20.34,1100.0,22376.0
2024-01-12 13:11:00,20.34,20.35,20.34,20.35,3200.0,65113.0
2024-01-12 13:12:00,20.35,20.35,20.34,20.34,4100.0,83401.0
2024-01-12 13:13:00,20.34,20.34,20.32,20.32,5900.0,119935.0
2024-01-12 13:14:00,20.32,20.33,20.32,20.33,1500.0,30485.0
2024-01-12 13:15:00,20.33,20.33,20.33,20.33,200.0,4066.0
2024-01-12 13:16:00,20.32,20.35,20.32,20.35,2600.0,52890.0
2024-01-12 13:17:00,20.34,20.34,20.34,20.34,2300.0,46782.0
2024-01-12 13:18:00,20.34,20.34,20.34,20.34,1600.0,32544.0
2024-01-12 13:19:00,20.35,20.35,20.34,20.34,1600.0,32554.0
2024-01-12 13:20:00,20.34,20.34,20.33,20.33,2600.0,52872.0
2024-01-12 13:21:00,20.33,20.33,20.33,20.33,4100.0,83353.0
2024-01-12 13:22:00,20.34,20.34,20.34,20.34,100.0,2034.0
2024-01-12 13:23:00,20.33,20.35,20.33,20.35,6800.0,138297.0
2024-01-12 13:24:00,20.35,20.35,20.33,20.33,11200.0,227800.0
2024-01-12 13:25:00,20.33,20.33,20.33,20.33,2800.0,56924.0
2024-01-12 13:26:00,20.34,20.34,20.33,20.34,4200.0,85423.0
2024-01-12 13:27:00,20.35,20.35,20.35,20.35,5200.0,105829.0
2024-01-12 13:28:00,20.38,20.38,20.38,20.38,2500.0,50947.0
2024-01-12 13:29:00,20.38,20.38,20.38,20.38,4600.0,93748.0
2024-01-12 13:30:00,20.38,20.38,20.37,20.37,3800.0,77445.0
2024-01-12 13:31:00,20.37,20.37,20.36,20.36,2200.0,44797.0
2024-01-12 13:32:00,20.36,20.36,20.36,20.36,1400.0,28504.0
2024-01-12 13:33:00,20.36,20.36,20.35,20.35,3300.0,67169.0
2024-01-12 13:34:00,20.35,20.35,20.35,20.35,0.0,0.0
2024-01-12 13:35:00,20.35,20.36,20.35,20.35,2600.0,52919.0
2024-01-12 13:36:00,20.35,20.37,20.35,20.36,6400.0,130313.0
2024-01-12 13:37:00,20.36,20.36,20.35,20.35,1300.0,26457.0
2024-01-12 13:38:00,20.35,20.35,20.35,20.35,200.0,4070.0
2024-01-12 13:39:00,20.35,20.35,20.35,20.35,2900.0,59013.0
2024-01-12 13:40:00,20.34,20.36,20.34,20.36,400.0,8140.0
2024-01-12 13:41:00,20.35,20.35,20.35,20.35,500.0,10175.0
2024-01-12 13:42:00,20.36,20.36,20.35,20.36,4800.0,97726.0
2024-01-12 13:43:00,20.36,20.36,20.34,20.34,2800.0,56977.0
2024-01-12 13:44:00,20.34,20.34,20.34,20.34,4300.0,87462.0
2024-01-12 13:45:00,20.34,20.34,20.31,20.31,27000.0,548613.0
2024-01-12 13:46:00,20.32,20.32,20.3,20.3,10700.0,217757.0
2024-01-12 13:47:00,20.31,20.31,20.31,20.31,600.0,12186.0
2024-01-12 13:48:00,20.31,20.31,20.31,20.31,0.0,0.0
2024-01-12 13:49:00,20.31,20.31,20.3,20.3,7100.0,144149.0
2024-01-12 13:50:00,20.3,20.3,20.3,20.3,100.0,2030.0
2024-01-12 13:51:00,20.3,20.31,20.3,20.3,8700.0,176620.0
2024-01-12 13:52:00,20.29,20.3,20.29,20.29,4600.0,93335.0
2024-01-12 13:53:00,20.3,20.3,20.3,20.3,900.0,18270.0
2024-01-12 13:54:00,20.3,20.3,20.3,20.3,400.0,8120.0
2024-01-12 13:55:00,20.3,20.3,20.3,20.3,700.0,14210.0
2024-01-12 13:56:00,20.3,20.3,20.3,20.3,500.0,10150.0
2024-01-12 13:57:00,20.31,20.31,20.31,20.31,1200.0,24362.0
2024-01-12 13:58:00,20.31,20.33,20.31,20.33,7500.0,152330.0
2024-01-12 13:59:00,20.31,20.32,20.31,20.32,3200.0,65002.0
2024-01-12 14:00:00,20.31,20.31,20.31,20.31,1800.0,36566.0
2024-01-12 14:01:00,20.31,20.31,20.3,20.31,15100.0,306673.0
2024-01-12 14:02:00,20.31,20.31,20.31,20.31,300.0,6093.0
2024-01-12 14:03:00,20.31,20.31,20.29,20.29,18100.0,367337.0
2024-01-12 14:04:00,20.29,20.29,20.28,20.29,9400.0,190672.0
2024-01-12 14:05:00,20.29,20.31,20.28,20.31,13000.0,263732.0
2024-01-12 14:06:00,20.31,20.31,20.31,20.31,3300.0,67035.0
2024-01-12 14:07:00,20.31,20.34,20.31,20.34,1500.0,30480.0
2024-01-12 14:08:00,20.32,20.32,20.31,20.31,2400.0,48756.0
2024-01-12 14:09:00,20.31,20.33,20.31,20.33,1100.0,22343.0
2024-01-12 14:10:00,20.35,20.35,20.35,20.35,800.0,16268.0
2024-01-12 14:11:00,20.35,20.36,20.35,20.35,7200.0,146523.0
2024-01-12 14:12:00,20.34,20.34,20.32,20.33,17600.0,357997.0
2024-01-12 14:13:00,20.33,20.33,20.32,20.32,400.0,8130.0
2024-01-12 14:14:00,20.32,20.33,20.32,20.33,3000.0,60989.0
2024-01-12 14:15:00,20.34,20.35,20.34,20.35,1200.0,24415.0
2024-01-12 14:16:00,20.34,20.34,20.34,20.34,1300.0,26440.0
2024-01-12 14:17:00,20.33,20.33,20.33,20.33,2000.0,40660.0
2024-01-12 14:18:00,20.34,20.34,20.32,20.32,2400.0,48794.0
2024-01-12 14:19:00,20.32,20.33,20.32,20.33,4300.0,87381.0
2024-01-12 14:20:00,20.32,20.32,20.32,20.32,300.0,6096.0
2024-01-12 14:21:00,20.32,20.33,20.32,20.32,3900.0,79255.0
2024-01-12 14:22:00,20.32,20.35,20.32,20.35,16100.0,327368.0
2024-01-12 14:23:00,20.35,20.35,20.35,20.35,4600.0,93610.0
2024-01-12 14:24:00,20.34,20.36,20.34,20.36,1000.0,20349.0
2024-01-12 14:25:00,20.35,20.35,20.34,20.35,1600.0,32548.0
2024-01-12 14:26:00,20.34,20.34,20.33,20.33,3100.0,63041.0
2024-01-12 14:27:00,20.33,20.33,20.33,20.33,2600.0,52858.0
2024-01-12 14:28:00,20.32,20.33,20.32,20.33,2600.0,52848.0
2024-01-12 14:29:00,20.33,20.34,20.33,20.34,3600.0,73199.0
2024-01-12 14:30:00,20.34,20.35,20.33,20.34,4100.0,83375.0
2024-01-12 14:31:00,20.33,20.33,20.32,20.33,4900.0,99623.0
2024-01-12 14:32:00,20.34,20.34,20.33,20.33,1500.0,30497.0
2024-01-12 14:33:00,20.33,20.33,20.33,20.33,0.0,0.0
2024-01-12 14:34:00,20.33,20.33,20.33,20.33,3700.0,75221.0
2024-01-12 14:35:00,20.33,20.33,20.32,20.32,3000.0,60976.0
2024-01-12 14:36:00,20.33,20.34,20.31,20.32,10900.0,221493.0
2024-01-12 14:37:00,20.31,20.32,20.31,20.32,3900.0,79241.0
2024-01-12 14:38:00,20.31,20.31,20.31,20.31,8400.0,170607.0
2024-01-12 14:39:00,20.31,20.31,20.3,20.31,18300.0,371608.0
2024-01-12 14:40:00,20.31,20.31,20.3,20.3,4700.0,95455.0
2024-01-12 14:41:00,20.3,20.32,20.3,20.32,32300.0,656680.0
2024-01-12 14:42:00,20.32,20.33,20.31,20.32,3200.0,65025.0
2024-01-12 14:43:00,20.32,20.33,20.32,20.33,2500.0,50814.0
2024-01-12 14:44:00,20.33,20.33,20.32,20.32,800.0,16263.0
2024-01-12 14:45:00,20.32,20.32,20.31,20.32,10900.0,221474.0
2024-01-12 14:46:00,20.33,20.33,20.32,20.33,1300.0,26420.0
2024-01-12 14:47:00,20.33,20.33,20.32,20.33,3000.0,60973.0
2024-01-12 14:48:00,20.32,20.32,20.31,20.32,7900.0,160527.0
2024-01-12 14:49:00,20.32,20.33,20.32,20.32,7600.0,154434.0
2024-01-12 14:50:00,20.32,20.32,20.31,20.32,6900.0,140162.0
2024-01-12 14:51:00,20.32,20.32,20.31,20.31,2000.0,40632.0
2024-01-12 14:52:00,20.31,20.32,20.31,20.32,8800.0,178748.0
2024-01-12 14:53:00,20.31,20.32,20.31,20.31,4600.0,93428.0
2024-01-12 14:54:00,20.31,20.32,20.31,20.31,3700.0,75162.0
2024-01-12 14:55:00,20.32,20.32,20.31,20.31,18500.0,375749.0
2024-01-12 14:56:00,20.32,20.32,20.3,20.32,8400.0,170607.0
2024-01-12 14:57:00,20.32,20.32,20.29,20.31,9200.0,186836.0
2024-01-12 14:58:00,20.31,20.31,20.31,20.31,0.0,0.0
2024-01-12 14:59:00,20.31,20.31,20.31,20.31,0.0,0.0
2024-01-12 15:00:00,20.28,20.28,20.28,20.28,28500.0,577980.0
