trade_time,open,high,low,close,vol,amount
2024-01-02 09:31:00,216.98,217.88,214.33,214.33,2900.0,626253.0
2024-01-02 09:32:00,215.0,216.93,215.0,216.76,1800.0,395451.0
2024-01-02 09:33:00,216.76,216.97,216.76,216.97,1500.0,315151.0
2024-01-02 09:34:00,216.78,216.78,216.32,216.32,2400.0,530210.0
2024-01-02 09:35:00,216.3,216.3,215.0,215.0,4200.0,893911.0
2024-01-02 09:36:00,214.99,215.0,214.99,215.0,2000.0,430000.0
2024-01-02 09:37:00,215.03,216.1,215.03,216.03,1600.0,359995.0
2024-01-02 09:38:00,215.99,215.99,215.0,215.0,2900.0,625379.0
2024-01-02 09:39:00,214.98,215.0,214.86,214.86,2600.0,551576.0
2024-01-02 09:40:00,215.54,215.54,215.54,215.54,2300.0,488181.0
2024-01-02 09:41:00,215.66,216.0,215.66,216.0,1000.0,223434.0
2024-01-02 09:42:00,216.37,216.88,216.37,216.39,1100.0,242248.0
2024-01-02 09:43:00,216.85,216.85,215.71,215.71,2500.0,531016.0
2024-01-02 09:44:00,215.6,215.6,215.5,215.5,2100.0,468444.0
2024-01-02 09:45:00,215.33,215.5,215.33,215.49,1000.0,211352.0
2024-01-02 09:46:00,215.49,215.49,215.35,215.35,1200.0,242150.0
2024-01-02 09:47:00,215.33,215.33,214.93,214.93,1000.0,223153.0
2024-01-02 09:48:00,214.86,214.86,214.86,214.86,200.0,53075.0
2024-01-02 09:49:00,214.88,214.98,214.86,214.98,1200.0,243265.0
2024-01-02 09:50:00,215.0,215.0,215.0,215.0,1000.0,229613.0
2024-01-02 09:51:00,215.04,215.04,214.66,214.66,4600.0,969982.0
2024-01-02 09:52:00,214.33,214.33,214.0,214.0,6800.0,1475121.0
2024-01-02 09:53:00,214.18,214.18,213.68,213.75,4600.0,976607.0
2024-01-02 09:54:00,213.61,213.61,213.0,213.01,10900.0,2322267.0
2024-01-02 09:55:00,213.0,213.5,213.0,213.5,2000.0,426244.0
2024-01-02 09:56:00,213.01,213.01,212.78,212.84,5400.0,1163503.0
2024-01-02 09:57:00,212.55,213.51,212.55,213.51,11200.0,2368735.0
2024-01-02 09:58:00,214.21,214.21,213.75,213.75,1900.0,413039.0
2024-01-02 09:59:00,214.46,214.46,213.97,213.97,1100.0,240091.0
2024-01-02 10:00:00,214.06,214.38,214.06,214.38,900.0,186232.0
2024-01-02 10:01:00,214.07,214.07,214.02,214.02,900.0,201849.0
2024-01-02 10:02:00,214.26,214.88,214.26,214.88,2300.0,485472.0
2024-01-02 10:03:00,214.25,214.3,214.1,214.1,1400.0,303876.0
2024-01-02 10:04:00,214.1,214.16,214.1,214.16,400.0,85652.0
2024-01-02 10:05:00,213.85,214.17,213.85,214.17,400.0,85604.0
2024-01-02 10:06:00,214.05,214.05,213.85,213.85,700.0,149536.0
2024-01-02 10:07:00,214.0,214.29,214.0,214.29,1300.0,268708.0
2024-01-02 10:08:00,214.2,214.2,213.95,213.95,400.0,85630.0
2024-01-02 10:09:00,213.94,214.29,213.94,214.29,500.0,113073.0
2024-01-02 10:10:00,213.92,213.92,213.92,213.92,200.0,42784.0
2024-01-02 10:11:00,213.78,213.78,213.0,213.04,7900.0,1680795.0
2024-01-02 10:12:00,212.93,212.93,212.73,212.73,1300.0,284551.0
2024-01-02 10:13:00,212.55,212.55,212.1,212.18,7700.0,1634412.0
2024-01-02 10:14:00,212.5,212.5,212.49,212.5,1000.0,212712.0
2024-01-02 10:15:00,212.56,212.62,212.56,212.62,900.0,191529.0
2024-01-02 10:16:00,212.8,212.8,212.52,212.52,2800.0,591795.0
2024-01-02 10:17:00,212.75,213.0,212.75,213.0,2900.0,617260.0
2024-01-02 10:18:00,213.0,213.05,213.0,213.05,4200.0,886090.0
2024-01-02 10:19:00,214.2,214.2,213.92,213.92,1200.0,260116.0
2024-01-02 10:20:00,213.88,213.88,213.88,213.88,200.0,42776.0
2024-01-02 10:21:00,213.89,213.89,213.87,213.87,800.0,181798.0
2024-01-02 10:22:00,213.92,213.92,213.73,213.73,1000.0,211417.0
2024-01-02 10:23:00,213.76,213.76,213.76,213.76,200.0,42751.0
2024-01-02 10:24:00,213.76,213.76,213.76,213.76,0.0,0.0
2024-01-02 10:25:00,213.78,214.2,213.78,214.2,1200.0,257958.0
2024-01-02 10:26:00,214.7,215.53,213.84,213.84,2700.0,576488.0
2024-01-02 10:27:00,214.21,214.21,214.2,214.2,600.0,129902.0
2024-01-02 10:28:00,213.65,213.65,213.65,213.65,400.0,79478.0
2024-01-02 10:29:00,213.65,214.22,213.65,214.22,800.0,179587.0
2024-01-02 10:30:00,213.6,213.6,212.99,212.99,1100.0,222516.0
2024-01-02 10:31:00,212.59,212.84,212.55,212.84,2200.0,472617.0
2024-01-02 10:32:00,212.58,212.58,212.55,212.56,1700.0,370515.0
2024-01-02 10:33:00,212.66,214.0,212.66,214.0,1700.0,347043.0
2024-01-02 10:34:00,212.77,212.77,212.77,212.77,200.0,42554.0
2024-01-02 10:35:00,212.77,212.77,212.77,212.77,0.0,0.0
2024-01-02 10:36:00,212.77,212.77,212.77,212.77,0.0,0.0
2024-01-02 10:37:00,212.97,213.31,212.97,213.31,700.0,149208.0
2024-01-02 10:38:00,213.31,213.31,213.31,213.31,0.0,0.0
2024-01-02 10:39:00,213.29,213.33,213.29,213.33,1200.0,265980.0
2024-01-02 10:40:00,213.33,213.33,213.33,213.33,500.0,106665.0
2024-01-02 10:41:00,213.32,213.36,213.0,213.35,1700.0,359737.0
2024-01-02 10:42:00,213.35,213.35,213.35,213.35,0.0,0.0
2024-01-02 10:43:00,213.4,213.4,213.4,213.4,300.0,64011.0
2024-01-02 10:44:00,213.41,213.41,213.41,213.41,400.0,80241.0
2024-01-02 10:45:00,213.41,213.41,213.41,213.41,0.0,0.0
2024-01-02 10:46:00,213.41,213.41,213.41,213.41,0.0,0.0
2024-01-02 10:47:00,213.41,213.41,213.41,213.41,0.0,0.0
2024-01-02 10:48:00,213.43,213.94,213.42,213.42,2600.0,564655.0
2024-01-02 10:49:00,213.98,213.98,213.98,213.98,300.0,66329.0
2024-01-02 10:50:00,213.98,213.98,213.98,213.98,0.0,0.0
2024-01-02 10:51:00,213.57,213.57,213.55,213.55,600.0,128136.0
2024-01-02 10:52:00,213.49,213.49,213.49,213.49,200.0,42698.0
2024-01-02 10:53:00,213.49,213.49,213.27,213.27,1500.0,306798.0
2024-01-02 10:54:00,213.31,213.31,213.31,213.31,200.0,42661.0
2024-01-02 10:55:00,213.28,213.31,213.28,213.31,400.0,88942.0
2024-01-02 10:56:00,213.3,213.3,213.02,213.02,400.0,101076.0
2024-01-02 10:57:00,213.31,213.31,213.31,213.31,300.0,61219.0
2024-01-02 10:58:00,213.31,213.31,213.31,213.31,600.0,115614.0
2024-01-02 10:59:00,213.35,213.35,213.35,213.35,300.0,65916.0
2024-01-02 11:00:00,213.35,213.36,213.35,213.36,600.0,123532.0
2024-01-02 11:01:00,213.36,213.58,213.36,213.58,1000.0,225239.0
2024-01-02 11:02:00,214.21,214.21,213.89,213.89,500.0,101612.0
2024-01-02 11:03:00,213.63,213.82,213.63,213.82,700.0,148295.0
2024-01-02 11:04:00,213.82,213.82,213.82,213.82,0.0,0.0
2024-01-02 11:05:00,213.82,213.86,213.82,213.86,700.0,159512.0
2024-01-02 11:06:00,213.85,213.85,213.85,213.85,300.0,58381.0
2024-01-02 11:07:00,213.85,213.85,213.85,213.85,0.0,0.0
2024-01-02 11:08:00,213.82,213.82,213.36,213.36,600.0,131193.0
2024-01-02 11:09:00,213.36,213.82,213.36,213.82,300.0,65541.0
2024-01-02 11:10:00,213.82,213.82,213.36,213.36,800.0,174805.0
2024-01-02 11:11:00,213.36,213.36,213.36,213.36,0.0,0.0
2024-01-02 11:12:00,213.81,213.81,213.39,213.39,1000.0,194818.0
2024-01-02 11:13:00,213.39,213.39,213.39,213.39,0.0,0.0
2024-01-02 11:14:00,213.45,213.45,213.45,213.45,200.0,42690.0
2024-01-02 11:15:00,213.39,213.75,213.11,213.11,2200.0,469243.0
2024-01-02 11:16:00,213.1,213.1,212.7,212.7,2800.0,603230.0
2024-01-02 11:17:00,212.58,212.58,212.4,212.4,1800.0,383433.0
2024-01-02 11:18:00,212.38,212.38,211.18,211.18,9800.0,2069136.0
2024-01-02 11:19:00,211.21,211.82,211.21,211.82,1800.0,393747.0
2024-01-02 11:20:00,212.39,212.39,212.37,212.37,900.0,185625.0
2024-01-02 11:21:00,212.0,212.0,211.5,211.99,1600.0,338037.0
2024-01-02 11:22:00,212.0,212.0,211.98,211.98,1100.0,233192.0
2024-01-02 11:23:00,211.99,212.0,211.99,212.0,1200.0,248458.0
2024-01-02 11:24:00,211.88,211.88,211.88,211.88,200.0,42376.0
2024-01-02 11:25:00,212.0,212.0,211.81,211.81,2200.0,468824.0
2024-01-02 11:26:00,211.81,212.0,211.81,212.0,400.0,84762.0
2024-01-02 11:27:00,212.0,212.0,212.0,212.0,0.0,0.0
2024-01-02 11:28:00,211.9,211.9,211.5,211.7,8300.0,1773142.0
2024-01-02 11:29:00,211.5,211.5,211.28,211.5,2400.0,507131.0
2024-01-02 11:30:00,211.5,211.5,211.5,211.5,700.0,128803.0
2024-01-02 13:01:00,211.28,211.28,211.26,211.28,2900.0,613816.0
2024-01-02 13:02:00,211.7,213.68,211.7,212.91,3900.0,838167.0
2024-01-02 13:03:00,212.91,213.39,212.9,213.39,1400.0,284917.0
2024-01-02 13:04:00,213.36,213.36,212.98,212.98,400.0,85224.0
2024-01-02 13:05:00,213.35,213.44,213.35,213.44,1600.0,348417.0
2024-01-02 13:06:00,214.0,214.0,214.0,214.0,1000.0,213990.0
2024-01-02 13:07:00,214.0,214.22,214.0,214.22,2100.0,452727.0
2024-01-02 13:08:00,214.91,215.28,214.91,215.28,3500.0,746304.0
2024-01-02 13:09:00,215.1,215.12,215.0,215.0,2200.0,486906.0
2024-01-02 13:10:00,215.38,215.38,215.0,215.0,1000.0,212495.0
2024-01-02 13:11:00,214.39,214.84,214.39,214.84,1200.0,249334.0
2024-01-02 13:12:00,214.79,214.8,214.79,214.8,1700.0,366644.0
2024-01-02 13:13:00,214.83,214.83,214.83,214.83,1100.0,244000.0
2024-01-02 13:14:00,214.63,214.82,214.44,214.44,1600.0,348258.0
2024-01-02 13:15:00,214.45,214.45,214.45,214.45,200.0,42890.0
2024-01-02 13:16:00,214.28,214.28,214.28,214.28,1300.0,260489.0
2024-01-02 13:17:00,213.83,213.85,213.83,213.85,400.0,85752.0
2024-01-02 13:18:00,214.7,214.7,213.84,213.84,500.0,112956.0
2024-01-02 13:19:00,213.84,213.84,213.84,213.84,0.0,0.0
2024-01-02 13:20:00,214.69,214.69,214.69,214.69,500.0,103695.0
2024-01-02 13:21:00,213.96,213.96,213.96,213.96,200.0,42792.0
2024-01-02 13:22:00,213.94,214.66,213.94,214.66,800.0,173085.0
2024-01-02 13:23:00,213.95,213.95,213.95,213.95,200.0,42790.0
2024-01-02 13:24:00,214.63,214.63,213.93,213.93,700.0,158040.0
2024-01-02 13:25:00,214.6,214.6,214.6,214.6,400.0,85840.0
2024-01-02 13:26:00,213.66,214.6,213.66,213.77,1100.0,241297.0
2024-01-02 13:27:00,213.77,213.77,213.77,213.77,200.0,42754.0
2024-01-02 13:28:00,214.58,214.6,214.58,214.6,600.0,115021.0
2024-01-02 13:29:00,214.6,214.6,214.6,214.6,400.0,97214.0
2024-01-02 13:30:00,213.86,213.9,213.86,213.9,700.0,132390.0
2024-01-02 13:31:00,213.86,213.86,213.86,213.86,200.0,42345.0
2024-01-02 13:32:00,213.86,213.86,213.86,213.86,0.0,0.0
2024-01-02 13:33:00,213.86,213.86,213.61,213.61,1000.0,213722.0
2024-01-02 13:34:00,213.6,213.82,212.92,212.92,5500.0,1176475.0
2024-01-02 13:35:00,213.38,213.38,213.38,213.38,200.0,42676.0
2024-01-02 13:36:00,212.77,212.77,212.57,212.57,400.0,86559.0
2024-01-02 13:37:00,212.6,213.36,212.6,213.36,600.0,128078.0
2024-01-02 13:38:00,212.6,212.6,212.6,212.6,600.0,135213.0
2024-01-02 13:39:00,212.6,212.6,212.6,212.6,0.0,0.0
2024-01-02 13:40:00,212.6,212.6,212.6,212.6,0.0,0.0
2024-01-02 13:41:00,212.69,212.69,212.69,212.69,200.0,42538.0
2024-01-02 13:42:00,212.69,212.69,212.69,212.69,200.0,42538.0
2024-01-02 13:43:00,212.69,212.69,212.69,212.69,0.0,0.0
2024-01-02 13:44:00,212.69,212.69,212.69,212.69,0.0,0.0
2024-01-02 13:45:00,212.77,212.77,212.77,212.77,200.0,42554.0
2024-01-02 13:46:00,212.77,212.77,212.77,212.77,0.0,0.0
2024-01-02 13:47:00,212.77,212.77,212.77,212.77,0.0,0.0
2024-01-02 13:48:00,212.77,212.77,212.77,212.77,0.0,0.0
2024-01-02 13:49:00,212.9,212.9,212.9,212.9,200.0,42580.0
2024-01-02 13:50:00,213.0,213.0,212.77,212.77,1800.0,383320.0
2024-01-02 13:51:00,212.94,212.95,212.77,212.77,1900.0,405452.0
2024-01-02 13:52:00,212.95,213.63,212.95,213.63,2600.0,560136.0
2024-01-02 13:53:00,213.63,213.63,213.63,213.63,0.0,0.0
2024-01-02 13:54:00,213.64,213.64,213.64,213.64,200.0,43365.0
2024-01-02 13:55:00,213.64,213.66,213.64,213.66,400.0,86314.0
2024-01-02 13:56:00,213.66,213.66,213.66,213.66,0.0,0.0
2024-01-02 13:57:00,213.74,213.74,213.74,213.74,500.0,107074.0
2024-01-02 13:58:00,214.5,214.5,214.5,214.5,400.0,67769.0
2024-01-02 13:59:00,214.0,214.15,214.0,214.15,3600.0,783525.0
2024-01-02 14:00:00,214.15,214.15,214.15,214.15,0.0,0.0
2024-01-02 14:01:00,214.39,214.39,214.39,214.39,300.0,57242.0
2024-01-02 14:02:00,214.38,214.38,214.38,214.38,1400.0,307636.0
2024-01-02 14:03:00,214.38,214.38,214.38,214.38,0.0,0.0
2024-01-02 14:04:00,213.67,214.24,213.67,214.24,900.0,196198.0
2024-01-02 14:05:00,214.19,214.19,213.66,213.66,600.0,128622.0
2024-01-02 14:06:00,213.99,214.03,213.99,214.03,600.0,109789.0
2024-01-02 14:07:00,214.03,214.03,214.03,214.03,0.0,0.0
2024-01-02 14:08:00,214.03,214.03,214.03,214.03,0.0,0.0
2024-01-02 14:09:00,214.03,214.03,214.03,214.03,600.0,133974.0
2024-01-02 14:10:00,213.66,214.03,213.66,214.03,700.0,153172.0
2024-01-02 14:11:00,214.03,214.03,214.03,214.03,0.0,0.0
2024-01-02 14:12:00,214.03,214.03,214.03,214.03,0.0,0.0
2024-01-02 14:13:00,214.03,214.03,214.03,214.03,400.0,77050.0
2024-01-02 14:14:00,213.66,213.66,213.66,213.66,200.0,42732.0
2024-01-02 14:15:00,214.02,214.02,214.02,214.02,200.0,59070.0
2024-01-02 14:16:00,214.03,214.03,213.28,213.28,700.0,140286.0
2024-01-02 14:17:00,214.0,214.0,213.29,213.29,400.0,88592.0
2024-01-02 14:18:00,213.29,213.29,213.29,213.29,0.0,0.0
2024-01-02 14:19:00,213.67,214.0,213.67,214.0,800.0,175341.0
2024-01-02 14:20:00,213.63,213.63,213.63,213.63,400.0,85454.0
2024-01-02 14:21:00,213.6,213.6,213.6,213.6,200.0,42720.0
2024-01-02 14:22:00,213.46,213.46,213.46,213.46,400.0,89226.0
2024-01-02 14:23:00,213.46,213.46,213.29,213.29,600.0,110325.0
2024-01-02 14:24:00,213.45,213.49,213.35,213.35,700.0,159247.0
2024-01-02 14:25:00,213.31,213.31,213.31,213.31,200.0,42669.0
2024-01-02 14:26:00,214.0,214.0,213.3,213.3,1000.0,206736.0
2024-01-02 14:27:00,214.0,214.0,214.0,214.0,500.0,114490.0
2024-01-02 14:28:00,214.0,214.0,214.0,214.0,300.0,64622.0
2024-01-02 14:29:00,213.99,213.99,213.99,213.99,500.0,107764.0
2024-01-02 14:30:00,213.58,213.58,213.58,213.58,400.0,87995.0
2024-01-02 14:31:00,213.99,213.99,213.99,213.99,700.0,135028.0
2024-01-02 14:32:00,213.59,213.99,213.59,213.99,400.0,85516.0
2024-01-02 14:33:00,213.59,213.99,213.59,213.99,500.0,106269.0
2024-01-02 14:34:00,213.98,213.99,213.59,213.99,1200.0,266756.0
2024-01-02 14:35:00,213.99,213.99,213.99,213.99,0.0,0.0
2024-01-02 14:36:00,213.33,213.36,213.33,213.36,600.0,129325.0
2024-01-02 14:37:00,213.99,213.99,213.99,213.99,600.0,123897.0
2024-01-02 14:38:00,213.99,213.99,213.99,213.99,0.0,0.0
2024-01-02 14:39:00,213.5,213.99,213.5,213.99,800.0,172675.0
2024-01-02 14:40:00,213.99,213.99,213.99,213.99,300.0,67407.0
2024-01-02 14:41:00,213.5,213.5,213.4,213.4,700.0,141061.0
2024-01-02 14:42:00,213.4,213.4,213.4,213.4,0.0,0.0
2024-01-02 14:43:00,213.4,213.4,213.33,213.33,700.0,155137.0
2024-01-02 14:44:00,213.33,213.33,213.27,213.27,900.0,190255.0
2024-01-02 14:45:00,213.3,213.3,213.3,213.3,200.0,52045.0
2024-01-02 14:46:00,213.14,213.14,213.13,213.13,1600.0,334205.0
2024-01-02 14:47:00,213.01,213.01,213.0,213.0,600.0,123333.0
2024-01-02 14:48:00,213.0,213.0,212.85,213.0,1200.0,269186.0
2024-01-02 14:49:00,213.0,213.0,213.0,213.0,1400.0,279444.0
2024-01-02 14:50:00,212.85,213.14,212.85,213.14,2000.0,441960.0
2024-01-02 14:51:00,213.14,213.14,213.14,213.14,0.0,0.0
2024-01-02 14:52:00,212.9,212.9,212.9,212.9,400.0,71534.0
2024-01-02 14:53:00,213.23,213.23,213.21,213.21,700.0,149253.0
2024-01-02 14:54:00,213.23,213.27,213.23,213.27,1100.0,249309.0
2024-01-02 14:55:00,213.23,213.23,213.23,213.23,700.0,134122.0
2024-01-02 14:56:00,213.01,213.23,213.01,213.23,500.0,105076.0
2024-01-02 14:57:00,213.22,213.22,213.02,213.02,800.0,170922.0
2024-01-02 14:58:00,213.02,213.02,213.02,213.02,0.0,0.0
2024-01-02 14:59:00,213.02,213.02,213.02,213.02,0.0,0.0
2024-01-02 15:00:00,213.01,213.01,213.01,213.01,2700.0,585352.0
2024-01-03 09:31:00,213.06,213.06,211.21,213.01,3500.0,736438.0
2024-01-03 09:32:00,212.98,212.98,212.98,212.98,200.0,42596.0
2024-01-03 09:33:00,211.96,213.5,211.96,213.5,2300.0,498760.0
2024-01-03 09:34:00,213.49,214.0,213.49,214.0,2600.0,555630.0
2024-01-03 09:35:00,214.08,215.92,214.0,215.87,5000.0,1074193.0
2024-01-03 09:36:00,215.11,215.51,215.11,215.2,1600.0,339035.0
2024-01-03 09:37:00,215.1,215.8,215.1,215.5,8800.0,1893930.0
2024-01-03 09:38:00,215.8,216.4,215.53,216.0,7400.0,1602126.0
2024-01-03 09:39:00,216.0,216.18,215.9,216.0,3200.0,687447.0
2024-01-03 09:40:00,215.91,215.91,215.53,215.53,400.0,86288.0
2024-01-03 09:41:00,215.34,215.8,215.34,215.62,1400.0,301846.0
2024-01-03 09:42:00,215.62,216.06,215.62,216.06,2500.0,553829.0
2024-01-03 09:43:00,216.08,216.32,216.08,216.28,2900.0,613958.0
2024-01-03 09:44:00,216.4,217.29,216.35,217.19,10300.0,2244830.0
2024-01-03 09:45:00,217.26,217.3,216.83,216.83,3400.0,736564.0
2024-01-03 09:46:00,216.4,216.48,216.17,216.17,1700.0,363161.0
2024-01-03 09:47:00,216.48,216.8,216.48,216.8,800.0,170515.0
2024-01-03 09:48:00,216.82,216.82,216.19,216.19,3700.0,803594.0
2024-01-03 09:49:00,216.2,216.55,216.2,216.55,1500.0,333888.0
2024-01-03 09:50:00,216.53,216.53,215.68,215.68,800.0,165729.0
2024-01-03 09:51:00,215.68,215.68,215.68,215.68,0.0,0.0
2024-01-03 09:52:00,215.85,216.17,215.85,216.17,400.0,95902.0
2024-01-03 09:53:00,216.01,216.01,216.01,216.01,200.0,43202.0
2024-01-03 09:54:00,216.13,216.13,216.13,216.13,200.0,43226.0
2024-01-03 09:55:00,216.2,216.2,216.08,216.08,1300.0,265827.0
2024-01-03 09:56:00,216.0,216.0,215.93,215.93,2100.0,456568.0
2024-01-03 09:57:00,215.93,215.93,215.93,215.93,0.0,0.0
2024-01-03 09:58:00,215.65,215.65,215.3,215.3,1800.0,392372.0
2024-01-03 09:59:00,215.49,215.5,215.3,215.3,1100.0,227901.0
2024-01-03 10:00:00,215.3,215.3,215.3,215.3,0.0,0.0
2024-01-03 10:01:00,215.19,215.5,215.19,215.5,900.0,200072.0
2024-01-03 10:02:00,215.5,215.96,215.5,215.9,1300.0,276960.0
2024-01-03 10:03:00,215.89,215.89,215.89,215.89,600.0,125002.0
2024-01-03 10:04:00,215.89,215.89,215.89,215.89,0.0,0.0
2024-01-03 10:05:00,215.89,215.89,215.89,215.89,0.0,0.0
2024-01-03 10:06:00,215.55,215.55,215.55,215.55,200.0,43110.0
2024-01-03 10:07:00,215.55,215.55,215.55,215.55,0.0,0.0
2024-01-03 10:08:00,215.06,215.06,215.06,215.06,200.0,43227.0
2024-01-03 10:09:00,215.17,215.48,215.17,215.18,700.0,150714.0
2024-01-03 10:10:00,215.17,215.17,214.38,214.38,8300.0,1797339.0
2024-01-03 10:11:00,215.16,215.16,214.72,214.98,2400.0,518986.0
2024-01-03 10:12:00,214.74,214.96,214.74,214.77,700.0,133617.0
2024-01-03 10:13:00,214.77,214.77,214.77,214.77,200.0,42954.0
2024-01-03 10:14:00,214.77,214.77,214.77,214.77,0.0,0.0
2024-01-03 10:15:00,214.64,214.64,214.64,214.64,400.0,91679.0
2024-01-03 10:16:00,214.7,214.7,214.7,214.7,200.0,42940.0
2024-01-03 10:17:00,215.11,215.11,215.11,215.11,200.0,43022.0
2024-01-03 10:18:00,215.12,215.12,215.11,215.11,800.0,169294.0
2024-01-03 10:19:00,214.77,214.77,214.77,214.77,200.0,46390.0
2024-01-03 10:20:00,214.77,214.77,214.77,214.77,900.0,199522.0
2024-01-03 10:21:00,215.1,215.1,214.77,214.77,900.0,193359.0
2024-01-03 10:22:00,214.77,214.77,214.77,214.77,0.0,0.0
2024-01-03 10:23:00,214.77,214.77,214.77,214.77,0.0,4510.0
2024-01-03 10:24:00,214.77,214.77,214.75,214.75,400.0,81394.0
2024-01-03 10:25:00,214.7,214.7,214.7,214.7,0.0,4508.0
2024-01-03 10:26:00,214.59,214.97,214.42,214.97,1000.0,211032.0
2024-01-03 10:27:00,214.97,214.97,214.97,214.97,0.0,0.0
2024-01-03 10:28:00,214.63,214.63,214.63,214.63,300.0,49794.0
2024-01-03 10:29:00,214.7,214.7,214.7,214.7,300.0,64410.0
2024-01-03 10:30:00,215.16,215.17,215.16,215.17,800.0,190605.0
2024-01-03 10:31:00,215.5,215.5,215.26,215.4,2400.0,501270.0
2024-01-03 10:32:00,215.88,216.1,215.88,216.1,1400.0,317417.0
2024-01-03 10:33:00,216.48,216.49,216.48,216.48,2400.0,509423.0
2024-01-03 10:34:00,216.42,216.48,215.92,215.93,8100.0,1753967.0
2024-01-03 10:35:00,215.95,215.95,215.95,215.95,200.0,43190.0
2024-01-03 10:36:00,216.05,216.05,216.05,216.05,200.0,43210.0
2024-01-03 10:37:00,216.04,216.04,216.04,216.04,400.0,90525.0
2024-01-03 10:38:00,215.15,215.15,215.15,215.15,200.0,43030.0
2024-01-03 10:39:00,215.15,215.15,215.15,215.15,0.0,0.0
2024-01-03 10:40:00,215.15,215.15,215.15,215.15,0.0,3442.0
2024-01-03 10:41:00,214.77,214.77,214.77,214.77,200.0,42954.0
2024-01-03 10:42:00,214.77,214.77,214.77,214.77,100.0,7088.0
2024-01-03 10:43:00,215.57,215.57,215.57,215.57,400.0,98045.0
2024-01-03 10:44:00,215.57,215.57,215.57,215.57,0.0,0.0
2024-01-03 10:45:00,215.2,215.2,215.2,215.2,200.0,43040.0
2024-01-03 10:46:00,215.2,215.2,215.2,215.2,0.0,0.0
2024-01-03 10:47:00,215.2,215.2,215.2,215.2,300.0,64560.0
2024-01-03 10:48:00,215.0,215.0,215.0,215.0,400.0,86000.0
2024-01-03 10:49:00,215.66,215.66,214.97,214.97,600.0,132795.0
2024-01-03 10:50:00,214.97,214.97,214.97,214.97,0.0,0.0
2024-01-03 10:51:00,214.97,215.64,214.97,215.64,1300.0,262097.0
2024-01-03 10:52:00,215.64,215.64,215.64,215.64,0.0,0.0
2024-01-03 10:53:00,215.66,215.66,215.66,215.66,500.0,122709.0
2024-01-03 10:54:00,215.66,215.66,215.66,215.66,300.0,54774.0
2024-01-03 10:55:00,215.15,215.15,215.0,215.0,500.0,100220.0
2024-01-03 10:56:00,215.0,215.0,215.0,215.0,0.0,0.0
2024-01-03 10:57:00,215.0,215.0,215.0,215.0,0.0,0.0
2024-01-03 10:58:00,215.0,215.0,215.0,215.0,400.0,86000.0
2024-01-03 10:59:00,215.0,215.0,215.0,215.0,0.0,0.0
2024-01-03 11:00:00,215.0,215.0,215.0,215.0,100.0,41065.0
2024-01-03 11:01:00,215.0,215.0,215.0,215.0,0.0,0.0
2024-01-03 11:02:00,215.0,215.0,215.0,215.0,300.0,47300.0
2024-01-03 11:03:00,215.01,215.44,214.97,215.44,2600.0,557298.0
2024-01-03 11:04:00,214.96,215.1,214.96,215.1,800.0,182584.0
2024-01-03 11:05:00,215.1,215.1,215.01,215.01,400.0,87310.0
2024-01-03 11:06:00,215.01,215.01,215.01,215.01,0.0,0.0
2024-01-03 11:07:00,215.01,215.01,215.01,215.01,0.0,0.0
2024-01-03 11:08:00,215.01,215.01,215.01,215.01,0.0,0.0
2024-01-03 11:09:00,215.01,215.01,215.01,215.01,0.0,0.0
2024-01-03 11:10:00,214.97,214.97,214.97,214.97,200.0,42994.0
2024-01-03 11:11:00,214.97,214.97,214.97,214.97,0.0,0.0
2024-01-03 11:12:00,214.56,214.56,214.56,214.56,300.0,54069.0
2024-01-03 11:13:00,214.58,214.58,214.51,214.51,1400.0,300341.0
2024-01-03 11:14:00,214.5,214.57,214.44,214.57,2500.0,536033.0
2024-01-03 11:15:00,213.77,214.36,213.55,213.55,4400.0,944147.0
2024-01-03 11:16:00,213.48,213.63,213.48,213.57,900.0,192193.0
2024-01-03 11:17:00,213.49,213.49,213.38,213.38,600.0,130618.0
2024-01-03 11:18:00,213.38,213.38,213.38,213.38,700.0,140831.0
2024-01-03 11:19:00,213.38,213.38,213.38,213.38,100.0,34141.0
2024-01-03 11:20:00,213.22,213.22,213.08,213.08,1400.0,295056.0
2024-01-03 11:21:00,213.08,213.08,213.08,213.08,0.0,0.0
2024-01-03 11:22:00,213.08,213.08,212.5,212.5,2700.0,578132.0
2024-01-03 11:23:00,212.5,212.5,212.5,212.5,0.0,0.0
2024-01-03 11:24:00,212.87,212.87,212.5,212.5,600.0,115286.0
2024-01-03 11:25:00,212.99,212.99,212.99,212.99,400.0,85196.0
2024-01-03 11:26:00,213.0,213.0,213.0,213.0,1800.0,383418.0
2024-01-03 11:27:00,213.01,213.01,213.01,213.01,200.0,42602.0
2024-01-03 11:28:00,213.0,213.0,213.0,213.0,1000.0,213002.0
2024-01-03 11:29:00,213.17,213.17,213.17,213.17,600.0,139843.0
2024-01-03 11:30:00,213.75,213.75,213.32,213.32,400.0,94178.0
2024-01-03 13:01:00,213.32,213.74,213.32,213.74,1200.0,237480.0
2024-01-03 13:02:00,213.74,213.74,213.74,213.74,0.0,0.0
2024-01-03 13:03:00,213.32,213.32,213.31,213.31,800.0,170654.0
2024-01-03 13:04:00,213.0,213.0,213.0,213.0,200.0,42600.0
2024-01-03 13:05:00,213.0,213.0,212.5,212.5,700.0,149627.0
2024-01-03 13:06:00,212.5,212.51,212.5,212.51,500.0,118152.0
2024-01-03 13:07:00,212.51,212.51,212.51,212.51,0.0,0.0
2024-01-03 13:08:00,213.6,213.6,213.6,213.6,200.0,46122.0
2024-01-03 13:09:00,213.6,213.6,212.54,212.54,2700.0,560765.0
2024-01-03 13:10:00,212.5,212.5,212.5,212.5,1000.0,212510.0
2024-01-03 13:11:00,213.19,213.19,213.19,213.19,400.0,85278.0
2024-01-03 13:12:00,213.19,213.19,213.19,213.19,0.0,0.0
2024-01-03 13:13:00,213.21,213.21,213.18,213.18,400.0,85278.0
2024-01-03 13:14:00,212.5,212.5,212.5,212.5,500.0,106250.0
2024-01-03 13:15:00,212.5,212.5,212.5,212.5,0.0,0.0
2024-01-03 13:16:00,212.0,212.0,211.99,211.99,8200.0,1752709.0
2024-01-03 13:17:00,211.89,211.89,211.89,211.89,200.0,42378.0
2024-01-03 13:18:00,211.88,211.88,211.88,211.88,300.0,63564.0
2024-01-03 13:19:00,211.88,211.94,211.88,211.94,600.0,127140.0
2024-01-03 13:20:00,212.0,212.0,212.0,212.0,600.0,127200.0
2024-01-03 13:21:00,212.0,212.0,212.0,212.0,200.0,42400.0
2024-01-03 13:22:00,212.0,212.0,212.0,212.0,600.0,127200.0
2024-01-03 13:23:00,211.68,211.68,211.4,211.4,4000.0,831533.0
2024-01-03 13:24:00,211.23,211.27,211.1,211.1,4500.0,967512.0
2024-01-03 13:25:00,211.21,211.21,210.0,210.79,16100.0,3385197.0
2024-01-03 13:26:00,210.41,210.41,208.99,209.0,11600.0,2412587.0
2024-01-03 13:27:00,208.98,209.43,208.98,209.22,2400.0,511711.0
2024-01-03 13:28:00,209.26,209.5,209.01,209.02,3800.0,782299.0
2024-01-03 13:29:00,209.0,209.01,208.06,208.5,6100.0,1272993.0
2024-01-03 13:30:00,208.5,208.5,208.0,208.0,3900.0,811591.0
2024-01-03 13:31:00,207.99,207.99,207.01,207.3,3600.0,764873.0
2024-01-03 13:32:00,207.3,207.3,207.3,207.3,700.0,126660.0
2024-01-03 13:33:00,208.0,208.32,208.0,208.32,800.0,185251.0
2024-01-03 13:34:00,208.5,208.5,208.32,208.32,1700.0,334560.0
2024-01-03 13:35:00,208.32,208.32,208.32,208.32,0.0,4167.0
2024-01-03 13:36:00,208.24,208.24,208.11,208.11,600.0,124892.0
2024-01-03 13:37:00,208.11,208.83,208.02,208.83,2300.0,486386.0
2024-01-03 13:38:00,209.48,209.48,208.59,209.42,900.0,188079.0
2024-01-03 13:39:00,208.71,208.76,208.71,208.76,1700.0,355042.0
2024-01-03 13:40:00,208.76,208.76,208.76,208.76,0.0,0.0
2024-01-03 13:41:00,208.59,208.59,208.59,208.59,500.0,104297.0
2024-01-03 13:42:00,208.59,208.59,208.59,208.59,200.0,41718.0
2024-01-03 13:43:00,208.48,208.48,207.96,207.96,2700.0,554525.0
2024-01-03 13:44:00,208.0,208.0,208.0,208.0,3700.0,771888.0
2024-01-03 13:45:00,208.0,208.0,208.0,208.0,0.0,0.0
2024-01-03 13:46:00,208.0,208.0,208.0,208.0,0.0,0.0
2024-01-03 13:47:00,208.07,208.07,208.07,208.07,100.0,20807.0
2024-01-03 13:48:00,208.37,208.37,208.37,208.37,200.0,41674.0
2024-01-03 13:49:00,208.4,208.43,208.4,208.43,2400.0,496674.0
2024-01-03 13:50:00,208.43,208.43,208.43,208.43,0.0,0.0
2024-01-03 13:51:00,208.43,208.43,208.43,208.43,0.0,0.0
2024-01-03 13:52:00,208.73,208.73,208.73,208.73,200.0,41746.0
2024-01-03 13:53:00,208.73,208.73,208.73,208.73,200.0,42998.0
2024-01-03 13:54:00,208.73,208.73,208.73,208.73,0.0,0.0
2024-01-03 13:55:00,209.28,209.28,209.28,209.28,200.0,41856.0
2024-01-03 13:56:00,209.1,209.1,209.1,209.1,200.0,41820.0
2024-01-03 13:57:00,209.0,209.0,209.0,209.0,200.0,41800.0
2024-01-03 13:58:00,208.73,208.73,208.73,208.73,200.0,42372.0
2024-01-03 13:59:00,208.72,208.72,208.72,208.72,200.0,41744.0
2024-01-03 14:00:00,208.0,208.0,207.63,207.63,9600.0,2011171.0
2024-01-03 14:01:00,207.63,207.63,207.63,207.63,0.0,0.0
2024-01-03 14:02:00,207.63,207.63,207.63,207.63,0.0,0.0
2024-01-03 14:03:00,207.88,208.47,207.88,208.47,1100.0,228895.0
2024-01-03 14:04:00,208.66,208.66,208.66,208.66,1000.0,199479.0
2024-01-03 14:05:00,208.56,208.56,207.98,207.98,400.0,83308.0
2024-01-03 14:06:00,207.98,207.98,207.98,207.98,0.0,0.0
2024-01-03 14:07:00,208.12,208.12,207.88,207.88,4700.0,984569.0
2024-01-03 14:08:00,207.88,207.94,207.85,207.9,1300.0,261729.0
2024-01-03 14:09:00,207.94,207.97,207.94,207.97,500.0,111673.0
2024-01-03 14:10:00,208.0,208.05,208.0,208.0,1200.0,246911.0
2024-01-03 14:11:00,208.13,208.13,208.05,208.05,700.0,146095.0
2024-01-03 14:12:00,208.13,208.24,208.0,208.0,4700.0,970670.0
2024-01-03 14:13:00,208.0,208.0,207.97,207.97,400.0,86733.0
2024-01-03 14:14:00,207.97,207.97,207.63,207.63,3600.0,752964.0
2024-01-03 14:15:00,207.63,207.63,207.63,207.63,900.0,193926.0
2024-01-03 14:16:00,207.63,207.63,207.63,207.63,100.0,7060.0
2024-01-03 14:17:00,207.63,207.63,207.63,207.63,0.0,0.0
2024-01-03 14:18:00,207.63,207.63,207.63,207.63,0.0,0.0
2024-01-03 14:19:00,207.7,207.7,207.7,207.7,1200.0,249245.0
2024-01-03 14:20:00,208.0,208.68,208.0,208.68,1100.0,228954.0
2024-01-03 14:21:00,208.73,208.95,208.73,208.95,1200.0,250578.0
2024-01-03 14:22:00,208.95,208.95,208.95,208.95,0.0,0.0
2024-01-03 14:23:00,208.75,208.75,207.83,207.83,1000.0,212733.0
2024-01-03 14:24:00,207.83,207.83,207.83,207.83,0.0,0.0
2024-01-03 14:25:00,208.48,208.48,208.15,208.15,400.0,83326.0
2024-01-03 14:26:00,208.15,208.15,208.15,208.15,0.0,0.0
2024-01-03 14:27:00,208.45,208.75,208.45,208.5,900.0,187755.0
2024-01-03 14:28:00,208.5,208.5,208.45,208.45,1400.0,291872.0
2024-01-03 14:29:00,208.15,208.15,208.15,208.15,1500.0,303902.0
2024-01-03 14:30:00,208.15,208.15,208.15,208.15,0.0,0.0
2024-01-03 14:31:00,208.1,208.13,208.0,208.13,600.0,124846.0
2024-01-03 14:32:00,208.13,208.13,208.13,208.13,0.0,0.0
2024-01-03 14:33:00,208.04,208.04,208.04,208.04,500.0,104020.0
2024-01-03 14:34:00,208.04,208.04,208.0,208.02,1400.0,294111.0
2024-01-03 14:35:00,208.12,208.12,208.0,208.0,1300.0,285818.0
2024-01-03 14:36:00,208.0,208.0,208.0,208.0,200.0,41600.0
2024-01-03 14:37:00,207.85,207.85,207.85,207.85,700.0,134075.0
2024-01-03 14:38:00,207.3,207.3,207.17,207.17,10900.0,2254735.0
2024-01-03 14:39:00,207.22,207.72,207.22,207.72,900.0,186702.0
2024-01-03 14:40:00,207.71,207.71,207.71,207.71,300.0,62313.0
2024-01-03 14:41:00,207.71,207.71,207.71,207.71,0.0,0.0
2024-01-03 14:42:00,207.71,207.71,207.71,207.71,0.0,0.0
2024-01-03 14:43:00,207.8,207.8,207.75,207.75,400.0,89778.0
2024-01-03 14:44:00,207.85,208.73,207.85,208.73,500.0,98995.0
2024-01-03 14:45:00,207.9,207.9,207.79,207.79,400.0,83138.0
2024-01-03 14:46:00,207.85,207.85,207.51,207.51,1300.0,278870.0
2024-01-03 14:47:00,207.51,207.56,207.5,207.56,800.0,174524.0
2024-01-03 14:48:00,207.51,207.51,207.3,207.3,1800.0,353508.0
2024-01-03 14:49:00,207.3,207.5,207.3,207.5,700.0,149114.0
2024-01-03 14:50:00,207.5,207.99,207.5,207.99,400.0,83098.0
2024-01-03 14:51:00,208.0,208.05,208.0,208.05,600.0,130630.0
2024-01-03 14:52:00,208.0,208.0,208.0,208.0,600.0,128375.0
2024-01-03 14:53:00,208.0,208.0,208.0,208.0,300.0,62400.0
2024-01-03 14:54:00,208.47,208.47,208.0,208.0,400.0,83294.0
2024-01-03 14:55:00,208.0,208.01,208.0,208.01,800.0,166476.0
2024-01-03 14:56:00,207.96,207.96,207.81,207.81,1200.0,237423.0
2024-01-03 14:57:00,207.8,207.8,207.5,207.61,2400.0,502552.0
2024-01-03 14:58:00,207.61,207.61,207.61,207.61,0.0,0.0
2024-01-03 14:59:00,207.61,207.61,207.61,207.61,0.0,0.0
2024-01-03 15:00:00,207.5,207.5,207.5,207.5,3900.0,818795.0
2024-01-04 09:31:00,205.53,205.6,203.68,204.0,4600.0,942938.0
2024-01-04 09:32:00,203.72,204.1,203.72,203.82,5000.0,1022284.0
2024-01-04 09:33:00,203.75,203.84,203.0,203.0,14300.0,2910223.0
2024-01-04 09:34:00,203.0,203.0,200.51,201.0,11900.0,2397925.0
2024-01-04 09:35:00,200.57,200.81,200.0,200.8,7100.0,1423831.0
2024-01-04 09:36:00,200.72,201.0,200.72,200.98,2800.0,557364.0
2024-01-04 09:37:00,201.52,201.52,200.8,200.8,3500.0,712541.0
2024-01-04 09:38:00,200.8,200.8,197.0,197.79,17200.0,3411845.0
2024-01-04 09:39:00,197.0,197.85,196.65,197.49,17700.0,3499030.0
2024-01-04 09:40:00,197.1,197.12,193.0,194.0,14100.0,2752283.0
2024-01-04 09:41:00,193.28,196.95,193.28,195.12,15000.0,2929966.0
2024-01-04 09:42:00,195.85,195.85,193.86,194.11,7400.0,1435675.0
2024-01-04 09:43:00,194.11,195.12,194.11,194.77,3300.0,656511.0
2024-01-04 09:44:00,194.77,195.0,194.77,195.0,4500.0,879841.0
2024-01-04 09:45:00,195.12,195.12,194.8,194.8,3900.0,747554.0
2024-01-04 09:46:00,194.8,195.0,194.31,195.0,4900.0,963553.0
2024-01-04 09:47:00,195.0,195.0,194.1,194.1,8100.0,1567072.0
2024-01-04 09:48:00,194.13,194.29,193.38,193.38,9600.0,1855026.0
2024-01-04 09:49:00,193.28,194.0,193.28,193.54,10300.0,2010298.0
2024-01-04 09:50:00,193.54,193.64,193.18,193.18,5200.0,1000576.0
2024-01-04 09:51:00,193.01,193.01,191.2,191.2,12200.0,2345728.0
2024-01-04 09:52:00,191.3,191.99,191.21,191.3,7600.0,1463043.0
2024-01-04 09:53:00,191.21,191.21,190.11,191.0,21000.0,3998138.0
2024-01-04 09:54:00,191.0,191.0,190.2,190.6,13000.0,2488211.0
2024-01-04 09:55:00,190.6,191.14,190.59,191.14,20600.0,3923502.0
2024-01-04 09:56:00,190.6,191.0,189.08,189.08,34800.0,6639559.0
2024-01-04 09:57:00,189.0,190.0,188.25,189.0,43500.0,8231165.0
2024-01-04 09:58:00,189.0,190.99,189.0,190.99,9200.0,1743929.0
2024-01-04 09:59:00,191.3,191.31,191.11,191.3,5500.0,1062740.0
2024-01-04 10:00:00,191.99,192.5,191.99,192.5,1400.0,259650.0
2024-01-04 10:01:00,192.89,193.45,192.87,193.45,3000.0,574618.0
2024-01-04 10:02:00,192.89,192.9,192.51,192.51,2500.0,488288.0
2024-01-04 10:03:00,192.51,193.0,192.51,193.0,4100.0,791895.0
2024-01-04 10:04:00,193.0,193.01,192.6,193.0,8200.0,1582596.0
2024-01-04 10:05:00,193.0,193.0,192.66,192.66,4000.0,763658.0
2024-01-04 10:06:00,193.0,193.2,193.0,193.01,3700.0,720432.0
2024-01-04 10:07:00,193.19,193.19,193.08,193.09,1100.0,204715.0
2024-01-04 10:08:00,193.09,193.55,193.09,193.55,7900.0,1528858.0
2024-01-04 10:09:00,193.45,193.45,192.5,192.5,9100.0,1757882.0
2024-01-04 10:10:00,192.5,192.5,192.2,192.2,500.0,98436.0
2024-01-04 10:11:00,192.2,192.2,191.0,191.0,4000.0,777549.0
2024-01-04 10:12:00,191.0,191.0,190.97,190.97,1700.0,317439.0
2024-01-04 10:13:00,190.97,191.0,190.97,191.0,2000.0,381970.0
2024-01-04 10:14:00,191.0,191.0,190.99,190.99,3000.0,577187.0
2024-01-04 10:15:00,190.99,190.99,190.99,190.99,0.0,0.0
2024-01-04 10:16:00,191.15,191.37,191.15,191.24,1800.0,347458.0
2024-01-04 10:17:00,191.32,191.34,190.99,191.0,13200.0,2525452.0
2024-01-04 10:18:00,191.36,191.7,191.0,191.0,7100.0,1354077.0
2024-01-04 10:19:00,190.97,191.0,190.51,190.73,7400.0,1406324.0
2024-01-04 10:20:00,190.73,191.45,190.73,191.0,7100.0,1354270.0
2024-01-04 10:21:00,191.44,191.5,191.4,191.5,3600.0,700888.0
2024-01-04 10:22:00,191.5,193.0,191.5,193.0,22100.0,4242741.0
2024-01-04 10:23:00,193.0,193.0,193.0,193.0,1100.0,208633.0
2024-01-04 10:24:00,192.4,192.79,191.45,192.58,9900.0,1908664.0
2024-01-04 10:25:00,191.38,191.49,191.38,191.49,700.0,116527.0
2024-01-04 10:26:00,191.54,192.2,191.54,192.2,1400.0,281392.0
2024-01-04 10:27:00,192.13,192.13,191.67,191.69,2600.0,490619.0
2024-01-04 10:28:00,191.5,191.5,191.0,191.0,1200.0,229414.0
2024-01-04 10:29:00,191.0,191.0,190.73,190.75,1900.0,362167.0
2024-01-04 10:30:00,190.73,190.73,190.5,190.5,4600.0,882976.0
2024-01-04 10:31:00,190.09,190.09,189.2,189.25,6100.0,1164723.0
2024-01-04 10:32:00,189.25,189.25,189.25,189.25,0.0,0.0
2024-01-04 10:33:00,190.08,190.08,190.08,190.08,200.0,38016.0
2024-01-04 10:34:00,190.07,190.08,189.56,190.08,2200.0,409999.0
2024-01-04 10:35:00,190.08,190.08,190.0,190.0,2900.0,544224.0
2024-01-04 10:36:00,190.0,190.0,189.58,189.58,1300.0,249781.0
2024-01-04 10:37:00,189.59,189.59,189.57,189.57,600.0,112425.0
2024-01-04 10:38:00,189.88,189.88,189.88,189.88,400.0,75952.0
2024-01-04 10:39:00,189.89,190.0,189.89,189.9,1200.0,234216.0
2024-01-04 10:40:00,190.0,190.08,190.0,190.08,2500.0,475821.0
2024-01-04 10:41:00,190.09,190.1,190.08,190.08,1800.0,348257.0
2024-01-04 10:42:00,190.09,190.1,189.43,189.43,8000.0,1508306.0
2024-01-04 10:43:00,189.28,189.28,189.26,189.26,600.0,113560.0
2024-01-04 10:44:00,189.25,189.25,189.25,189.25,1300.0,253040.0
2024-01-04 10:45:00,189.35,189.37,189.28,189.37,1500.0,284551.0
2024-01-04 10:46:00,189.38,189.43,189.38,189.43,600.0,113638.0
2024-01-04 10:47:00,189.95,189.95,189.95,189.95,600.0,115489.0
2024-01-04 10:48:00,189.9,189.9,189.9,189.9,200.0,37980.0
2024-01-04 10:49:00,189.9,190.0,189.9,189.9,3400.0,642893.0
2024-01-04 10:50:00,189.87,189.87,189.87,189.87,300.0,43480.0
2024-01-04 10:51:00,189.87,189.87,189.63,189.63,700.0,143990.0
2024-01-04 10:52:00,189.6,189.6,189.5,189.5,7000.0,1326019.0
2024-01-04 10:53:00,189.5,189.5,189.44,189.44,900.0,176803.0
2024-01-04 10:54:00,189.44,189.44,189.44,189.44,200.0,35804.0
2024-01-04 10:55:00,189.42,189.42,189.42,189.42,900.0,155895.0
2024-01-04 10:56:00,189.42,189.42,189.42,189.42,400.0,81261.0
2024-01-04 10:57:00,189.41,189.44,188.6,188.66,11800.0,2244477.0
2024-01-04 10:58:00,188.74,188.74,188.6,188.6,5000.0,934402.0
2024-01-04 10:59:00,188.65,188.65,188.65,188.65,200.0,37730.0
2024-01-04 11:00:00,188.88,188.88,188.58,188.58,3500.0,651174.0
2024-01-04 11:01:00,188.51,188.6,188.51,188.58,2000.0,386198.0
2024-01-04 11:02:00,188.6,188.6,188.58,188.58,1900.0,356259.0
2024-01-04 11:03:00,188.58,188.58,188.5,188.5,1200.0,223425.0
2024-01-04 11:04:00,188.44,188.44,188.3,188.3,8000.0,1509598.0
2024-01-04 11:05:00,188.6,188.63,188.6,188.6,6800.0,1274608.0
2024-01-04 11:06:00,188.55,188.55,188.01,188.03,2600.0,495819.0
2024-01-04 11:07:00,188.1,188.12,188.02,188.02,2800.0,521871.0
2024-01-04 11:08:00,188.01,188.01,188.0,188.0,6900.0,1311008.0
2024-01-04 11:09:00,188.0,188.0,187.71,187.71,9200.0,1724301.0
2024-01-04 11:10:00,187.28,187.28,186.79,186.79,5600.0,1045917.0
2024-01-04 11:11:00,186.11,186.87,186.11,186.12,4500.0,837569.0
2024-01-04 11:12:00,186.13,186.55,186.13,186.54,3600.0,666848.0
2024-01-04 11:13:00,186.59,186.59,186.33,186.51,3700.0,695462.0
2024-01-04 11:14:00,186.51,186.89,186.51,186.89,1900.0,350673.0
2024-01-04 11:15:00,187.02,187.02,186.11,186.11,6200.0,1158600.0
2024-01-04 11:16:00,186.11,186.6,186.11,186.13,2500.0,473791.0
2024-01-04 11:17:00,186.13,186.62,186.13,186.62,3500.0,650186.0
2024-01-04 11:18:00,186.6,186.61,186.15,186.15,7300.0,1358306.0
2024-01-04 11:19:00,186.55,186.55,186.02,186.02,3700.0,688709.0
2024-01-04 11:20:00,186.03,186.42,186.02,186.35,2900.0,542936.0
2024-01-04 11:21:00,186.1,186.25,186.05,186.05,1000.0,189659.0
2024-01-04 11:22:00,186.02,186.02,186.0,186.0,11900.0,2199550.0
2024-01-04 11:23:00,185.8,185.8,185.13,185.3,2000.0,371739.0
2024-01-04 11:24:00,185.13,185.68,185.09,185.13,2800.0,531995.0
2024-01-04 11:25:00,185.15,185.15,184.37,184.95,8700.0,1607324.0
2024-01-04 11:26:00,184.56,184.9,184.0,184.01,11300.0,2066876.0
2024-01-04 11:27:00,184.01,184.01,183.51,183.51,5300.0,986527.0
2024-01-04 11:28:00,183.6,184.38,183.6,184.38,1900.0,353954.0
2024-01-04 11:29:00,184.33,184.45,183.93,184.45,3400.0,611919.0
2024-01-04 11:30:00,184.41,184.85,184.41,184.45,1400.0,264509.0
2024-01-04 13:01:00,184.9,184.9,184.46,184.46,3700.0,683178.0
2024-01-04 13:02:00,184.45,184.5,184.2,184.45,2100.0,390263.0
2024-01-04 13:03:00,184.4,184.5,184.08,184.45,2200.0,409688.0
2024-01-04 13:04:00,184.01,184.01,184.0,184.0,2000.0,368006.0
2024-01-04 13:05:00,184.0,184.0,183.93,183.93,800.0,145135.0
2024-01-04 13:06:00,183.93,183.95,183.65,183.65,900.0,167396.0
2024-01-04 13:07:00,183.7,183.84,183.7,183.74,1200.0,210998.0
2024-01-04 13:08:00,183.75,183.75,183.75,183.75,600.0,116681.0
2024-01-04 13:09:00,183.74,183.8,183.65,183.74,1500.0,271515.0
2024-01-04 13:10:00,183.69,183.69,183.35,183.53,4200.0,771422.0
2024-01-04 13:11:00,183.48,183.48,183.03,183.03,1000.0,179867.0
2024-01-04 13:12:00,183.03,183.2,183.02,183.02,1100.0,213991.0
2024-01-04 13:13:00,183.02,183.07,183.02,183.07,2900.0,523300.0
2024-01-04 13:14:00,183.01,183.09,183.0,183.0,7900.0,1450108.0
2024-01-04 13:15:00,183.0,183.0,182.61,182.61,1700.0,308911.0
2024-01-04 13:16:00,182.61,182.79,182.59,182.6,2400.0,436818.0
2024-01-04 13:17:00,182.6,182.6,182.01,182.05,6800.0,1244355.0
2024-01-04 13:18:00,182.05,182.05,182.0,182.0,2000.0,355473.0
2024-01-04 13:19:00,182.05,182.16,182.05,182.16,2900.0,536244.0
2024-01-04 13:20:00,182.16,182.16,182.0,182.0,5400.0,969882.0
2024-01-04 13:21:00,182.0,182.79,182.0,182.79,17700.0,3232724.0
2024-01-04 13:22:00,183.0,183.16,183.0,183.16,1300.0,235815.0
2024-01-04 13:23:00,183.3,183.3,183.0,183.3,2100.0,375747.0
2024-01-04 13:24:00,183.3,183.3,183.0,183.3,1400.0,267736.0
2024-01-04 13:25:00,183.3,183.3,183.24,183.24,800.0,140386.0
2024-01-04 13:26:00,183.28,183.35,183.28,183.35,1500.0,280829.0
2024-01-04 13:27:00,183.88,183.93,183.88,183.93,1000.0,174145.0
2024-01-04 13:28:00,183.88,183.88,183.35,183.35,1000.0,189054.0
2024-01-04 13:29:00,183.65,183.65,183.02,183.02,700.0,128469.0
2024-01-04 13:30:00,183.01,183.01,183.0,183.0,2100.0,386352.0
2024-01-04 13:31:00,183.0,183.0,182.83,182.83,2000.0,360802.0
2024-01-04 13:32:00,182.84,182.84,182.79,182.79,1800.0,329035.0
2024-01-04 13:33:00,182.79,182.84,182.57,182.61,5000.0,909381.0
2024-01-04 13:34:00,182.5,182.5,181.16,181.16,8400.0,1540135.0
2024-01-04 13:35:00,181.89,181.89,181.0,181.84,4700.0,847682.0
2024-01-04 13:36:00,181.1,181.14,181.07,181.13,4100.0,739697.0
2024-01-04 13:37:00,181.13,181.5,181.13,181.2,2200.0,397881.0
2024-01-04 13:38:00,181.13,181.7,181.13,181.7,5200.0,951106.0
2024-01-04 13:39:00,181.7,182.28,181.7,182.28,5200.0,929474.0
2024-01-04 13:40:00,182.27,182.27,182.26,182.27,1700.0,313381.0
2024-01-04 13:41:00,182.89,182.89,182.83,182.83,400.0,76802.0
2024-01-04 13:42:00,182.65,182.68,182.65,182.65,1600.0,293896.0
2024-01-04 13:43:00,182.64,182.64,182.27,182.28,2000.0,368603.0
2024-01-04 13:44:00,182.29,182.29,182.29,182.29,1200.0,212388.0
2024-01-04 13:45:00,182.27,182.27,182.26,182.26,1800.0,331009.0
2024-01-04 13:46:00,181.82,182.52,181.82,182.5,1300.0,237990.0
2024-01-04 13:47:00,181.95,182.84,181.95,182.84,4800.0,869153.0
2024-01-04 13:48:00,182.79,182.88,182.0,182.0,3200.0,584716.0
2024-01-04 13:49:00,182.01,182.5,182.01,182.5,1100.0,206332.0
2024-01-04 13:50:00,182.5,182.68,182.5,182.65,2200.0,399158.0
2024-01-04 13:51:00,182.68,182.8,182.68,182.8,3300.0,599849.0
2024-01-04 13:52:00,182.8,182.8,182.74,182.8,1700.0,322236.0
2024-01-04 13:53:00,182.85,182.85,182.83,182.85,600.0,96905.0
2024-01-04 13:54:00,182.86,182.9,182.86,182.9,1600.0,292265.0
2024-01-04 13:55:00,182.9,182.95,182.9,182.95,1600.0,301661.0
2024-01-04 13:56:00,182.95,183.0,182.95,183.0,300.0,55444.0
2024-01-04 13:57:00,183.31,183.31,182.95,182.95,1600.0,284551.0
2024-01-04 13:58:00,183.0,183.0,182.95,182.95,700.0,137407.0
2024-01-04 13:59:00,182.95,182.95,182.89,182.89,400.0,63468.0
2024-01-04 14:00:00,182.9,182.94,182.89,182.94,600.0,109740.0
2024-01-04 14:01:00,182.87,182.92,182.87,182.92,500.0,100223.0
2024-01-04 14:02:00,183.0,183.0,182.94,182.94,2800.0,499500.0
2024-01-04 14:03:00,182.94,183.3,182.94,183.01,2500.0,466675.0
2024-01-04 14:04:00,183.39,183.39,183.05,183.26,1300.0,229543.0
2024-01-04 14:05:00,183.26,183.26,183.08,183.11,1900.0,350637.0
2024-01-04 14:06:00,183.1,183.26,183.1,183.19,3500.0,649333.0
2024-01-04 14:07:00,183.13,183.19,183.13,183.13,1500.0,266101.0
2024-01-04 14:08:00,183.2,183.46,183.14,183.46,3900.0,715663.0
2024-01-04 14:09:00,183.64,183.64,183.64,183.64,200.0,40217.0
2024-01-04 14:10:00,183.61,183.68,183.6,183.68,2000.0,371105.0
2024-01-04 14:11:00,183.65,183.82,183.65,183.69,3100.0,569167.0
2024-01-04 14:12:00,183.69,184.5,183.69,184.5,4700.0,869543.0
2024-01-04 14:13:00,184.5,184.99,184.5,184.99,2800.0,507524.0
2024-01-04 14:14:00,186.0,186.0,185.89,185.89,2600.0,493715.0
2024-01-04 14:15:00,185.83,185.83,185.16,185.16,1400.0,244646.0
2024-01-04 14:16:00,185.77,185.77,185.39,185.39,2100.0,405953.0
2024-01-04 14:17:00,185.29,185.39,185.06,185.06,4600.0,839203.0
2024-01-04 14:18:00,185.0,185.0,183.82,183.9,3400.0,630967.0
2024-01-04 14:19:00,183.91,183.95,183.91,183.95,1600.0,286734.0
2024-01-04 14:20:00,183.9,183.93,183.6,183.6,5100.0,948714.0
2024-01-04 14:21:00,184.05,184.7,184.05,184.58,4300.0,780132.0
2024-01-04 14:22:00,184.51,184.51,184.05,184.05,1400.0,267631.0
2024-01-04 14:23:00,184.31,184.31,183.62,183.62,2500.0,459359.0
2024-01-04 14:24:00,183.69,184.25,183.66,183.66,1500.0,268034.0
2024-01-04 14:25:00,184.16,184.16,183.75,183.78,1500.0,289369.0
2024-01-04 14:26:00,184.03,184.03,183.75,183.75,1900.0,341142.0
2024-01-04 14:27:00,183.75,183.84,183.74,183.74,2500.0,457635.0
2024-01-04 14:28:00,183.71,183.71,183.66,183.66,3800.0,707062.0
2024-01-04 14:29:00,183.67,183.77,183.62,183.72,4900.0,891529.0
2024-01-04 14:30:00,183.62,183.71,183.62,183.62,2500.0,463627.0
2024-01-04 14:31:00,183.65,183.9,183.62,183.76,2900.0,536879.0
2024-01-04 14:32:00,183.62,183.62,183.3,183.3,2600.0,476354.0
2024-01-04 14:33:00,183.26,183.26,183.12,183.12,1200.0,220369.0
2024-01-04 14:34:00,183.06,183.24,183.06,183.06,4000.0,720763.0
2024-01-04 14:35:00,183.18,183.18,183.02,183.02,3100.0,574510.0
2024-01-04 14:36:00,183.02,183.02,183.0,183.0,3500.0,631016.0
2024-01-04 14:37:00,183.0,183.06,183.0,183.0,2000.0,381567.0
2024-01-04 14:38:00,183.0,183.18,183.0,183.12,2800.0,507318.0
2024-01-04 14:39:00,183.12,183.18,183.12,183.18,2000.0,364844.0
2024-01-04 14:40:00,183.18,183.3,183.18,183.24,2100.0,392308.0
2024-01-04 14:41:00,183.27,183.4,183.23,183.23,2700.0,484207.0
2024-01-04 14:42:00,183.19,183.23,183.06,183.06,2200.0,397476.0
2024-01-04 14:43:00,183.15,183.22,183.04,183.06,3800.0,713416.0
2024-01-04 14:44:00,183.08,184.15,183.08,184.15,4700.0,861426.0
2024-01-04 14:45:00,184.12,184.12,184.06,184.06,1300.0,228087.0
2024-01-04 14:46:00,184.12,184.12,183.99,183.99,1000.0,191234.0
2024-01-04 14:47:00,183.98,184.18,183.81,184.18,4600.0,845151.0
2024-01-04 14:48:00,184.7,184.7,184.58,184.58,1200.0,221572.0
2024-01-04 14:49:00,184.58,184.58,184.2,184.52,1600.0,297215.0
2024-01-04 14:50:00,184.44,184.44,184.2,184.37,3900.0,717895.0
2024-01-04 14:51:00,184.38,184.38,184.25,184.25,2500.0,458094.0
2024-01-04 14:52:00,184.25,184.25,184.22,184.25,1800.0,333459.0
2024-01-04 14:53:00,184.39,184.4,184.39,184.4,900.0,165956.0
2024-01-04 14:54:00,184.22,184.4,184.0,184.25,7000.0,1288566.0
2024-01-04 14:55:00,184.21,184.21,184.04,184.21,1900.0,345743.0
2024-01-04 14:56:00,184.2,184.2,184.1,184.1,2800.0,518739.0
2024-01-04 14:57:00,184.19,184.2,184.05,184.2,3700.0,688370.0
2024-01-04 14:58:00,184.2,184.2,184.2,184.2,0.0,0.0
2024-01-04 14:59:00,184.2,184.2,184.2,184.2,0.0,0.0
2024-01-04 15:00:00,184.2,184.2,184.2,184.2,5400.0,985101.0
2024-01-05 09:31:00,182.0,182.25,179.99,182.22,8500.0,1530231.0
2024-01-05 09:32:00,180.0,181.97,180.0,181.97,900.0,164645.0
2024-01-05 09:33:00,181.8,181.8,180.0,180.01,7800.0,1411881.0
2024-01-05 09:34:00,180.01,181.1,180.01,180.94,5600.0,1013850.0
2024-01-05 09:35:00,180.92,180.92,180.55,180.55,4500.0,811898.0
2024-01-05 09:36:00,180.6,181.06,180.6,181.04,3400.0,619409.0
2024-01-05 09:37:00,181.09,181.7,180.62,180.62,8100.0,1463900.0
2024-01-05 09:38:00,180.62,180.62,180.02,180.48,12500.0,2249620.0
2024-01-05 09:39:00,180.03,180.56,180.03,180.08,6600.0,1193391.0
2024-01-05 09:40:00,180.1,180.56,179.01,179.06,14200.0,2553029.0
2024-01-05 09:41:00,179.14,179.68,179.14,179.2,4300.0,771179.0
2024-01-05 09:42:00,179.07,179.07,177.78,177.78,13200.0,2347773.0
2024-01-05 09:43:00,177.26,178.1,177.26,178.1,10900.0,1948671.0
2024-01-05 09:44:00,178.09,178.1,177.63,177.67,4000.0,704694.0
2024-01-05 09:45:00,177.66,178.34,177.65,177.67,5400.0,965845.0
2024-01-05 09:46:00,177.84,178.17,177.67,177.68,4500.0,796258.0
2024-01-05 09:47:00,177.67,177.68,177.5,177.63,4400.0,772047.0
2024-01-05 09:48:00,177.63,177.63,177.22,177.23,6600.0,1173985.0
2024-01-05 09:49:00,177.22,177.22,175.5,176.19,9100.0,1613981.0
2024-01-05 09:50:00,176.66,176.9,176.21,176.9,14600.0,2577345.0
2024-01-05 09:51:00,177.01,177.37,176.54,176.6,8500.0,1505108.0
2024-01-05 09:52:00,177.1,177.85,176.54,177.85,8200.0,1446462.0
2024-01-05 09:53:00,177.85,177.88,177.25,177.38,2900.0,508929.0
2024-01-05 09:54:00,177.37,177.64,177.17,177.64,9300.0,1659995.0
2024-01-05 09:55:00,177.64,177.8,177.2,177.2,4700.0,831660.0
2024-01-05 09:56:00,177.2,177.5,177.17,177.17,3900.0,683884.0
2024-01-05 09:57:00,177.57,177.61,177.0,177.0,17600.0,3131007.0
2024-01-05 09:58:00,177.0,177.0,176.31,176.31,10300.0,1821584.0
2024-01-05 09:59:00,176.0,176.35,175.2,175.5,12000.0,2107613.0
2024-01-05 10:00:00,175.97,176.63,175.5,176.57,11500.0,2020226.0
2024-01-05 10:01:00,176.57,176.57,175.87,175.99,3700.0,659786.0
2024-01-05 10:02:00,176.28,176.28,176.0,176.0,2300.0,398640.0
2024-01-05 10:03:00,175.95,175.95,175.74,175.74,1500.0,257208.0
2024-01-05 10:04:00,175.73,175.73,175.5,175.5,7500.0,1331986.0
2024-01-05 10:05:00,175.5,175.57,175.36,175.56,2400.0,418291.0
2024-01-05 10:06:00,175.54,175.54,175.3,175.3,5600.0,972171.0
2024-01-05 10:07:00,175.2,175.2,174.0,174.3,13500.0,2358944.0
2024-01-05 10:08:00,174.98,174.98,174.2,174.2,9400.0,1644535.0
2024-01-05 10:09:00,174.2,174.2,173.6,173.62,3500.0,609997.0
2024-01-05 10:10:00,173.91,173.91,172.06,173.01,12700.0,2200527.0
2024-01-05 10:11:00,172.89,173.5,172.89,173.22,11600.0,2014057.0
2024-01-05 10:12:00,173.6,173.91,173.35,173.91,4300.0,740044.0
2024-01-05 10:13:00,173.96,173.99,173.91,173.91,3600.0,626288.0
2024-01-05 10:14:00,173.24,173.63,173.19,173.19,3100.0,540768.0
2024-01-05 10:15:00,173.19,173.19,172.99,173.03,2700.0,458600.0
2024-01-05 10:16:00,172.95,172.95,172.63,172.63,2900.0,498599.0
2024-01-05 10:17:00,172.63,172.63,172.0,172.12,9400.0,1620326.0
2024-01-05 10:18:00,172.12,172.7,171.84,172.18,7100.0,1224506.0
2024-01-05 10:19:00,172.18,172.3,172.18,172.3,3900.0,673696.0
2024-01-05 10:20:00,172.3,172.89,172.3,172.55,3900.0,668113.0
2024-01-05 10:21:00,172.89,173.22,172.89,173.1,3900.0,678733.0
2024-01-05 10:22:00,173.03,173.1,173.01,173.02,6800.0,1172353.0
2024-01-05 10:23:00,173.01,173.1,172.3,172.3,16700.0,2890808.0
2024-01-05 10:24:00,172.35,172.35,172.18,172.25,3700.0,643325.0
2024-01-05 10:25:00,172.18,172.3,172.18,172.3,5000.0,864266.0
2024-01-05 10:26:00,172.28,173.22,172.28,173.1,9100.0,1570973.0
2024-01-05 10:27:00,173.0,173.0,172.36,172.62,5700.0,987581.0
2024-01-05 10:28:00,172.62,173.22,172.55,172.87,6600.0,1130973.0
2024-01-05 10:29:00,172.86,173.09,172.6,172.6,6900.0,1206603.0
2024-01-05 10:30:00,172.77,172.77,172.55,172.58,5600.0,965854.0
2024-01-05 10:31:00,172.58,172.59,172.27,172.27,5600.0,959439.0
2024-01-05 10:32:00,172.3,172.3,171.8,171.8,6600.0,1131976.0
2024-01-05 10:33:00,171.75,171.8,171.5,171.5,5900.0,1015079.0
2024-01-05 10:34:00,171.75,171.75,170.67,170.86,8800.0,1512068.0
2024-01-05 10:35:00,170.86,171.43,170.32,171.43,11600.0,1969057.0
2024-01-05 10:36:00,170.53,171.35,170.53,171.31,8800.0,1509617.0
2024-01-05 10:37:00,171.29,171.31,170.55,170.56,9300.0,1586963.0
2024-01-05 10:38:00,170.56,171.39,170.54,171.39,9400.0,1608886.0
2024-01-05 10:39:00,170.9,170.9,170.64,170.72,5000.0,855839.0
2024-01-05 10:40:00,170.64,170.64,170.12,170.2,7300.0,1229465.0
2024-01-05 10:41:00,170.13,171.48,170.13,170.55,11200.0,1927660.0
2024-01-05 10:42:00,171.47,171.47,170.6,170.63,3900.0,656415.0
2024-01-05 10:43:00,170.62,170.62,170.5,170.51,4200.0,716563.0
2024-01-05 10:44:00,170.51,170.51,169.6,169.6,25000.0,4260462.0
2024-01-05 10:45:00,169.01,169.8,168.88,168.88,14200.0,2387463.0
2024-01-05 10:46:00,168.9,169.0,168.0,168.16,21000.0,3557727.0
2024-01-05 10:47:00,168.16,169.0,168.16,168.85,7900.0,1332014.0
2024-01-05 10:48:00,168.85,168.85,168.28,168.28,7800.0,1311669.0
2024-01-05 10:49:00,168.28,169.0,168.28,168.44,7500.0,1254161.0
2024-01-05 10:50:00,168.44,169.52,168.4,168.4,8500.0,1443438.0
2024-01-05 10:51:00,168.28,168.44,167.1,167.12,18100.0,3031729.0
2024-01-05 10:52:00,167.09,167.5,167.0,167.1,10500.0,1764395.0
2024-01-05 10:53:00,167.1,167.1,166.01,166.01,20200.0,3363778.0
2024-01-05 10:54:00,166.13,166.19,165.43,166.19,13100.0,2183324.0
2024-01-05 10:55:00,166.16,167.6,166.13,167.6,16000.0,2665766.0
2024-01-05 10:56:00,167.21,167.9,167.16,167.29,14100.0,2363841.0
2024-01-05 10:57:00,167.0,167.57,166.66,166.77,19300.0,3221978.0
2024-01-05 10:58:00,166.57,166.65,166.0,166.13,24000.0,3978714.0
2024-01-05 10:59:00,166.13,166.69,166.0,166.21,9100.0,1523464.0
2024-01-05 11:00:00,166.65,166.65,166.01,166.01,9500.0,1572616.0
2024-01-05 11:01:00,166.0,166.26,165.6,165.6,12800.0,2118673.0
2024-01-05 11:02:00,165.51,165.58,165.06,165.1,14300.0,2375278.0
2024-01-05 11:03:00,165.22,165.51,165.0,165.02,30800.0,5084700.0
2024-01-05 11:04:00,165.07,165.51,165.01,165.51,5700.0,937816.0
2024-01-05 11:05:00,165.58,166.7,165.57,166.7,12200.0,2033805.0
2024-01-05 11:06:00,166.7,167.4,166.5,167.4,7900.0,1318129.0
2024-01-05 11:07:00,167.85,167.87,166.5,166.5,13500.0,2246731.0
2024-01-05 11:08:00,167.38,167.38,166.85,166.85,6100.0,1020982.0
2024-01-05 11:09:00,166.5,166.5,166.31,166.31,2300.0,393325.0
2024-01-05 11:10:00,166.31,166.31,166.0,166.11,3200.0,522578.0
2024-01-05 11:11:00,166.0,166.0,165.1,165.5,3400.0,564468.0
2024-01-05 11:12:00,165.54,166.0,165.17,165.99,11300.0,1869423.0
2024-01-05 11:13:00,165.99,166.4,165.99,166.4,4700.0,781296.0
2024-01-05 11:14:00,165.99,166.81,165.99,166.0,8300.0,1389544.0
2024-01-05 11:15:00,165.99,166.1,165.99,166.1,3700.0,609661.0
2024-01-05 11:16:00,166.72,166.93,166.11,166.45,3000.0,505851.0
2024-01-05 11:17:00,166.93,166.97,166.53,166.57,7800.0,1288185.0
2024-01-05 11:18:00,166.95,167.4,166.76,166.77,6900.0,1154370.0
2024-01-05 11:19:00,167.39,167.65,166.6,166.65,6100.0,1018562.0
2024-01-05 11:20:00,167.63,167.67,166.63,167.67,10200.0,1710502.0
2024-01-05 11:21:00,167.68,169.6,167.67,168.66,12700.0,2137356.0
2024-01-05 11:22:00,169.6,170.53,169.5,170.53,10000.0,1694610.0
2024-01-05 11:23:00,170.56,170.56,170.0,170.11,13900.0,2367800.0
2024-01-05 11:24:00,170.39,170.56,170.05,170.05,7000.0,1200173.0
2024-01-05 11:25:00,170.15,170.56,170.0,170.01,8300.0,1406250.0
2024-01-05 11:26:00,170.55,170.56,167.89,167.89,11700.0,1986114.0
2024-01-05 11:27:00,168.99,170.2,167.9,169.53,17300.0,2930148.0
2024-01-05 11:28:00,170.2,170.55,169.6,169.6,9700.0,1650460.0
2024-01-05 11:29:00,169.12,169.98,168.51,168.51,2300.0,386682.0
2024-01-05 11:30:00,169.53,169.99,169.53,169.99,900.0,162558.0
2024-01-05 13:01:00,170.0,170.88,170.0,170.88,4000.0,681348.0
2024-01-05 13:02:00,170.09,170.76,169.99,169.99,1700.0,284854.0
2024-01-05 13:03:00,169.99,169.99,169.99,169.99,700.0,127495.0
2024-01-05 13:04:00,169.99,169.99,169.53,169.55,4700.0,792738.0
2024-01-05 13:05:00,169.55,170.0,169.55,170.0,900.0,146582.0
2024-01-05 13:06:00,169.55,170.0,169.0,170.0,1000.0,173827.0
2024-01-05 13:07:00,170.0,170.0,170.0,170.0,0.0,0.0
2024-01-05 13:08:00,169.06,169.06,169.06,169.06,500.0,89607.0
2024-01-05 13:09:00,169.08,169.08,169.07,169.07,800.0,122580.0
2024-01-05 13:10:00,169.96,169.97,169.96,169.97,1300.0,223840.0
2024-01-05 13:11:00,169.99,170.0,169.99,170.0,800.0,141598.0
2024-01-05 13:12:00,170.78,170.87,170.16,170.87,900.0,146441.0
2024-01-05 13:13:00,170.87,170.98,170.87,170.98,3200.0,553583.0
2024-01-05 13:14:00,170.98,171.59,170.41,171.5,3100.0,532017.0
2024-01-05 13:15:00,171.5,171.5,170.5,170.5,3000.0,506138.0
2024-01-05 13:16:00,170.5,170.5,170.5,170.5,600.0,102300.0
2024-01-05 13:17:00,170.8,170.8,170.5,170.5,900.0,165388.0
2024-01-05 13:18:00,171.0,171.14,171.0,171.14,1400.0,229026.0
2024-01-05 13:19:00,171.22,171.47,171.22,171.47,1300.0,216761.0
2024-01-05 13:20:00,171.49,171.49,171.0,171.0,4000.0,698896.0
2024-01-05 13:21:00,170.78,170.78,170.78,170.78,1100.0,189811.0
2024-01-05 13:22:00,170.78,170.78,170.78,170.78,700.0,108275.0
2024-01-05 13:23:00,170.78,170.78,170.05,170.06,1500.0,263821.0
2024-01-05 13:24:00,170.1,170.77,170.03,170.7,2100.0,353050.0
2024-01-05 13:25:00,170.71,170.72,170.65,170.65,2200.0,367396.0
2024-01-05 13:26:00,170.1,170.65,170.03,170.65,600.0,105903.0
2024-01-05 13:27:00,170.64,170.64,170.06,170.06,400.0,68140.0
2024-01-05 13:28:00,170.1,170.66,170.1,170.66,600.0,110757.0
2024-01-05 13:29:00,170.05,170.05,170.05,170.05,200.0,34015.0
2024-01-05 13:30:00,170.13,171.3,170.13,171.3,5200.0,888889.0
2024-01-05 13:31:00,171.3,171.57,171.3,171.5,4000.0,678480.0
2024-01-05 13:32:00,171.58,171.6,171.57,171.59,2900.0,504124.0
2024-01-05 13:33:00,171.61,171.63,171.61,171.62,2900.0,497694.0
2024-01-05 13:34:00,171.58,171.58,171.22,171.22,2900.0,491167.0
2024-01-05 13:35:00,171.3,171.62,171.3,171.6,1700.0,298408.0
2024-01-05 13:36:00,171.63,171.63,171.62,171.63,1700.0,287988.0
2024-01-05 13:37:00,171.62,171.62,171.32,171.62,2600.0,447340.0
2024-01-05 13:38:00,172.27,172.27,172.26,172.27,1200.0,198688.0
2024-01-05 13:39:00,172.28,173.92,172.28,173.92,2100.0,373722.0
2024-01-05 13:40:00,173.63,174.54,173.36,173.36,4800.0,829722.0
2024-01-05 13:41:00,173.5,173.8,173.5,173.51,3700.0,647523.0
2024-01-05 13:42:00,173.8,174.39,173.55,174.38,5700.0,981840.0
2024-01-05 13:43:00,174.3,174.44,173.87,174.44,6700.0,1167571.0
2024-01-05 13:44:00,174.44,174.44,173.78,173.8,2100.0,364986.0
2024-01-05 13:45:00,173.8,173.8,173.08,173.53,6900.0,1204169.0
2024-01-05 13:46:00,173.5,173.78,173.5,173.78,2800.0,492211.0
2024-01-05 13:47:00,173.77,174.27,173.77,174.27,2100.0,365684.0
2024-01-05 13:48:00,174.3,174.77,174.3,174.74,2200.0,371574.0
2024-01-05 13:49:00,174.67,174.67,174.3,174.6,2300.0,399272.0
2024-01-05 13:50:00,174.59,174.64,174.3,174.3,2800.0,495075.0
2024-01-05 13:51:00,174.62,174.63,174.3,174.42,4600.0,795459.0
2024-01-05 13:52:00,174.61,175.6,174.6,175.6,5900.0,1034877.0
2024-01-05 13:53:00,175.6,176.79,175.6,176.49,8100.0,1428054.0
2024-01-05 13:54:00,176.46,176.47,175.6,176.19,7100.0,1260840.0
2024-01-05 13:55:00,176.19,176.19,175.6,175.6,2000.0,354854.0
2024-01-05 13:56:00,175.61,176.19,175.61,175.99,2200.0,384680.0
2024-01-05 13:57:00,175.91,175.91,175.01,175.89,3100.0,543454.0
2024-01-05 13:58:00,175.89,175.89,175.88,175.88,1300.0,232446.0
2024-01-05 13:59:00,175.02,175.77,175.02,175.77,1300.0,225813.0
2024-01-05 14:00:00,175.69,175.69,175.68,175.69,2300.0,397054.0
2024-01-05 14:01:00,175.7,175.7,175.25,175.69,1200.0,210922.0
2024-01-05 14:02:00,175.6,175.7,175.59,175.59,1800.0,316777.0
2024-01-05 14:03:00,175.31,175.77,175.31,175.77,1300.0,232427.0
2024-01-05 14:04:00,175.87,176.5,175.87,176.5,4000.0,701412.0
2024-01-05 14:05:00,176.5,176.5,176.44,176.44,1800.0,318207.0
2024-01-05 14:06:00,176.5,176.5,176.2,176.5,1700.0,300395.0
2024-01-05 14:07:00,176.2,176.5,176.2,176.5,1200.0,204558.0
2024-01-05 14:08:00,176.49,176.49,176.09,176.09,1100.0,192099.0
2024-01-05 14:09:00,176.48,176.66,176.47,176.66,2000.0,359661.0
2024-01-05 14:10:00,176.66,176.66,176.66,176.66,400.0,75788.0
2024-01-05 14:11:00,176.65,176.65,176.17,176.62,1700.0,292533.0
2024-01-05 14:12:00,176.6,176.6,176.17,176.6,2300.0,415717.0
2024-01-05 14:13:00,176.5,176.6,176.5,176.6,3800.0,660968.0
2024-01-05 14:14:00,176.62,176.62,176.59,176.59,2200.0,388005.0
2024-01-05 14:15:00,176.35,176.35,176.08,176.09,6500.0,1142627.0
2024-01-05 14:16:00,176.08,176.08,175.5,175.5,2200.0,385600.0
2024-01-05 14:17:00,175.5,175.5,175.03,175.48,3700.0,656971.0
2024-01-05 14:18:00,175.01,175.02,175.01,175.01,4100.0,722810.0
2024-01-05 14:19:00,175.02,175.02,174.31,174.31,4200.0,725320.0
2024-01-05 14:20:00,174.45,174.47,174.0,174.0,3400.0,586897.0
2024-01-05 14:21:00,173.93,174.95,173.83,174.38,10700.0,1870428.0
2024-01-05 14:22:00,174.3,174.49,174.3,174.38,1500.0,256157.0
2024-01-05 14:23:00,174.42,174.42,174.12,174.12,2300.0,410585.0
2024-01-05 14:24:00,174.12,174.12,174.12,174.12,0.0,0.0
2024-01-05 14:25:00,174.0,174.12,174.0,174.12,1500.0,250776.0
2024-01-05 14:26:00,174.36,174.38,174.36,174.38,1300.0,234000.0
2024-01-05 14:27:00,173.9,174.37,173.9,173.91,3400.0,596087.0
2024-01-05 14:28:00,173.91,174.38,173.91,174.38,1400.0,239064.0
2024-01-05 14:29:00,174.2,174.2,174.2,174.2,400.0,64629.0
2024-01-05 14:30:00,174.49,174.5,174.49,174.5,2000.0,356776.0
2024-01-05 14:31:00,174.49,174.5,174.49,174.5,1600.0,275975.0
2024-01-05 14:32:00,174.42,174.42,174.4,174.4,1000.0,164290.0
2024-01-05 14:33:00,174.34,174.88,174.33,174.88,2400.0,428067.0
2024-01-05 14:34:00,174.88,174.88,174.8,174.87,1200.0,209116.0
2024-01-05 14:35:00,174.87,174.87,174.85,174.85,600.0,110510.0
2024-01-05 14:36:00,174.83,175.44,174.83,175.44,3100.0,539960.0
2024-01-05 14:37:00,175.42,175.42,174.0,174.8,12600.0,2188237.0
2024-01-05 14:38:00,174.99,175.0,174.02,174.84,1900.0,338144.0
2024-01-05 14:39:00,174.84,175.4,174.84,175.4,3900.0,684714.0
2024-01-05 14:40:00,175.5,175.5,175.5,175.5,700.0,118790.0
2024-01-05 14:41:00,175.5,175.5,175.04,175.39,1700.0,294731.0
2024-01-05 14:42:00,175.39,175.48,175.38,175.38,2900.0,513207.0
2024-01-05 14:43:00,175.49,175.5,175.0,175.0,4500.0,785579.0
2024-01-05 14:44:00,174.4,174.99,174.4,174.5,1800.0,314126.0
2024-01-05 14:45:00,174.99,174.99,174.5,174.5,500.0,83509.0
2024-01-05 14:46:00,175.0,175.3,175.0,175.3,300.0,50285.0
2024-01-05 14:47:00,175.01,175.35,175.01,175.2,1100.0,207885.0
2024-01-05 14:48:00,175.01,175.35,175.0,175.0,2400.0,407763.0
2024-01-05 14:49:00,175.0,175.0,174.6,174.6,800.0,146043.0
2024-01-05 14:50:00,174.6,174.6,174.6,174.6,0.0,0.0
2024-01-05 14:51:00,175.0,175.25,175.0,175.25,1400.0,243133.0
2024-01-05 14:52:00,175.34,175.4,175.25,175.36,1800.0,317870.0
2024-01-05 14:53:00,175.36,176.0,175.36,175.8,6800.0,1194635.0
2024-01-05 14:54:00,175.8,176.5,175.8,176.5,7600.0,1339590.0
2024-01-05 14:55:00,176.59,177.0,176.59,177.0,10300.0,1818729.0
2024-01-05 14:56:00,177.0,179.0,177.0,177.99,11500.0,2055085.0
2024-01-05 14:57:00,178.01,179.99,178.0,179.44,9300.0,1653657.0
2024-01-05 14:58:00,179.44,179.44,179.44,179.44,0.0,0.0
2024-01-05 14:59:00,179.44,179.44,179.44,179.44,0.0,0.0
2024-01-05 15:00:00,179.22,179.22,179.22,179.22,3700.0,668849.0
2024-01-08 09:31:00,174.03,174.07,170.11,171.01,21600.0,3722694.0
2024-01-08 09:32:00,171.02,171.43,170.12,171.43,14900.0,2555559.0
2024-01-08 09:33:00,171.5,173.57,171.48,172.2,7800.0,1331829.0
2024-01-08 09:34:00,172.61,172.61,171.0,171.0,16100.0,2763979.0
2024-01-08 09:35:00,171.05,171.67,170.66,170.66,11400.0,1963529.0
2024-01-08 09:36:00,170.59,170.94,170.12,170.94,8300.0,1412213.0
2024-01-08 09:37:00,171.01,171.02,170.6,170.8,4600.0,779245.0
2024-01-08 09:38:00,170.86,170.86,168.88,169.0,15700.0,2681897.0
2024-01-08 09:39:00,169.07,169.08,168.11,168.11,10200.0,1715909.0
2024-01-08 09:40:00,168.28,169.28,168.28,169.0,8400.0,1415912.0
2024-01-08 09:41:00,169.28,169.4,168.11,168.11,7000.0,1185368.0
2024-01-08 09:42:00,168.62,169.31,168.62,169.31,9900.0,1676048.0
2024-01-08 09:43:00,169.5,169.5,168.22,168.85,6000.0,1014782.0
2024-01-08 09:44:00,168.32,168.85,168.02,168.14,9300.0,1552025.0
2024-01-08 09:45:00,168.13,168.88,168.01,168.58,5500.0,931145.0
2024-01-08 09:46:00,168.88,168.88,168.06,168.24,6300.0,1061587.0
2024-01-08 09:47:00,168.24,168.24,167.2,167.78,20800.0,3492269.0
2024-01-08 09:48:00,167.51,167.51,166.6,166.61,10700.0,1784321.0
2024-01-08 09:49:00,166.7,167.43,166.66,167.43,10000.0,1674146.0
2024-01-08 09:50:00,167.39,167.83,167.39,167.83,1700.0,282420.0
2024-01-08 09:51:00,167.06,167.55,167.0,167.45,8100.0,1366976.0
2024-01-08 09:52:00,167.45,167.45,167.02,167.1,4700.0,782414.0
2024-01-08 09:53:00,167.01,167.01,166.21,166.64,12700.0,2119101.0
2024-01-08 09:54:00,166.2,166.2,165.55,166.2,17800.0,2947734.0
2024-01-08 09:55:00,165.85,165.86,165.24,165.52,11600.0,1916013.0
2024-01-08 09:56:00,165.6,165.93,165.22,165.59,15300.0,2533036.0
2024-01-08 09:57:00,165.79,166.0,165.22,165.8,14800.0,2456712.0
2024-01-08 09:58:00,165.6,165.6,165.0,165.24,13900.0,2294119.0
2024-01-08 09:59:00,165.2,165.65,165.0,165.55,13200.0,2171822.0
2024-01-08 10:00:00,165.02,165.1,164.1,164.9,16000.0,2647168.0
2024-01-08 10:01:00,164.19,165.51,164.19,165.46,6000.0,992939.0
2024-01-08 10:02:00,164.95,165.01,164.5,164.5,5200.0,856799.0
2024-01-08 10:03:00,164.45,164.58,164.45,164.58,7200.0,1172515.0
2024-01-08 10:04:00,165.01,166.33,164.96,166.32,5600.0,934823.0
2024-01-08 10:05:00,165.57,166.22,165.3,166.22,13800.0,2273196.0
2024-01-08 10:06:00,166.22,166.22,165.92,165.92,3200.0,541301.0
2024-01-08 10:07:00,165.56,165.9,165.56,165.89,4600.0,752765.0
2024-01-08 10:08:00,165.6,165.6,164.59,164.59,9000.0,1492919.0
2024-01-08 10:09:00,164.59,165.73,164.59,165.73,1600.0,270426.0
2024-01-08 10:10:00,165.0,165.01,164.8,164.8,10900.0,1792675.0
2024-01-08 10:11:00,164.8,164.9,164.66,164.66,3000.0,501920.0
2024-01-08 10:12:00,164.59,164.59,164.0,164.0,12900.0,2108865.0
2024-01-08 10:13:00,164.0,164.49,164.0,164.49,3400.0,555178.0
2024-01-08 10:14:00,164.5,164.58,164.12,164.12,3200.0,524650.0
2024-01-08 10:15:00,164.0,164.65,164.0,164.65,3500.0,588610.0
2024-01-08 10:16:00,164.66,164.66,164.52,164.52,500.0,77197.0
2024-01-08 10:17:00,164.52,164.86,164.52,164.86,800.0,133569.0
2024-01-08 10:18:00,165.07,165.07,164.52,164.52,800.0,131828.0
2024-01-08 10:19:00,164.99,165.3,164.99,165.3,1500.0,244613.0
2024-01-08 10:20:00,165.07,165.69,165.07,165.68,1600.0,264924.0
2024-01-08 10:21:00,166.0,166.07,165.31,165.91,2000.0,331722.0
2024-01-08 10:22:00,166.02,166.02,165.6,165.68,1300.0,221736.0
2024-01-08 10:23:00,165.6,165.6,165.59,165.59,700.0,115918.0
2024-01-08 10:24:00,165.59,165.59,165.31,165.59,6900.0,1129446.0
2024-01-08 10:25:00,165.68,166.11,165.68,166.11,1500.0,251499.0
2024-01-08 10:26:00,165.68,165.88,165.68,165.84,700.0,121535.0
2024-01-08 10:27:00,165.82,165.82,165.82,165.82,200.0,33164.0
2024-01-08 10:28:00,165.83,165.83,165.82,165.82,400.0,66330.0
2024-01-08 10:29:00,165.88,166.15,165.88,166.15,400.0,61759.0
2024-01-08 10:30:00,166.19,166.19,166.19,166.19,200.0,33238.0
2024-01-08 10:31:00,166.2,167.21,166.2,167.21,3100.0,512566.0
2024-01-08 10:32:00,167.21,167.52,166.98,167.52,1900.0,316754.0
2024-01-08 10:33:00,167.52,167.52,166.29,166.29,1100.0,183535.0
2024-01-08 10:34:00,167.11,167.11,167.11,167.11,200.0,33422.0
2024-01-08 10:35:00,166.99,167.11,166.32,166.32,4400.0,734211.0
2024-01-08 10:36:00,166.41,166.72,166.41,166.41,3000.0,510330.0
2024-01-08 10:37:00,166.55,166.57,166.55,166.57,800.0,133248.0
2024-01-08 10:38:00,166.55,167.0,166.55,167.0,1100.0,183433.0
2024-01-08 10:39:00,167.24,167.24,166.5,166.5,6100.0,1020167.0
2024-01-08 10:40:00,166.5,166.5,166.5,166.5,300.0,46620.0
2024-01-08 10:41:00,166.66,166.66,165.51,165.51,6800.0,1131707.0
2024-01-08 10:42:00,165.65,165.65,165.65,165.65,200.0,33130.0
2024-01-08 10:43:00,165.65,165.65,165.65,165.65,0.0,0.0
2024-01-08 10:44:00,165.66,166.3,165.66,166.3,300.0,54299.0
2024-01-08 10:45:00,166.3,166.3,166.3,166.3,200.0,33260.0
2024-01-08 10:46:00,165.66,166.25,165.66,166.25,1200.0,194904.0
2024-01-08 10:47:00,166.25,166.25,166.25,166.25,0.0,0.0
2024-01-08 10:48:00,165.8,165.8,165.58,165.58,3300.0,546750.0
2024-01-08 10:49:00,165.61,165.89,165.6,165.6,3400.0,563131.0
2024-01-08 10:50:00,165.58,165.58,165.58,165.58,400.0,66295.0
2024-01-08 10:51:00,165.86,165.86,165.86,165.86,400.0,66344.0
2024-01-08 10:52:00,165.86,166.93,165.86,165.86,1300.0,219003.0
2024-01-08 10:53:00,166.1,166.51,166.1,166.51,800.0,132968.0
2024-01-08 10:54:00,165.89,165.91,165.89,165.91,1600.0,257302.0
2024-01-08 10:55:00,165.91,165.91,165.91,165.91,0.0,0.0
2024-01-08 10:56:00,165.9,165.9,165.58,165.61,2500.0,411355.0
2024-01-08 10:57:00,165.66,166.11,165.66,166.11,800.0,132798.0
2024-01-08 10:58:00,166.11,166.11,166.11,166.11,0.0,0.0
2024-01-08 10:59:00,166.11,166.11,166.11,166.11,300.0,49833.0
2024-01-08 11:00:00,166.11,166.11,166.11,166.11,0.0,0.0
2024-01-08 11:01:00,166.11,166.11,166.11,166.11,200.0,33222.0
2024-01-08 11:02:00,165.8,165.8,165.8,165.8,200.0,33160.0
2024-01-08 11:03:00,165.8,165.8,165.8,165.8,0.0,0.0
2024-01-08 11:04:00,165.8,165.8,165.78,165.78,1000.0,165796.0
2024-01-08 11:05:00,165.8,165.8,165.8,165.8,200.0,33160.0
2024-01-08 11:06:00,165.8,165.8,165.8,165.8,200.0,45429.0
2024-01-08 11:07:00,165.8,165.8,165.8,165.8,0.0,0.0
2024-01-08 11:08:00,165.98,165.98,165.8,165.8,2000.0,319908.0
2024-01-08 11:09:00,165.8,165.8,165.51,165.51,900.0,150869.0
2024-01-08 11:10:00,165.51,165.51,165.3,165.3,500.0,86334.0
2024-01-08 11:11:00,165.3,165.3,165.21,165.3,1600.0,260645.0
2024-01-08 11:12:00,165.68,165.68,165.68,165.68,300.0,56663.0
2024-01-08 11:13:00,165.82,166.56,165.82,166.56,2500.0,415674.0
2024-01-08 11:14:00,166.69,166.69,165.38,166.0,6100.0,1003791.0
2024-01-08 11:15:00,165.5,165.5,165.5,165.5,1000.0,167461.0
2024-01-08 11:16:00,166.34,166.38,166.34,166.38,600.0,99724.0
2024-01-08 11:17:00,166.41,166.9,166.41,166.63,1500.0,263229.0
2024-01-08 11:18:00,167.05,167.05,167.05,167.05,200.0,33410.0
2024-01-08 11:19:00,167.06,167.24,166.41,167.04,3200.0,524589.0
2024-01-08 11:20:00,167.2,167.2,166.41,166.41,12200.0,2037163.0
2024-01-08 11:21:00,167.09,167.28,167.09,167.28,1400.0,234099.0
2024-01-08 11:22:00,167.3,168.5,167.3,167.37,7100.0,1188734.0
2024-01-08 11:23:00,167.98,167.98,167.03,167.64,1500.0,251506.0
2024-01-08 11:24:00,167.64,167.64,167.64,167.64,100.0,23972.0
2024-01-08 11:25:00,167.59,167.59,167.22,167.22,1300.0,214009.0
2024-01-08 11:26:00,167.0,167.0,167.0,167.0,200.0,33400.0
2024-01-08 11:27:00,167.4,167.4,166.69,166.69,1600.0,267474.0
2024-01-08 11:28:00,166.32,167.1,166.32,166.94,1200.0,201666.0
2024-01-08 11:29:00,167.09,167.26,167.09,167.26,800.0,130367.0
2024-01-08 11:30:00,166.22,167.19,166.19,167.19,1300.0,216488.0
2024-01-08 13:01:00,167.0,167.0,167.0,167.0,400.0,66800.0
2024-01-08 13:02:00,166.05,166.05,165.99,165.99,1500.0,248849.0
2024-01-08 13:03:00,165.98,166.01,165.98,166.01,1500.0,244186.0
2024-01-08 13:04:00,165.98,165.98,165.98,165.98,1600.0,265568.0
2024-01-08 13:05:00,166.4,166.53,166.4,166.53,600.0,99876.0
2024-01-08 13:06:00,166.95,166.95,166.95,166.95,400.0,69198.0
2024-01-08 13:07:00,166.98,166.98,166.98,166.98,200.0,33396.0
2024-01-08 13:08:00,166.92,166.92,166.92,166.92,1000.0,166920.0
2024-01-08 13:09:00,166.6,166.6,166.6,166.6,400.0,66640.0
2024-01-08 13:10:00,166.6,166.6,166.6,166.6,0.0,0.0
2024-01-08 13:11:00,166.6,166.6,166.6,166.6,100.0,22491.0
2024-01-08 13:12:00,166.6,166.6,166.6,166.6,0.0,0.0
2024-01-08 13:13:00,167.0,167.0,167.0,167.0,700.0,122242.0
2024-01-08 13:14:00,166.63,166.63,166.63,166.63,400.0,66652.0
2024-01-08 13:15:00,166.65,166.65,166.65,166.65,400.0,66660.0
2024-01-08 13:16:00,166.6,166.6,166.6,166.6,600.0,94799.0
2024-01-08 13:17:00,166.6,166.6,166.6,166.6,0.0,0.0
2024-01-08 13:18:00,166.28,166.28,166.0,166.0,1900.0,310265.0
2024-01-08 13:19:00,165.7,165.7,165.1,165.1,7200.0,1202403.0
2024-01-08 13:20:00,165.08,165.08,165.08,165.08,1200.0,192071.0
2024-01-08 13:21:00,165.54,166.16,165.54,165.54,700.0,112689.0
2024-01-08 13:22:00,165.54,165.54,165.54,165.54,500.0,88564.0
2024-01-08 13:23:00,165.55,166.1,165.53,165.53,2400.0,391011.0
2024-01-08 13:24:00,165.49,165.49,165.49,165.49,600.0,104921.0
2024-01-08 13:25:00,165.49,165.49,165.49,165.49,0.0,0.0
2024-01-08 13:26:00,165.49,165.49,165.49,165.49,0.0,0.0
2024-01-08 13:27:00,165.1,165.1,164.6,164.6,4500.0,732176.0
2024-01-08 13:28:00,164.4,164.6,164.4,164.6,300.0,64804.0
2024-01-08 13:29:00,164.49,164.49,164.44,164.44,1100.0,165878.0
2024-01-08 13:30:00,164.78,164.78,164.44,164.5,900.0,159756.0
2024-01-08 13:31:00,164.89,164.89,164.89,164.89,200.0,32978.0
2024-01-08 13:32:00,165.64,165.64,165.64,165.64,400.0,66238.0
2024-01-08 13:33:00,165.6,165.63,165.6,165.62,1100.0,179862.0
2024-01-08 13:34:00,165.62,165.62,165.62,165.62,300.0,43061.0
2024-01-08 13:35:00,165.62,165.62,165.62,165.62,0.0,0.0
2024-01-08 13:36:00,165.62,165.62,165.62,165.62,0.0,0.0
2024-01-08 13:37:00,166.24,166.24,166.0,166.0,1700.0,282324.0
2024-01-08 13:38:00,166.78,166.78,166.78,166.78,900.0,149781.0
2024-01-08 13:39:00,166.94,166.94,166.94,166.94,200.0,33388.0
2024-01-08 13:40:00,166.86,166.93,166.36,166.36,1200.0,210015.0
2024-01-08 13:41:00,166.36,166.36,166.22,166.22,3500.0,575167.0
2024-01-08 13:42:00,166.19,166.19,166.1,166.1,1700.0,281622.0
2024-01-08 13:43:00,166.1,166.1,166.1,166.1,0.0,0.0
2024-01-08 13:44:00,165.52,165.52,165.52,165.52,300.0,49656.0
2024-01-08 13:45:00,165.52,165.52,165.52,165.52,300.0,58097.0
2024-01-08 13:46:00,166.0,166.0,165.99,165.99,700.0,110221.0
2024-01-08 13:47:00,165.98,165.98,165.98,165.98,200.0,33196.0
2024-01-08 13:48:00,165.59,165.59,165.52,165.52,6200.0,1019870.0
2024-01-08 13:49:00,165.55,165.55,165.5,165.5,600.0,103293.0
2024-01-08 13:50:00,165.5,165.55,165.5,165.55,600.0,95849.0
2024-01-08 13:51:00,165.56,165.56,165.5,165.5,1400.0,240830.0
2024-01-08 13:52:00,165.5,165.5,165.5,165.5,200.0,37899.0
2024-01-08 13:53:00,165.38,165.38,165.38,165.38,200.0,33076.0
2024-01-08 13:54:00,165.53,165.54,165.53,165.54,900.0,141534.0
2024-01-08 13:55:00,165.55,165.55,165.55,165.55,200.0,38738.0
2024-01-08 13:56:00,165.0,165.0,164.66,164.66,3500.0,568725.0
2024-01-08 13:57:00,164.65,164.66,164.65,164.66,900.0,148206.0
2024-01-08 13:58:00,164.48,164.5,164.48,164.5,17200.0,2825205.0
2024-01-08 13:59:00,164.49,164.5,164.49,164.5,1800.0,299711.0
2024-01-08 14:00:00,164.49,164.5,164.49,164.5,2300.0,376044.0
2024-01-08 14:01:00,164.5,164.5,164.41,164.41,1500.0,255774.0
2024-01-08 14:02:00,164.41,164.41,164.02,164.02,5800.0,948919.0
2024-01-08 14:03:00,164.07,164.07,164.07,164.07,7100.0,1163156.0
2024-01-08 14:04:00,164.07,164.08,164.07,164.08,5200.0,861738.0
2024-01-08 14:05:00,164.22,164.28,164.22,164.28,5100.0,833329.0
2024-01-08 14:06:00,164.48,164.48,164.48,164.48,200.0,32896.0
2024-01-08 14:07:00,164.49,164.8,164.49,164.8,400.0,65858.0
2024-01-08 14:08:00,164.75,164.77,164.75,164.77,500.0,82379.0
2024-01-08 14:09:00,165.41,165.41,165.33,165.4,2400.0,396856.0
2024-01-08 14:10:00,165.4,165.95,165.4,165.95,500.0,82810.0
2024-01-08 14:11:00,165.97,165.97,164.84,164.84,1800.0,302495.0
2024-01-08 14:12:00,164.48,164.48,164.1,164.12,5400.0,881176.0
2024-01-08 14:13:00,164.12,164.12,164.12,164.12,0.0,0.0
2024-01-08 14:14:00,164.15,164.15,164.0,164.0,9900.0,1630376.0
2024-01-08 14:15:00,163.81,163.98,163.66,163.68,3700.0,596096.0
2024-01-08 14:16:00,163.68,163.68,163.16,163.16,5900.0,971621.0
2024-01-08 14:17:00,163.16,163.22,163.16,163.22,3900.0,634243.0
2024-01-08 14:18:00,163.52,163.57,163.52,163.57,1600.0,261670.0
2024-01-08 14:19:00,163.66,163.8,163.66,163.8,3900.0,636732.0
2024-01-08 14:20:00,163.91,163.91,163.91,163.91,1300.0,213081.0
2024-01-08 14:21:00,163.91,164.0,163.91,164.0,600.0,98364.0
2024-01-08 14:22:00,164.04,164.04,164.04,164.04,200.0,32808.0
2024-01-08 14:23:00,164.04,164.04,164.04,164.04,0.0,0.0
2024-01-08 14:24:00,164.0,164.03,164.0,164.03,800.0,124482.0
2024-01-08 14:25:00,164.22,164.22,164.22,164.22,1000.0,164382.0
2024-01-08 14:26:00,164.23,164.23,164.23,164.23,600.0,98545.0
2024-01-08 14:27:00,164.84,164.84,164.83,164.83,700.0,119008.0
2024-01-08 14:28:00,164.84,165.84,164.82,165.84,6600.0,1097155.0
2024-01-08 14:29:00,165.79,165.79,165.69,165.69,2100.0,337505.0
2024-01-08 14:30:00,165.05,165.56,165.05,165.54,1300.0,223709.0
2024-01-08 14:31:00,165.54,165.54,165.54,165.54,0.0,0.0
2024-01-08 14:32:00,165.28,165.28,165.09,165.09,1300.0,214807.0
2024-01-08 14:33:00,165.07,165.1,165.07,165.07,8000.0,1321063.0
2024-01-08 14:34:00,165.02,165.02,164.82,164.82,9300.0,1530310.0
2024-01-08 14:35:00,164.82,164.82,164.42,164.42,900.0,139903.0
2024-01-08 14:36:00,164.42,164.42,164.0,164.0,1600.0,268703.0
2024-01-08 14:37:00,164.2,164.2,163.99,164.0,3300.0,541289.0
2024-01-08 14:38:00,163.67,163.82,163.67,163.81,4100.0,672062.0
2024-01-08 14:39:00,163.82,163.82,163.73,163.75,4500.0,744301.0
2024-01-08 14:40:00,163.75,163.77,163.75,163.77,2600.0,426933.0
2024-01-08 14:41:00,163.81,164.0,163.81,164.0,1600.0,260192.0
2024-01-08 14:42:00,164.09,164.2,164.09,164.2,600.0,100460.0
2024-01-08 14:43:00,164.67,164.67,164.2,164.2,3400.0,559614.0
2024-01-08 14:44:00,164.35,164.35,164.33,164.33,600.0,99424.0
2024-01-08 14:45:00,164.33,164.33,164.2,164.2,3100.0,499513.0
2024-01-08 14:46:00,164.19,164.46,164.19,164.46,2800.0,461820.0
2024-01-08 14:47:00,164.46,164.46,164.46,164.46,0.0,0.0
2024-01-08 14:48:00,164.45,164.46,164.45,164.46,1500.0,244537.0
2024-01-08 14:49:00,164.51,164.52,164.51,164.52,300.0,53796.0
2024-01-08 14:50:00,164.69,165.01,164.69,165.01,3700.0,605061.0
2024-01-08 14:51:00,164.96,164.96,164.2,164.53,16400.0,2696091.0
2024-01-08 14:52:00,164.47,164.47,164.0,164.0,3300.0,551738.0
2024-01-08 14:53:00,163.99,163.99,163.6,163.66,4700.0,773709.0
2024-01-08 14:54:00,163.66,163.78,163.66,163.66,7400.0,1204954.0
2024-01-08 14:55:00,163.51,163.51,163.05,163.05,7000.0,1146809.0
2024-01-08 14:56:00,163.03,163.25,163.03,163.08,5900.0,953105.0
2024-01-08 14:57:00,163.22,163.22,163.08,163.1,4800.0,781484.0
2024-01-08 14:58:00,163.04,163.04,163.04,163.04,2100.0,342451.0
2024-01-08 14:59:00,163.04,163.04,163.04,163.04,0.0,0.0
2024-01-08 15:00:00,163.08,163.08,163.08,163.08,12900.0,2110908.0
2024-01-09 09:31:00,163.0,164.6,163.0,164.6,11200.0,1841003.0
2024-01-09 09:32:00,164.86,164.87,164.0,164.13,7000.0,1141146.0
2024-01-09 09:33:00,164.59,164.78,164.29,164.78,8200.0,1352591.0
2024-01-09 09:34:00,164.18,164.43,163.89,164.43,5900.0,974116.0
2024-01-09 09:35:00,164.42,164.72,164.42,164.58,14400.0,2368283.0
2024-01-09 09:36:00,164.08,164.28,163.5,163.5,16400.0,2686455.0
2024-01-09 09:37:00,163.9,163.9,163.18,163.5,5400.0,878434.0
2024-01-09 09:38:00,163.5,163.96,163.5,163.96,8400.0,1386967.0
2024-01-09 09:39:00,164.52,165.59,164.52,165.57,12200.0,2007195.0
2024-01-09 09:40:00,165.23,165.5,164.85,165.5,11200.0,1844109.0
2024-01-09 09:41:00,165.32,165.32,164.85,165.25,11800.0,1955347.0
2024-01-09 09:42:00,165.31,165.5,165.31,165.5,5800.0,967248.0
2024-01-09 09:43:00,165.57,165.59,165.36,165.37,3600.0,595383.0
2024-01-09 09:44:00,165.36,165.5,165.09,165.09,11100.0,1825877.0
2024-01-09 09:45:00,164.7,165.02,164.65,164.82,6600.0,1083315.0
2024-01-09 09:46:00,164.71,164.71,164.71,164.71,200.0,32943.0
2024-01-09 09:47:00,164.94,164.94,164.8,164.8,1000.0,168130.0
2024-01-09 09:48:00,164.92,166.91,164.92,166.79,8000.0,1337101.0
2024-01-09 09:49:00,166.79,166.79,165.67,166.49,10600.0,1755683.0
2024-01-09 09:50:00,166.23,166.44,166.18,166.18,4800.0,803451.0
2024-01-09 09:51:00,165.85,165.85,165.49,165.5,3200.0,527233.0
2024-01-09 09:52:00,165.49,165.49,165.4,165.4,5000.0,824096.0
2024-01-09 09:53:00,165.5,165.5,165.2,165.23,3100.0,510805.0
2024-01-09 09:54:00,165.23,165.23,165.02,165.18,2100.0,343971.0
2024-01-09 09:55:00,165.0,165.5,165.0,165.19,8200.0,1354793.0
2024-01-09 09:56:00,165.9,166.47,165.26,166.45,4500.0,748438.0
2024-01-09 09:57:00,166.39,166.86,166.39,166.51,5300.0,882959.0
2024-01-09 09:58:00,166.45,166.45,165.68,165.68,2900.0,485273.0
2024-01-09 09:59:00,165.74,165.75,165.73,165.73,600.0,100772.0
2024-01-09 10:00:00,166.0,166.49,166.0,166.09,3200.0,537162.0
2024-01-09 10:01:00,166.27,166.49,166.27,166.3,8300.0,1367026.0
2024-01-09 10:02:00,166.09,166.26,165.02,165.15,6300.0,1045648.0
2024-01-09 10:03:00,165.21,165.8,165.2,165.8,5800.0,965858.0
2024-01-09 10:04:00,165.22,165.73,165.22,165.68,2000.0,335585.0
2024-01-09 10:05:00,165.62,166.29,165.62,166.29,2400.0,391843.0
2024-01-09 10:06:00,166.29,166.3,166.29,166.29,1400.0,232808.0
2024-01-09 10:07:00,166.03,166.35,166.03,166.35,2400.0,396271.0
2024-01-09 10:08:00,166.48,166.48,166.28,166.28,700.0,119174.0
2024-01-09 10:09:00,166.0,166.0,165.36,165.36,1500.0,243944.0
2024-01-09 10:10:00,165.88,165.88,165.83,165.83,600.0,97196.0
2024-01-09 10:11:00,165.57,165.57,165.57,165.57,600.0,112920.0
2024-01-09 10:12:00,165.5,166.47,165.5,166.47,2000.0,319256.0
2024-01-09 10:13:00,166.26,166.26,165.8,165.8,2100.0,355609.0
2024-01-09 10:14:00,165.98,165.98,165.93,165.98,4600.0,760230.0
2024-01-09 10:15:00,165.97,165.98,165.97,165.98,3300.0,546896.0
2024-01-09 10:16:00,166.12,166.12,166.12,166.12,1000.0,161629.0
2024-01-09 10:17:00,165.97,165.97,165.97,165.97,2200.0,376256.0
2024-01-09 10:18:00,165.98,165.98,165.98,165.98,200.0,33196.0
2024-01-09 10:19:00,165.96,166.04,165.82,165.87,1900.0,310186.0
2024-01-09 10:20:00,166.0,166.39,165.85,166.39,2000.0,328777.0
2024-01-09 10:21:00,166.17,166.48,165.99,166.48,2400.0,397732.0
2024-01-09 10:22:00,166.62,166.62,166.61,166.62,3200.0,533155.0
2024-01-09 10:23:00,166.59,166.62,166.59,166.62,1300.0,222255.0
2024-01-09 10:24:00,166.62,166.8,166.62,166.67,3000.0,506175.0
2024-01-09 10:25:00,166.66,166.7,166.66,166.68,1300.0,214866.0
2024-01-09 10:26:00,166.68,166.8,166.68,166.8,500.0,83370.0
2024-01-09 10:27:00,166.68,166.79,166.68,166.76,1300.0,219283.0
2024-01-09 10:28:00,166.62,166.62,166.51,166.51,700.0,109296.0
2024-01-09 10:29:00,166.18,166.18,165.56,165.56,1700.0,277880.0
2024-01-09 10:30:00,165.56,165.72,165.56,165.72,1900.0,324562.0
2024-01-09 10:31:00,166.58,166.58,166.48,166.58,3900.0,637432.0
2024-01-09 10:32:00,166.58,166.58,166.58,166.58,800.0,141551.0
2024-01-09 10:33:00,166.58,166.58,166.58,166.58,500.0,73793.0
2024-01-09 10:34:00,166.28,166.28,166.27,166.27,1900.0,325562.0
2024-01-09 10:35:00,165.72,165.98,165.72,165.98,1000.0,159802.0
2024-01-09 10:36:00,166.26,166.58,166.26,166.58,1500.0,255872.0
2024-01-09 10:37:00,166.28,166.28,166.28,166.28,400.0,67343.0
2024-01-09 10:38:00,166.1,166.1,165.98,165.98,1200.0,194445.0
2024-01-09 10:39:00,165.74,165.74,165.72,165.72,1300.0,224732.0
2024-01-09 10:40:00,165.66,165.66,165.66,165.66,1400.0,224473.0
2024-01-09 10:41:00,165.66,165.67,165.66,165.67,1600.0,262918.0
2024-01-09 10:42:00,165.67,165.67,165.65,165.65,3400.0,565224.0
2024-01-09 10:43:00,165.65,165.65,165.65,165.65,0.0,0.0
2024-01-09 10:44:00,165.34,165.39,165.28,165.28,2500.0,408602.0
2024-01-09 10:45:00,165.63,165.63,165.22,165.22,1300.0,223326.0
2024-01-09 10:46:00,165.23,165.28,165.23,165.23,700.0,106913.0
2024-01-09 10:47:00,165.23,165.33,165.23,165.33,1700.0,291371.0
2024-01-09 10:48:00,165.22,165.22,165.22,165.22,600.0,94355.0
2024-01-09 10:49:00,165.47,165.47,165.26,165.26,700.0,122370.0
2024-01-09 10:50:00,165.26,165.26,165.26,165.26,0.0,0.0
2024-01-09 10:51:00,165.28,165.28,165.28,165.28,500.0,74418.0
2024-01-09 10:52:00,165.59,165.59,165.59,165.59,400.0,65077.0
2024-01-09 10:53:00,165.58,165.58,165.58,165.58,2100.0,351657.0
2024-01-09 10:54:00,165.54,165.54,165.54,165.54,500.0,87736.0
2024-01-09 10:55:00,165.5,165.5,165.28,165.28,800.0,122352.0
2024-01-09 10:56:00,165.28,165.28,165.21,165.21,1600.0,269317.0
2024-01-09 10:57:00,165.15,165.5,165.15,165.5,6000.0,990973.0
2024-01-09 10:58:00,165.0,165.0,165.0,165.0,9100.0,1507935.0
2024-01-09 10:59:00,164.8,164.8,164.65,164.65,2600.0,417093.0
2024-01-09 11:00:00,164.78,164.78,164.78,164.78,200.0,32956.0
2024-01-09 11:01:00,164.77,164.77,164.77,164.77,700.0,126049.0
2024-01-09 11:02:00,164.65,164.65,164.24,164.24,300.0,37294.0
2024-01-09 11:03:00,164.2,164.32,164.0,164.32,6000.0,982100.0
2024-01-09 11:04:00,164.0,164.02,164.0,164.02,600.0,101853.0
2024-01-09 11:05:00,164.28,164.32,164.28,164.28,1800.0,302470.0
2024-01-09 11:06:00,164.32,164.37,164.32,164.37,300.0,48649.0
2024-01-09 11:07:00,164.28,164.41,164.28,164.28,3000.0,494794.0
2024-01-09 11:08:00,164.03,164.32,164.0,164.0,3200.0,515442.0
2024-01-09 11:09:00,164.02,164.3,164.02,164.3,700.0,114896.0
2024-01-09 11:10:00,164.3,164.4,164.3,164.4,1100.0,187661.0
2024-01-09 11:11:00,164.4,164.6,164.12,164.6,1200.0,189329.0
2024-01-09 11:12:00,164.12,164.12,164.12,164.12,500.0,85188.0
2024-01-09 11:13:00,164.12,164.12,164.12,164.12,0.0,0.0
2024-01-09 11:14:00,164.54,164.54,164.2,164.2,800.0,127359.0
2024-01-09 11:15:00,164.2,164.26,164.2,164.26,400.0,77512.0
2024-01-09 11:16:00,164.25,164.5,164.12,164.5,1300.0,201730.0
2024-01-09 11:17:00,164.2,164.48,164.2,164.48,400.0,78060.0
2024-01-09 11:18:00,164.25,164.25,164.25,164.25,200.0,32850.0
2024-01-09 11:19:00,164.3,164.3,164.25,164.25,2100.0,335573.0
2024-01-09 11:20:00,164.25,164.25,164.25,164.25,400.0,61594.0
2024-01-09 11:21:00,164.54,164.54,164.25,164.25,1600.0,269127.0
2024-01-09 11:22:00,164.53,164.54,164.53,164.54,500.0,78155.0
2024-01-09 11:23:00,164.6,165.37,164.36,165.28,2700.0,452177.0
2024-01-09 11:24:00,165.17,165.17,165.17,165.17,700.0,109828.0
2024-01-09 11:25:00,164.61,164.66,164.31,164.31,1200.0,196645.0
2024-01-09 11:26:00,164.86,164.86,164.86,164.86,200.0,41213.0
2024-01-09 11:27:00,164.85,164.85,164.41,164.55,1700.0,271431.0
2024-01-09 11:28:00,164.55,164.55,164.31,164.31,2800.0,464104.0
2024-01-09 11:29:00,164.31,164.31,164.19,164.19,1700.0,278634.0
2024-01-09 11:30:00,164.31,164.31,164.31,164.31,1300.0,215410.0
2024-01-09 13:01:00,164.31,164.54,164.3,164.3,1100.0,181853.0
2024-01-09 13:02:00,164.12,164.12,164.08,164.08,1000.0,163462.0
2024-01-09 13:03:00,164.01,164.01,164.01,164.01,700.0,119731.0
2024-01-09 13:04:00,164.01,164.01,164.01,164.01,0.0,0.0
2024-01-09 13:05:00,164.26,164.26,164.01,164.01,1300.0,214296.0
2024-01-09 13:06:00,164.26,164.26,164.26,164.26,200.0,33178.0
2024-01-09 13:07:00,164.26,164.45,164.04,164.04,1700.0,270962.0
2024-01-09 13:08:00,164.04,164.33,164.01,164.33,2000.0,322140.0
2024-01-09 13:09:00,163.98,163.98,163.7,163.7,2000.0,329842.0
2024-01-09 13:10:00,163.7,163.7,163.7,163.7,200.0,45345.0
2024-01-09 13:11:00,163.68,163.69,163.18,163.18,1600.0,254980.0
2024-01-09 13:12:00,163.19,163.2,163.18,163.2,2000.0,334076.0
2024-01-09 13:13:00,163.2,163.2,162.03,162.03,7200.0,1168255.0
2024-01-09 13:14:00,162.94,163.0,162.25,162.7,2800.0,446856.0
2024-01-09 13:15:00,162.7,162.7,162.37,162.55,2000.0,327725.0
2024-01-09 13:16:00,162.6,162.6,162.37,162.37,1800.0,303093.0
2024-01-09 13:17:00,162.55,162.55,162.55,162.55,200.0,32510.0
2024-01-09 13:18:00,162.98,162.98,162.98,162.98,500.0,79524.0
2024-01-09 13:19:00,162.66,162.98,162.55,162.55,1600.0,259544.0
2024-01-09 13:20:00,162.54,162.54,162.54,162.54,400.0,61119.0
2024-01-09 13:21:00,162.53,162.53,162.53,162.53,600.0,98336.0
2024-01-09 13:22:00,162.53,162.53,162.52,162.52,600.0,98979.0
2024-01-09 13:23:00,162.53,162.53,162.44,162.44,1100.0,180874.0
2024-01-09 13:24:00,162.42,162.42,162.38,162.38,1900.0,307569.0
2024-01-09 13:25:00,162.13,162.81,162.13,162.81,1700.0,269947.0
2024-01-09 13:26:00,162.52,162.52,162.52,162.52,300.0,55266.0
2024-01-09 13:27:00,163.19,163.19,162.81,162.82,1000.0,160377.0
2024-01-09 13:28:00,163.19,163.19,163.19,163.19,400.0,60380.0
2024-01-09 13:29:00,162.88,162.88,162.76,162.76,1000.0,158408.0
2024-01-09 13:30:00,162.66,162.66,162.52,162.52,1000.0,163758.0
2024-01-09 13:31:00,162.71,162.71,162.71,162.71,300.0,61504.0
2024-01-09 13:32:00,162.71,162.71,162.71,162.71,0.0,0.0
2024-01-09 13:33:00,162.8,163.19,162.8,163.19,5600.0,907654.0
2024-01-09 13:34:00,163.69,163.69,163.33,163.33,700.0,112933.0
2024-01-09 13:35:00,163.79,163.81,163.39,163.81,3100.0,513523.0
2024-01-09 13:36:00,163.45,164.15,163.45,164.15,800.0,126614.0
2024-01-09 13:37:00,164.05,164.35,164.05,164.11,1900.0,305435.0
2024-01-09 13:38:00,163.66,163.97,163.66,163.97,600.0,105148.0
2024-01-09 13:39:00,163.57,163.57,163.55,163.55,700.0,113673.0
2024-01-09 13:40:00,163.93,163.93,163.93,163.93,600.0,91135.0
2024-01-09 13:41:00,163.55,163.82,163.55,163.82,500.0,90347.0
2024-01-09 13:42:00,163.55,163.8,163.55,163.8,700.0,110446.0
2024-01-09 13:43:00,163.58,163.58,163.58,163.58,300.0,49074.0
2024-01-09 13:44:00,163.58,163.58,163.58,163.58,200.0,36315.0
2024-01-09 13:45:00,163.58,163.9,163.58,163.9,1300.0,213656.0
2024-01-09 13:46:00,163.9,163.9,163.9,163.9,3700.0,611183.0
2024-01-09 13:47:00,163.9,163.9,163.56,163.56,700.0,112659.0
2024-01-09 13:48:00,163.57,163.57,163.57,163.57,300.0,41096.0
2024-01-09 13:49:00,163.56,163.92,163.55,163.92,800.0,139134.0
2024-01-09 13:50:00,163.91,163.91,163.91,163.91,600.0,89987.0
2024-01-09 13:51:00,163.56,163.98,163.56,163.98,2400.0,394745.0
2024-01-09 13:52:00,163.98,163.98,163.98,163.98,0.0,0.0
2024-01-09 13:53:00,163.63,163.98,163.63,163.98,1000.0,158708.0
2024-01-09 13:54:00,163.65,163.65,163.62,163.62,700.0,117494.0
2024-01-09 13:55:00,163.61,163.65,163.61,163.65,1000.0,168662.0
2024-01-09 13:56:00,163.65,163.7,163.65,163.7,400.0,67107.0
2024-01-09 13:57:00,163.7,163.7,163.7,163.7,300.0,40106.0
2024-01-09 13:58:00,163.75,163.75,163.75,163.75,500.0,81875.0
2024-01-09 13:59:00,163.94,163.94,163.66,163.66,800.0,134987.0
2024-01-09 14:00:00,163.66,163.66,163.66,163.66,500.0,88760.0
2024-01-09 14:01:00,164.28,164.29,163.8,164.29,2000.0,332196.0
2024-01-09 14:02:00,164.31,164.31,163.8,164.3,1500.0,232389.0
2024-01-09 14:03:00,164.3,164.3,164.3,164.3,200.0,45177.0
2024-01-09 14:04:00,163.91,164.3,163.91,164.29,1400.0,224159.0
2024-01-09 14:05:00,164.29,164.8,164.29,164.8,1900.0,304880.0
2024-01-09 14:06:00,164.31,165.36,164.31,165.0,2900.0,478405.0
2024-01-09 14:07:00,164.53,165.35,164.53,165.1,2900.0,486920.0
2024-01-09 14:08:00,165.0,165.0,164.99,164.99,1000.0,171595.0
2024-01-09 14:09:00,165.18,165.36,165.1,165.35,3000.0,492439.0
2024-01-09 14:10:00,165.35,165.98,165.35,165.98,6700.0,1109672.0
2024-01-09 14:11:00,166.0,166.36,166.0,166.36,3200.0,528963.0
2024-01-09 14:12:00,166.36,166.36,166.0,166.2,3000.0,499467.0
2024-01-09 14:13:00,165.6,165.6,165.5,165.5,1700.0,285416.0
2024-01-09 14:14:00,165.5,165.5,165.5,165.5,1400.0,228721.0
2024-01-09 14:15:00,165.72,165.72,165.72,165.72,400.0,60156.0
2024-01-09 14:16:00,165.72,165.72,165.5,165.5,700.0,111132.0
2024-01-09 14:17:00,165.71,165.71,165.5,165.71,1000.0,178914.0
2024-01-09 14:18:00,165.92,166.0,165.92,166.0,1100.0,173590.0
2024-01-09 14:19:00,165.92,165.92,165.92,165.92,200.0,34180.0
2024-01-09 14:20:00,166.0,166.0,166.0,166.0,1700.0,284326.0
2024-01-09 14:21:00,166.0,166.35,166.0,166.35,3900.0,653852.0
2024-01-09 14:22:00,166.36,166.36,166.3,166.3,3300.0,540666.0
2024-01-09 14:23:00,166.07,166.07,166.0,166.0,1400.0,234750.0
2024-01-09 14:24:00,165.5,166.07,165.5,166.07,1000.0,163022.0
2024-01-09 14:25:00,166.07,166.28,165.52,166.25,2400.0,395615.0
2024-01-09 14:26:00,165.56,166.22,165.0,165.0,4400.0,738855.0
2024-01-09 14:27:00,165.1,165.1,165.1,165.1,500.0,75946.0
2024-01-09 14:28:00,165.28,165.28,165.19,165.22,800.0,134836.0
2024-01-09 14:29:00,165.55,165.58,165.32,165.58,1100.0,181014.0
2024-01-09 14:30:00,165.58,165.9,165.35,165.9,500.0,77047.0
2024-01-09 14:31:00,165.89,165.98,165.58,165.58,6200.0,1039109.0
2024-01-09 14:32:00,165.42,165.5,165.42,165.5,1300.0,213856.0
2024-01-09 14:33:00,165.5,165.56,165.5,165.56,500.0,82768.0
2024-01-09 14:34:00,165.55,165.97,165.55,165.97,1000.0,162942.0
2024-01-09 14:35:00,165.57,165.57,165.57,165.57,400.0,66228.0
2024-01-09 14:36:00,165.95,165.96,165.58,165.94,1300.0,215829.0
2024-01-09 14:37:00,165.65,165.65,165.65,165.65,600.0,100549.0
2024-01-09 14:38:00,165.69,165.96,165.69,165.96,1500.0,236422.0
2024-01-09 14:39:00,165.98,165.98,165.95,165.98,3800.0,643957.0
2024-01-09 14:40:00,165.98,165.99,165.69,165.69,1000.0,163926.0
2024-01-09 14:41:00,165.65,165.69,165.58,165.58,3800.0,627417.0
2024-01-09 14:42:00,165.57,165.57,165.42,165.42,2400.0,394529.0
2024-01-09 14:43:00,165.42,165.42,165.42,165.42,0.0,0.0
2024-01-09 14:44:00,165.19,165.4,165.19,165.4,500.0,80015.0
2024-01-09 14:45:00,165.19,165.55,165.19,165.55,1900.0,321787.0
2024-01-09 14:46:00,165.58,165.58,165.58,165.58,500.0,86089.0
2024-01-09 14:47:00,165.2,165.5,165.2,165.5,800.0,127180.0
2024-01-09 14:48:00,165.2,165.55,165.2,165.55,1500.0,238458.0
2024-01-09 14:49:00,165.58,165.58,165.58,165.58,700.0,115241.0
2024-01-09 14:50:00,165.58,165.68,165.25,165.25,2400.0,409024.0
2024-01-09 14:51:00,165.25,165.63,165.19,165.19,2600.0,431147.0
2024-01-09 14:52:00,165.19,165.19,164.11,164.74,4500.0,731407.0
2024-01-09 14:53:00,164.74,164.74,164.72,164.72,2600.0,429468.0
2024-01-09 14:54:00,165.28,165.28,165.28,165.28,200.0,37998.0
2024-01-09 14:55:00,165.37,165.4,165.37,165.39,2400.0,403624.0
2024-01-09 14:56:00,165.36,165.36,164.79,164.79,2600.0,415593.0
2024-01-09 14:57:00,164.79,164.88,164.79,164.88,2900.0,482762.0
2024-01-09 14:58:00,164.88,164.88,164.88,164.88,0.0,0.0
2024-01-09 14:59:00,164.88,164.88,164.88,164.88,0.0,0.0
2024-01-09 15:00:00,164.11,164.11,164.11,164.11,9500.0,1564133.0
2024-01-10 09:31:00,163.0,163.11,162.5,163.09,6500.0,1054672.0
2024-01-10 09:32:00,162.11,162.11,161.31,161.52,10100.0,1630434.0
2024-01-10 09:33:00,161.6,162.67,161.6,162.66,9600.0,1567322.0
2024-01-10 09:34:00,162.66,162.66,161.82,161.82,1300.0,201169.0
2024-01-10 09:35:00,161.85,161.85,160.52,160.81,11000.0,1781674.0
2024-01-10 09:36:00,160.8,160.8,160.0,160.0,11600.0,1853788.0
2024-01-10 09:37:00,159.81,160.03,159.23,159.89,9200.0,1469026.0
2024-01-10 09:38:00,159.89,160.56,159.89,160.0,4900.0,786404.0
2024-01-10 09:39:00,159.87,159.87,159.56,159.57,4400.0,709040.0
2024-01-10 09:40:00,159.36,159.36,158.68,158.83,15200.0,2410773.0
2024-01-10 09:41:00,159.23,159.55,158.82,159.55,10000.0,1593068.0
2024-01-10 09:42:00,159.55,159.9,159.37,159.37,2300.0,360140.0
2024-01-10 09:43:00,159.96,160.01,159.85,160.0,4500.0,722573.0
2024-01-10 09:44:00,160.11,160.11,160.0,160.1,1800.0,288751.0
2024-01-10 09:45:00,159.84,159.84,159.84,159.84,400.0,64096.0
2024-01-10 09:46:00,159.5,159.84,159.37,159.64,13600.0,2162957.0
2024-01-10 09:47:00,159.64,159.83,159.39,159.83,1700.0,273779.0
2024-01-10 09:48:00,159.83,159.83,159.83,159.83,1000.0,160789.0
2024-01-10 09:49:00,159.86,160.75,159.86,160.75,7100.0,1143242.0
2024-01-10 09:50:00,160.76,161.33,160.75,161.33,3200.0,518819.0
2024-01-10 09:51:00,160.85,161.18,160.81,161.18,1700.0,266499.0
2024-01-10 09:52:00,161.18,161.2,160.75,160.75,3800.0,624783.0
2024-01-10 09:53:00,160.81,160.81,160.81,160.81,500.0,80405.0
2024-01-10 09:54:00,161.06,161.35,161.06,161.35,2600.0,403658.0
2024-01-10 09:55:00,161.73,162.0,161.68,161.68,2500.0,417568.0
2024-01-10 09:56:00,161.62,162.33,161.6,162.33,2900.0,471185.0
2024-01-10 09:57:00,162.62,163.97,162.62,163.96,4500.0,730953.0
2024-01-10 09:58:00,164.0,164.57,164.0,164.33,9900.0,1630714.0
2024-01-10 09:59:00,164.38,164.82,164.38,164.8,6000.0,977961.0
2024-01-10 10:00:00,164.5,164.73,164.5,164.51,2100.0,355591.0
2024-01-10 10:01:00,164.51,165.9,164.51,165.9,6900.0,1133133.0
2024-01-10 10:02:00,165.9,166.33,165.43,166.33,5200.0,867754.0
2024-01-10 10:03:00,166.0,166.43,165.4,165.4,3800.0,618116.0
2024-01-10 10:04:00,165.4,165.44,165.23,165.33,2300.0,392190.0
2024-01-10 10:05:00,165.33,165.33,164.38,164.38,3900.0,640742.0
2024-01-10 10:06:00,163.96,163.96,163.75,163.75,2600.0,423033.0
2024-01-10 10:07:00,163.46,163.73,162.58,163.09,9200.0,1505569.0
2024-01-10 10:08:00,164.15,165.0,164.1,164.71,7700.0,1263303.0
2024-01-10 10:09:00,164.99,165.42,164.99,165.42,1000.0,174482.0
2024-01-10 10:10:00,165.42,165.43,165.38,165.43,1200.0,200144.0
2024-01-10 10:11:00,165.66,166.0,165.66,165.96,3200.0,519111.0
2024-01-10 10:12:00,165.58,165.58,165.5,165.5,700.0,123503.0
2024-01-10 10:13:00,165.01,165.01,164.99,164.99,2800.0,457394.0
2024-01-10 10:14:00,164.71,165.8,164.71,165.8,7900.0,1297623.0
2024-01-10 10:15:00,165.52,165.93,165.09,165.93,1900.0,323975.0
2024-01-10 10:16:00,165.93,166.42,165.93,166.42,4500.0,750147.0
2024-01-10 10:17:00,166.5,166.86,166.48,166.86,8800.0,1458238.0
2024-01-10 10:18:00,166.99,167.0,166.43,166.43,2900.0,490295.0
2024-01-10 10:19:00,166.69,166.69,166.66,166.66,700.0,118678.0
2024-01-10 10:20:00,166.0,166.56,166.0,166.56,1600.0,253479.0
2024-01-10 10:21:00,166.5,166.5,166.0,166.06,6500.0,1079845.0
2024-01-10 10:22:00,165.9,165.9,165.41,165.85,4900.0,822443.0
2024-01-10 10:23:00,165.88,165.99,165.43,165.99,3100.0,505841.0
2024-01-10 10:24:00,165.99,165.99,165.99,165.99,0.0,0.0
2024-01-10 10:25:00,165.39,165.39,164.75,164.75,800.0,132072.0
2024-01-10 10:26:00,165.0,165.0,165.0,165.0,700.0,117810.0
2024-01-10 10:27:00,165.0,165.0,165.0,165.0,0.0,0.0
2024-01-10 10:28:00,165.0,165.0,165.0,165.0,0.0,0.0
2024-01-10 10:29:00,165.0,165.0,165.0,165.0,0.0,0.0
2024-01-10 10:30:00,165.62,165.62,165.62,165.62,700.0,115850.0
2024-01-10 10:31:00,165.62,165.62,165.62,165.62,0.0,0.0
2024-01-10 10:32:00,165.62,165.62,165.62,165.62,0.0,0.0
2024-01-10 10:33:00,165.5,165.5,165.5,165.5,200.0,33597.0
2024-01-10 10:34:00,165.5,165.5,165.5,165.5,0.0,0.0
2024-01-10 10:35:00,165.5,165.5,165.5,165.5,200.0,33100.0
2024-01-10 10:36:00,165.24,165.24,165.24,165.24,400.0,66096.0
2024-01-10 10:37:00,165.24,165.24,165.24,165.24,200.0,28091.0
2024-01-10 10:38:00,165.24,165.24,165.24,165.24,400.0,64608.0
2024-01-10 10:39:00,165.61,165.61,165.61,165.61,200.0,33288.0
2024-01-10 10:40:00,165.61,165.61,165.61,165.61,0.0,0.0
2024-01-10 10:41:00,165.61,165.61,165.61,165.61,0.0,0.0
2024-01-10 10:42:00,165.61,165.61,165.61,165.61,200.0,36434.0
2024-01-10 10:43:00,165.24,165.24,165.24,165.24,100.0,16855.0
2024-01-10 10:44:00,165.24,165.62,165.24,165.62,400.0,65802.0
2024-01-10 10:45:00,165.62,165.62,165.62,165.62,100.0,17059.0
2024-01-10 10:46:00,165.24,165.26,165.24,165.26,400.0,66096.0
2024-01-10 10:47:00,165.62,166.3,165.62,166.3,3000.0,507459.0
2024-01-10 10:48:00,166.33,166.5,166.33,166.5,3200.0,532732.0
2024-01-10 10:49:00,166.32,166.32,166.32,166.32,200.0,33264.0
2024-01-10 10:50:00,166.02,166.02,165.27,165.27,1600.0,252059.0
2024-01-10 10:51:00,165.28,165.28,165.28,165.28,200.0,38015.0
2024-01-10 10:52:00,165.28,165.28,165.28,165.28,0.0,0.0
2024-01-10 10:53:00,165.27,165.27,165.01,165.01,1200.0,202512.0
2024-01-10 10:54:00,165.56,165.56,165.01,165.01,600.0,99483.0
2024-01-10 10:55:00,165.0,165.0,165.0,165.0,1000.0,167148.0
2024-01-10 10:56:00,164.86,164.86,164.86,164.86,400.0,65944.0
2024-01-10 10:57:00,164.86,164.86,164.75,164.75,500.0,82397.0
2024-01-10 10:58:00,164.6,164.6,164.6,164.6,700.0,115282.0
2024-01-10 10:59:00,164.61,164.61,164.61,164.61,400.0,58272.0
2024-01-10 11:00:00,164.61,164.61,164.61,164.61,0.0,0.0
2024-01-10 11:01:00,164.62,165.0,164.62,165.0,1100.0,185714.0
2024-01-10 11:02:00,165.0,165.0,165.0,165.0,300.0,45210.0
2024-01-10 11:03:00,165.0,165.0,165.0,165.0,0.0,0.0
2024-01-10 11:04:00,165.0,165.0,165.0,165.0,0.0,0.0
2024-01-10 11:05:00,164.72,165.3,164.72,165.3,400.0,66004.0
2024-01-10 11:06:00,164.8,164.8,164.8,164.8,2000.0,329600.0
2024-01-10 11:07:00,164.8,164.8,164.8,164.8,1000.0,164471.0
2024-01-10 11:08:00,164.72,164.72,164.62,164.62,1000.0,166297.0
2024-01-10 11:09:00,164.56,164.56,164.25,164.25,3100.0,508634.0
2024-01-10 11:10:00,164.25,164.25,164.25,164.25,0.0,0.0
2024-01-10 11:11:00,164.46,164.46,164.46,164.46,200.0,32892.0
2024-01-10 11:12:00,164.8,164.8,164.8,164.8,200.0,33784.0
2024-01-10 11:13:00,164.8,164.8,164.52,164.52,1700.0,278916.0
2024-01-10 11:14:00,164.52,164.52,164.52,164.52,0.0,0.0
2024-01-10 11:15:00,164.18,164.3,164.18,164.3,7700.0,1264702.0
2024-01-10 11:16:00,164.3,164.3,164.3,164.3,0.0,0.0
2024-01-10 11:17:00,164.3,164.3,164.3,164.3,0.0,0.0
2024-01-10 11:18:00,164.8,164.8,164.8,164.8,500.0,82400.0
2024-01-10 11:19:00,164.8,164.8,164.8,164.8,500.0,82400.0
2024-01-10 11:20:00,164.8,164.8,164.8,164.8,0.0,0.0
2024-01-10 11:21:00,164.6,164.6,164.56,164.56,400.0,65832.0
2024-01-10 11:22:00,164.56,164.56,164.56,164.56,200.0,32912.0
2024-01-10 11:23:00,164.72,164.78,164.72,164.78,600.0,99186.0
2024-01-10 11:24:00,164.5,164.5,164.5,164.5,500.0,84576.0
2024-01-10 11:25:00,164.31,164.31,164.31,164.31,200.0,32862.0
2024-01-10 11:26:00,164.48,164.48,164.48,164.48,600.0,95070.0
2024-01-10 11:27:00,164.5,164.5,164.5,164.5,200.0,31255.0
2024-01-10 11:28:00,164.49,164.49,164.49,164.49,400.0,61192.0
2024-01-10 11:29:00,164.49,164.49,164.49,164.49,0.0,0.0
2024-01-10 11:30:00,164.8,164.8,164.48,164.79,1900.0,312626.0
2024-01-10 13:01:00,164.7,164.7,164.7,164.7,800.0,144936.0
2024-01-10 13:02:00,164.7,164.7,164.18,164.18,2400.0,382772.0
2024-01-10 13:03:00,164.18,164.18,164.18,164.18,0.0,0.0
2024-01-10 13:04:00,164.5,164.5,164.19,164.5,1100.0,184008.0
2024-01-10 13:05:00,164.5,164.5,164.5,164.5,0.0,0.0
2024-01-10 13:06:00,164.5,164.5,164.5,164.5,0.0,0.0
2024-01-10 13:07:00,164.8,164.8,164.8,164.8,200.0,43342.0
2024-01-10 13:08:00,164.8,164.8,164.8,164.8,0.0,0.0
2024-01-10 13:09:00,164.8,164.8,164.8,164.8,0.0,0.0
2024-01-10 13:10:00,164.8,164.8,164.8,164.8,0.0,0.0
2024-01-10 13:11:00,164.8,164.8,164.8,164.8,200.0,32960.0
2024-01-10 13:12:00,164.6,164.6,164.6,164.6,200.0,32920.0
2024-01-10 13:13:00,164.2,164.2,164.2,164.2,1300.0,205907.0
2024-01-10 13:14:00,164.2,164.2,164.18,164.18,7300.0,1192946.0
2024-01-10 13:15:00,164.01,164.01,164.01,164.01,400.0,69542.0
2024-01-10 13:16:00,164.01,164.01,164.01,164.01,400.0,66424.0
2024-01-10 13:17:00,164.01,164.01,164.01,164.01,400.0,67572.0
2024-01-10 13:18:00,164.01,164.01,164.0,164.0,1400.0,232399.0
2024-01-10 13:19:00,164.01,164.01,164.0,164.0,800.0,135138.0
2024-01-10 13:20:00,164.0,164.0,163.4,163.4,1700.0,272202.0
2024-01-10 13:21:00,163.43,163.5,163.43,163.5,1400.0,222162.0
2024-01-10 13:22:00,163.64,163.64,163.64,163.64,200.0,32728.0
2024-01-10 13:23:00,163.49,163.49,163.4,163.43,700.0,116699.0
2024-01-10 13:24:00,163.46,163.46,163.46,163.46,200.0,32692.0
2024-01-10 13:25:00,164.0,164.0,163.6,163.6,900.0,152276.0
2024-01-10 13:26:00,163.52,164.05,163.45,164.0,2100.0,347083.0
2024-01-10 13:27:00,163.99,164.27,163.99,164.27,600.0,98412.0
2024-01-10 13:28:00,164.27,164.27,164.27,164.27,0.0,0.0
2024-01-10 13:29:00,164.31,164.31,164.31,164.31,600.0,98524.0
2024-01-10 13:30:00,163.58,164.2,163.58,163.61,1000.0,164690.0
2024-01-10 13:31:00,163.6,163.6,163.52,163.52,600.0,98158.0
2024-01-10 13:32:00,163.52,163.52,163.52,163.52,0.0,0.0
2024-01-10 13:33:00,163.67,164.05,163.67,164.05,500.0,73747.0
2024-01-10 13:34:00,164.0,164.09,164.0,164.09,800.0,131143.0
2024-01-10 13:35:00,164.09,164.19,164.09,164.19,700.0,114882.0
2024-01-10 13:36:00,163.75,163.75,163.66,163.66,1000.0,163700.0
2024-01-10 13:37:00,163.66,163.66,163.66,163.66,0.0,0.0
2024-01-10 13:38:00,163.66,163.66,163.66,163.66,0.0,0.0
2024-01-10 13:39:00,164.08,164.08,164.08,164.08,200.0,32816.0
2024-01-10 13:40:00,164.15,164.15,164.15,164.15,300.0,50550.0
2024-01-10 13:41:00,164.0,164.0,164.0,164.0,200.0,34440.0
2024-01-10 13:42:00,164.15,164.15,163.66,163.71,1500.0,252134.0
2024-01-10 13:43:00,163.71,163.71,163.71,163.71,200.0,32742.0
2024-01-10 13:44:00,163.71,163.87,163.71,163.72,900.0,138238.0
2024-01-10 13:45:00,163.87,163.87,163.87,163.87,0.0,9832.0
2024-01-10 13:46:00,163.87,163.87,163.87,163.87,0.0,0.0
2024-01-10 13:47:00,163.87,163.87,163.87,163.87,0.0,0.0
2024-01-10 13:48:00,164.03,164.03,163.87,163.87,400.0,65603.0
2024-01-10 13:49:00,163.87,163.87,163.87,163.87,0.0,0.0
2024-01-10 13:50:00,163.9,164.15,163.9,164.15,500.0,74474.0
2024-01-10 13:51:00,164.15,164.15,164.15,164.15,0.0,0.0
2024-01-10 13:52:00,164.15,164.15,164.15,164.15,500.0,82075.0
2024-01-10 13:53:00,163.9,164.15,163.72,163.72,1300.0,212589.0
2024-01-10 13:54:00,163.82,164.15,163.82,164.15,500.0,81825.0
2024-01-10 13:55:00,164.15,164.15,164.15,164.15,0.0,0.0
2024-01-10 13:56:00,164.15,164.37,163.88,164.37,2800.0,458566.0
2024-01-10 13:57:00,164.95,165.0,164.43,164.43,800.0,132194.0
2024-01-10 13:58:00,164.9,164.9,164.31,164.31,1400.0,226096.0
2024-01-10 13:59:00,164.67,164.67,164.67,164.67,400.0,65868.0
2024-01-10 14:00:00,164.7,164.7,164.7,164.7,200.0,32940.0
2024-01-10 14:01:00,164.67,164.67,164.67,164.67,200.0,32934.0
2024-01-10 14:02:00,164.67,164.67,163.72,163.72,900.0,160846.0
2024-01-10 14:03:00,163.85,163.85,163.85,163.85,200.0,32770.0
2024-01-10 14:04:00,163.83,163.83,163.72,163.72,400.0,65510.0
2024-01-10 14:05:00,163.72,163.72,163.72,163.72,0.0,0.0
2024-01-10 14:06:00,163.72,163.72,163.72,163.72,0.0,0.0
2024-01-10 14:07:00,163.72,163.72,163.72,163.72,0.0,0.0
2024-01-10 14:08:00,163.72,163.72,163.72,163.72,0.0,0.0
2024-01-10 14:09:00,163.72,163.72,163.72,163.72,0.0,0.0
2024-01-10 14:10:00,163.72,164.1,163.72,164.1,3900.0,628013.0
2024-01-10 14:11:00,164.12,164.47,164.12,164.42,1300.0,225921.0
2024-01-10 14:12:00,164.49,164.49,164.49,164.49,300.0,42768.0
2024-01-10 14:13:00,164.39,164.44,164.39,164.44,700.0,108344.0
2024-01-10 14:14:00,164.18,164.31,163.72,163.72,800.0,135976.0
2024-01-10 14:15:00,164.11,164.11,164.11,164.11,400.0,65620.0
2024-01-10 14:16:00,163.94,163.94,163.94,163.94,200.0,32788.0
2024-01-10 14:17:00,163.78,163.78,163.71,163.71,1300.0,206157.0
2024-01-10 14:18:00,163.71,163.71,163.71,163.71,0.0,0.0
2024-01-10 14:19:00,163.71,163.71,163.71,163.71,0.0,0.0
2024-01-10 14:20:00,163.71,163.71,163.71,163.71,300.0,49113.0
2024-01-10 14:21:00,163.71,163.71,163.71,163.71,0.0,0.0
2024-01-10 14:22:00,163.53,163.53,163.53,163.53,600.0,111542.0
2024-01-10 14:23:00,163.5,163.5,163.1,163.1,1400.0,223436.0
2024-01-10 14:24:00,163.1,163.1,162.46,162.46,2600.0,419077.0
2024-01-10 14:25:00,162.45,163.48,162.2,162.6,9000.0,1463080.0
2024-01-10 14:26:00,162.6,162.89,162.16,162.22,4400.0,711208.0
2024-01-10 14:27:00,161.59,161.79,161.59,161.79,8300.0,1342864.0
2024-01-10 14:28:00,161.8,161.8,161.6,161.64,2100.0,347204.0
2024-01-10 14:29:00,161.7,161.7,161.36,161.36,1900.0,302400.0
2024-01-10 14:30:00,161.36,161.36,161.02,161.35,3200.0,526150.0
2024-01-10 14:31:00,161.99,162.0,161.62,161.62,500.0,79505.0
2024-01-10 14:32:00,162.0,162.02,162.0,162.02,500.0,70474.0
2024-01-10 14:33:00,162.21,162.21,162.0,162.0,1300.0,221256.0
2024-01-10 14:34:00,161.86,161.86,161.86,161.86,400.0,64748.0
2024-01-10 14:35:00,161.85,161.86,161.85,161.86,500.0,68789.0
2024-01-10 14:36:00,161.86,161.86,161.86,161.86,0.0,0.0
2024-01-10 14:37:00,162.13,162.13,162.13,162.13,200.0,32426.0
2024-01-10 14:38:00,162.23,162.23,162.23,162.23,300.0,48667.0
2024-01-10 14:39:00,162.23,162.23,162.23,162.23,0.0,0.0
2024-01-10 14:40:00,162.51,162.51,162.51,162.51,0.0,8938.0
2024-01-10 14:41:00,162.51,162.51,162.51,162.51,0.0,0.0
2024-01-10 14:42:00,162.53,162.78,162.53,162.78,600.0,97568.0
2024-01-10 14:43:00,162.8,162.98,162.8,162.87,800.0,135013.0
2024-01-10 14:44:00,162.87,162.87,162.87,162.87,800.0,125933.0
2024-01-10 14:45:00,162.89,162.9,162.54,162.54,1000.0,164455.0
2024-01-10 14:46:00,162.6,162.78,162.6,162.78,1200.0,198735.0
2024-01-10 14:47:00,162.76,162.76,162.31,162.31,1100.0,169913.0
2024-01-10 14:48:00,162.16,162.32,162.16,162.32,1100.0,186470.0
2024-01-10 14:49:00,162.16,162.34,161.9,162.34,1200.0,188023.0
2024-01-10 14:50:00,162.33,162.33,162.32,162.32,700.0,117263.0
2024-01-10 14:51:00,162.03,162.52,162.03,162.52,2700.0,438492.0
2024-01-10 14:52:00,162.57,163.48,162.57,162.69,5300.0,857791.0
2024-01-10 14:53:00,162.79,162.79,162.79,162.79,100.0,19209.0
2024-01-10 14:54:00,162.79,162.79,162.79,162.79,1800.0,298885.0
2024-01-10 14:55:00,162.79,162.8,162.79,162.8,600.0,97678.0
2024-01-10 14:56:00,162.79,162.8,162.79,162.79,2700.0,427348.0
2024-01-10 14:57:00,162.56,162.76,162.56,162.56,1500.0,249743.0
2024-01-10 14:58:00,162.56,162.56,162.56,162.56,0.0,0.0
2024-01-10 14:59:00,162.56,162.56,162.56,162.56,0.0,0.0
2024-01-10 15:00:00,162.0,162.0,162.0,162.0,4200.0,678618.0
2024-01-11 09:31:00,162.99,163.51,162.21,162.96,8900.0,1455528.0
2024-01-11 09:32:00,162.96,162.99,162.96,162.99,800.0,130539.0
2024-01-11 09:33:00,163.67,163.99,163.67,163.99,900.0,145730.0
2024-01-11 09:34:00,164.11,164.11,164.04,164.04,900.0,142066.0
2024-01-11 09:35:00,164.5,165.48,164.5,164.99,4300.0,704907.0
2024-01-11 09:36:00,164.99,164.99,164.7,164.97,1900.0,311653.0
2024-01-11 09:37:00,164.99,164.99,163.86,163.86,5600.0,927957.0
2024-01-11 09:38:00,163.68,165.0,163.67,165.0,7500.0,1229859.0
2024-01-11 09:39:00,164.22,164.22,164.22,164.22,200.0,32844.0
2024-01-11 09:40:00,164.1,165.1,164.1,165.0,3300.0,543941.0
2024-01-11 09:41:00,165.11,165.68,164.8,165.68,6600.0,1103187.0
2024-01-11 09:42:00,165.99,166.42,165.67,165.67,7000.0,1157747.0
2024-01-11 09:43:00,165.95,166.1,165.95,166.1,4700.0,776444.0
2024-01-11 09:44:00,166.32,166.32,165.59,166.0,3200.0,530799.0
2024-01-11 09:45:00,166.0,166.28,165.87,165.87,1900.0,327053.0
2024-01-11 09:46:00,166.28,166.29,166.25,166.25,6200.0,1024133.0
2024-01-11 09:47:00,165.87,166.25,165.63,166.2,3200.0,529457.0
2024-01-11 09:48:00,166.2,166.58,165.55,165.55,10300.0,1716574.0
2024-01-11 09:49:00,165.88,165.88,165.88,165.88,4100.0,679195.0
2024-01-11 09:50:00,165.88,166.3,165.51,166.29,8200.0,1350112.0
2024-01-11 09:51:00,165.8,165.8,165.1,165.2,7000.0,1161460.0
2024-01-11 09:52:00,165.2,165.66,165.11,165.66,6000.0,992142.0
2024-01-11 09:53:00,166.2,166.29,166.2,166.29,1200.0,198770.0
2024-01-11 09:54:00,166.0,166.0,165.54,165.54,1400.0,233721.0
2024-01-11 09:55:00,165.49,165.49,165.2,165.2,900.0,156483.0
2024-01-11 09:56:00,165.22,165.99,165.22,165.5,2100.0,344096.0
2024-01-11 09:57:00,165.47,165.95,165.47,165.76,3200.0,525309.0
2024-01-11 09:58:00,165.3,165.3,165.0,165.12,6200.0,1022557.0
2024-01-11 09:59:00,165.12,165.14,164.8,164.8,600.0,104131.0
2024-01-11 10:00:00,164.29,164.29,164.29,164.29,200.0,32858.0
2024-01-11 10:01:00,164.79,164.79,164.38,164.38,400.0,65834.0
2024-01-11 10:02:00,164.6,164.6,164.6,164.6,200.0,32920.0
2024-01-11 10:03:00,164.78,164.78,164.78,164.78,800.0,131824.0
2024-01-11 10:04:00,164.78,164.79,164.78,164.79,600.0,98870.0
2024-01-11 10:05:00,165.13,165.13,164.78,164.78,400.0,65982.0
2024-01-11 10:06:00,164.6,164.6,164.6,164.6,100.0,16305.0
2024-01-11 10:07:00,164.6,164.6,164.6,164.6,100.0,24854.0
2024-01-11 10:08:00,164.55,165.14,164.5,165.07,1300.0,214064.0
2024-01-11 10:09:00,165.07,165.09,165.07,165.09,500.0,68013.0
2024-01-11 10:10:00,165.09,165.09,165.09,165.09,0.0,0.0
2024-01-11 10:11:00,165.09,165.09,165.09,165.09,0.0,0.0
2024-01-11 10:12:00,165.1,165.1,164.93,164.93,400.0,67820.0
2024-01-11 10:13:00,164.81,164.81,164.02,164.81,7000.0,1156788.0
2024-01-11 10:14:00,164.93,165.81,164.93,165.81,2800.0,464746.0
2024-01-11 10:15:00,165.81,165.82,165.81,165.82,1700.0,283690.0
2024-01-11 10:16:00,165.75,165.75,165.75,165.75,200.0,33150.0
2024-01-11 10:17:00,165.75,165.75,165.75,165.75,0.0,0.0
2024-01-11 10:18:00,165.83,166.25,165.83,166.25,1900.0,319129.0
2024-01-11 10:19:00,166.25,166.28,165.68,165.88,3200.0,528997.0
2024-01-11 10:20:00,165.77,165.79,165.35,165.35,1900.0,309646.0
2024-01-11 10:21:00,165.52,165.52,165.08,165.09,1600.0,264908.0
2024-01-11 10:22:00,165.42,165.43,165.42,165.43,400.0,67327.0
2024-01-11 10:23:00,165.27,165.29,165.27,165.29,400.0,66112.0
2024-01-11 10:24:00,165.43,165.79,165.43,165.79,800.0,132458.0
2024-01-11 10:25:00,165.51,165.91,165.51,165.91,900.0,148229.0
2024-01-11 10:26:00,165.45,165.45,165.45,165.45,600.0,99274.0
2024-01-11 10:27:00,164.96,164.96,164.96,164.96,1200.0,197992.0
2024-01-11 10:28:00,164.96,164.96,164.52,164.82,5200.0,849313.0
2024-01-11 10:29:00,164.99,164.99,164.99,164.99,200.0,32998.0
2024-01-11 10:30:00,164.72,164.72,164.72,164.72,200.0,32944.0
2024-01-11 10:31:00,164.98,165.87,164.98,165.87,2300.0,380191.0
2024-01-11 10:32:00,165.87,165.87,165.87,165.87,0.0,0.0
2024-01-11 10:33:00,165.42,165.84,165.41,165.84,800.0,132418.0
2024-01-11 10:34:00,165.46,165.58,165.44,165.58,600.0,99296.0
2024-01-11 10:35:00,165.05,165.05,165.05,165.05,500.0,82525.0
2024-01-11 10:36:00,165.21,165.21,165.21,165.21,200.0,42954.0
2024-01-11 10:37:00,165.5,165.6,165.5,165.6,800.0,124150.0
2024-01-11 10:38:00,165.62,165.68,165.62,165.68,2400.0,401911.0
2024-01-11 10:39:00,165.32,165.65,165.32,165.65,1200.0,192499.0
2024-01-11 10:40:00,165.43,165.86,165.43,165.86,1900.0,322469.0
2024-01-11 10:41:00,165.87,166.16,165.87,166.16,1800.0,296668.0
2024-01-11 10:42:00,166.16,166.27,165.97,165.97,3600.0,593040.0
2024-01-11 10:43:00,166.2,166.2,166.2,166.2,200.0,45015.0
2024-01-11 10:44:00,165.86,166.08,165.77,166.08,1300.0,208108.0
2024-01-11 10:45:00,166.08,166.3,166.0,166.3,10300.0,1716504.0
2024-01-11 10:46:00,166.14,166.27,166.0,166.27,800.0,134545.0
2024-01-11 10:47:00,165.87,165.87,165.87,165.87,1000.0,166433.0
2024-01-11 10:48:00,165.87,165.87,165.87,165.87,600.0,99522.0
2024-01-11 10:49:00,165.59,165.59,165.56,165.56,400.0,66230.0
2024-01-11 10:50:00,165.56,165.56,165.56,165.56,0.0,0.0
2024-01-11 10:51:00,165.57,165.57,165.52,165.52,900.0,145857.0
2024-01-11 10:52:00,165.44,165.44,165.15,165.15,900.0,141559.0
2024-01-11 10:53:00,165.13,165.13,165.13,165.13,500.0,82569.0
2024-01-11 10:54:00,165.0,165.07,164.98,164.98,700.0,122600.0
2024-01-11 10:55:00,165.08,165.08,165.08,165.08,200.0,33011.0
2024-01-11 10:56:00,164.85,164.85,164.82,164.82,1200.0,203744.0
2024-01-11 10:57:00,164.85,164.85,164.22,164.22,1400.0,215943.0
2024-01-11 10:58:00,164.33,165.08,164.33,165.08,800.0,131561.0
2024-01-11 10:59:00,165.08,165.08,165.08,165.08,0.0,0.0
2024-01-11 11:00:00,165.08,165.08,165.08,165.08,0.0,0.0
2024-01-11 11:01:00,165.08,165.08,165.08,165.08,0.0,0.0
2024-01-11 11:02:00,165.08,165.08,165.08,165.08,0.0,0.0
2024-01-11 11:03:00,165.08,165.08,165.08,165.08,0.0,0.0
2024-01-11 11:04:00,164.67,164.67,164.6,164.6,400.0,65854.0
2024-01-11 11:05:00,164.6,164.6,164.6,164.6,0.0,0.0
2024-01-11 11:06:00,164.81,164.81,164.81,164.81,200.0,32962.0
2024-01-11 11:07:00,165.02,165.08,165.01,165.01,800.0,140439.0
2024-01-11 11:08:00,165.0,165.57,165.0,165.57,3600.0,590281.0
2024-01-11 11:09:00,165.57,165.57,165.13,165.13,400.0,66140.0
2024-01-11 11:10:00,165.55,165.55,165.55,165.55,200.0,33110.0
2024-01-11 11:11:00,165.18,165.18,165.18,165.18,100.0,14536.0
2024-01-11 11:12:00,165.18,165.18,165.18,165.18,100.0,18500.0
2024-01-11 11:13:00,165.1,165.1,165.1,165.1,200.0,33020.0
2024-01-11 11:14:00,165.1,165.1,165.1,165.1,0.0,0.0
2024-01-11 11:15:00,165.48,165.48,165.48,165.48,200.0,33096.0
2024-01-11 11:16:00,165.46,165.47,165.46,165.47,400.0,66186.0
2024-01-11 11:17:00,165.47,165.47,165.47,165.47,0.0,0.0
2024-01-11 11:18:00,165.47,165.47,165.47,165.47,0.0,0.0
2024-01-11 11:19:00,165.12,165.12,165.12,165.12,200.0,34345.0
2024-01-11 11:20:00,165.06,165.06,164.6,164.6,1100.0,179828.0
2024-01-11 11:21:00,164.6,164.6,164.6,164.6,0.0,0.0
2024-01-11 11:22:00,164.6,164.6,164.6,164.6,0.0,0.0
2024-01-11 11:23:00,164.6,164.6,164.6,164.6,0.0,0.0
2024-01-11 11:24:00,164.6,164.6,164.6,164.6,0.0,0.0
2024-01-11 11:25:00,164.73,164.73,164.73,164.73,200.0,32946.0
2024-01-11 11:26:00,164.73,164.73,164.73,164.73,0.0,0.0
2024-01-11 11:27:00,164.73,164.73,164.73,164.73,0.0,0.0
2024-01-11 11:28:00,164.73,165.5,164.73,165.5,2200.0,363596.0
2024-01-11 11:29:00,165.5,165.5,165.5,165.5,0.0,0.0
2024-01-11 11:30:00,165.51,165.51,164.86,164.86,200.0,40850.0
2024-01-11 13:01:00,164.91,165.33,164.91,165.33,600.0,87157.0
2024-01-11 13:02:00,164.93,165.36,164.93,165.36,800.0,136771.0
2024-01-11 13:03:00,165.36,165.57,165.36,165.57,700.0,119127.0
2024-01-11 13:04:00,165.97,166.3,165.97,166.3,4100.0,687991.0
2024-01-11 13:05:00,166.19,167.0,166.19,167.0,13600.0,2264922.0
2024-01-11 13:06:00,167.07,167.72,167.04,167.04,10300.0,1711199.0
2024-01-11 13:07:00,166.87,166.9,166.82,166.82,800.0,132776.0
2024-01-11 13:08:00,166.79,167.25,166.79,167.25,2600.0,434286.0
2024-01-11 13:09:00,166.63,167.25,166.63,167.25,1300.0,229806.0
2024-01-11 13:10:00,167.3,167.7,167.07,167.35,3300.0,552728.0
2024-01-11 13:11:00,167.72,167.74,167.46,167.46,2800.0,459845.0
2024-01-11 13:12:00,167.8,167.99,167.56,167.56,1800.0,309414.0
2024-01-11 13:13:00,167.54,167.57,167.36,167.36,1600.0,268721.0
2024-01-11 13:14:00,166.73,167.06,166.58,167.06,1800.0,300374.0
2024-01-11 13:15:00,167.06,167.06,166.7,166.7,2800.0,458113.0
2024-01-11 13:16:00,167.06,167.93,167.06,167.8,14200.0,2380351.0
2024-01-11 13:17:00,167.93,168.0,167.45,167.82,7500.0,1260521.0
2024-01-11 13:18:00,167.82,167.87,167.5,167.86,3700.0,615857.0
2024-01-11 13:19:00,167.86,167.86,167.5,167.78,3000.0,502852.0
2024-01-11 13:20:00,167.78,168.2,167.78,168.2,2600.0,447560.0
2024-01-11 13:21:00,167.99,167.99,167.99,167.99,200.0,33598.0
2024-01-11 13:22:00,168.0,168.0,167.52,167.52,2300.0,374226.0
2024-01-11 13:23:00,167.5,167.5,167.07,167.41,1900.0,329360.0
2024-01-11 13:24:00,167.15,167.66,167.15,167.66,2300.0,373173.0
2024-01-11 13:25:00,167.36,167.36,167.28,167.28,600.0,100400.0
2024-01-11 13:26:00,167.2,167.5,167.2,167.5,400.0,66940.0
2024-01-11 13:27:00,167.18,167.18,167.18,167.18,200.0,33436.0
2024-01-11 13:28:00,167.18,167.18,167.17,167.18,900.0,150462.0
2024-01-11 13:29:00,167.48,167.66,167.46,167.46,1600.0,274859.0
2024-01-11 13:30:00,167.63,167.63,167.62,167.62,1400.0,233844.0
2024-01-11 13:31:00,167.52,167.57,167.52,167.57,1100.0,187495.0
2024-01-11 13:32:00,167.1,167.58,167.1,167.58,2000.0,331469.0
2024-01-11 13:33:00,167.6,167.88,167.6,167.88,4500.0,753464.0
2024-01-11 13:34:00,167.89,167.93,167.86,167.86,3200.0,544308.0
2024-01-11 13:35:00,167.86,167.86,167.86,167.86,0.0,0.0
2024-01-11 13:36:00,167.62,167.62,167.25,167.25,900.0,147306.0
2024-01-11 13:37:00,167.61,167.61,167.61,167.61,400.0,67715.0
2024-01-11 13:38:00,167.62,167.62,167.62,167.62,900.0,150858.0
2024-01-11 13:39:00,167.62,167.62,167.62,167.62,700.0,117334.0
2024-01-11 13:40:00,167.61,167.61,167.61,167.61,400.0,71569.0
2024-01-11 13:41:00,167.82,167.99,167.8,167.99,2600.0,436456.0
2024-01-11 13:42:00,168.0,168.32,168.0,168.32,8200.0,1372129.0
2024-01-11 13:43:00,168.32,168.33,167.95,167.95,1500.0,258077.0
2024-01-11 13:44:00,167.93,167.93,167.93,167.93,400.0,67172.0
2024-01-11 13:45:00,167.93,167.93,167.93,167.93,200.0,33586.0
2024-01-11 13:46:00,167.93,167.93,167.93,167.93,0.0,0.0
2024-01-11 13:47:00,167.9,167.9,167.89,167.89,500.0,73706.0
2024-01-11 13:48:00,167.9,167.91,167.9,167.91,400.0,63469.0
2024-01-11 13:49:00,167.93,167.93,167.91,167.91,400.0,74724.0
2024-01-11 13:50:00,167.91,167.91,167.91,167.91,700.0,117537.0
2024-01-11 13:51:00,168.0,168.16,167.93,167.93,3100.0,517264.0
2024-01-11 13:52:00,168.15,168.15,168.0,168.0,800.0,132640.0
2024-01-11 13:53:00,167.99,167.99,167.99,167.99,200.0,44182.0
2024-01-11 13:54:00,167.93,167.93,167.61,167.61,1800.0,300467.0
2024-01-11 13:55:00,167.61,167.61,167.61,167.61,200.0,33522.0
2024-01-11 13:56:00,167.61,168.0,167.61,168.0,900.0,151069.0
2024-01-11 13:57:00,168.08,168.08,167.87,167.87,1000.0,167916.0
2024-01-11 13:58:00,167.87,167.87,167.87,167.87,0.0,0.0
2024-01-11 13:59:00,167.61,167.61,167.61,167.61,500.0,73748.0
2024-01-11 14:00:00,167.61,167.75,167.61,167.75,1200.0,202074.0
2024-01-11 14:01:00,167.72,167.72,167.3,167.3,400.0,67004.0
2024-01-11 14:02:00,167.28,167.28,167.18,167.18,1800.0,311787.0
2024-01-11 14:03:00,167.18,167.18,166.8,166.8,1500.0,237323.0
2024-01-11 14:04:00,166.0,166.96,166.0,166.51,2400.0,399790.0
2024-01-11 14:05:00,166.96,166.96,166.96,166.96,1000.0,166956.0
2024-01-11 14:06:00,166.96,166.99,166.96,166.97,2300.0,383969.0
2024-01-11 14:07:00,166.97,166.97,166.97,166.97,0.0,0.0
2024-01-11 14:08:00,166.96,166.96,166.96,166.96,500.0,83484.0
2024-01-11 14:09:00,166.69,166.69,166.68,166.68,800.0,139695.0
2024-01-11 14:10:00,166.68,166.68,166.68,166.68,0.0,0.0
2024-01-11 14:11:00,166.69,166.69,166.66,166.66,1800.0,309187.0
2024-01-11 14:12:00,166.66,166.66,166.66,166.66,0.0,0.0
2024-01-11 14:13:00,166.25,166.25,165.99,165.99,3000.0,496305.0
2024-01-11 14:14:00,166.52,166.52,165.0,165.0,7100.0,1167864.0
2024-01-11 14:15:00,166.23,166.23,165.55,165.55,1600.0,267321.0
2024-01-11 14:16:00,166.09,166.22,166.09,166.22,600.0,99706.0
2024-01-11 14:17:00,166.57,166.57,166.57,166.57,200.0,33314.0
2024-01-11 14:18:00,166.5,166.5,166.5,166.5,200.0,33300.0
2024-01-11 14:19:00,166.5,166.5,166.5,166.5,0.0,0.0
2024-01-11 14:20:00,166.23,166.23,166.23,166.23,200.0,33246.0
2024-01-11 14:21:00,166.23,166.23,166.23,166.23,0.0,0.0
2024-01-11 14:22:00,166.23,166.5,166.23,166.5,1400.0,238978.0
2024-01-11 14:23:00,166.49,166.49,166.49,166.49,200.0,33298.0
2024-01-11 14:24:00,166.49,166.49,166.49,166.49,0.0,0.0
2024-01-11 14:25:00,166.56,166.6,166.56,166.6,1100.0,169890.0
2024-01-11 14:26:00,166.58,166.99,166.58,166.99,8100.0,1354384.0
2024-01-11 14:27:00,166.99,166.99,166.99,166.99,0.0,0.0
2024-01-11 14:28:00,166.99,166.99,166.79,166.79,400.0,66756.0
2024-01-11 14:29:00,166.79,166.99,166.79,166.99,800.0,130469.0
2024-01-11 14:30:00,166.99,166.99,166.99,166.99,0.0,0.0
2024-01-11 14:31:00,166.99,166.99,166.99,166.99,0.0,0.0
2024-01-11 14:32:00,166.79,166.96,166.79,166.96,700.0,116787.0
2024-01-11 14:33:00,166.98,166.99,166.98,166.99,400.0,67295.0
2024-01-11 14:34:00,166.79,167.0,166.77,167.0,4700.0,782942.0
2024-01-11 14:35:00,167.0,167.0,167.0,167.0,1000.0,167000.0
2024-01-11 14:36:00,167.0,167.25,166.82,166.84,1400.0,234954.0
2024-01-11 14:37:00,166.84,166.84,166.84,166.84,300.0,50052.0
2024-01-11 14:38:00,166.99,167.1,166.99,167.1,900.0,151491.0
2024-01-11 14:39:00,167.27,167.27,167.27,167.27,200.0,33454.0
2024-01-11 14:40:00,167.11,167.11,167.0,167.09,2400.0,398258.0
2024-01-11 14:41:00,166.86,166.86,166.8,166.8,1600.0,272611.0
2024-01-11 14:42:00,166.8,167.0,166.79,167.0,2000.0,336505.0
2024-01-11 14:43:00,167.12,167.12,167.0,167.0,400.0,66824.0
2024-01-11 14:44:00,167.0,167.09,166.83,167.0,1600.0,267215.0
2024-01-11 14:45:00,167.0,167.0,166.66,167.0,700.0,116985.0
2024-01-11 14:46:00,166.8,167.06,166.8,167.0,1100.0,175596.0
2024-01-11 14:47:00,166.81,166.81,166.8,166.81,1900.0,330471.0
2024-01-11 14:48:00,166.8,166.8,166.8,166.8,200.0,33360.0
2024-01-11 14:49:00,166.8,167.03,166.8,167.03,1600.0,252290.0
2024-01-11 14:50:00,166.8,167.0,166.8,167.0,600.0,100122.0
2024-01-11 14:51:00,167.0,167.11,166.83,166.83,2500.0,427953.0
2024-01-11 14:52:00,167.1,167.1,166.88,166.89,1900.0,310185.0
2024-01-11 14:53:00,167.17,167.43,167.17,167.43,6700.0,1117214.0
2024-01-11 14:54:00,167.42,167.42,166.89,166.89,2100.0,352567.0
2024-01-11 14:55:00,166.94,167.3,166.94,166.94,900.0,150824.0
2024-01-11 14:56:00,167.3,167.3,167.2,167.29,1500.0,248741.0
2024-01-11 14:57:00,167.3,167.6,167.3,167.6,5200.0,869772.0
2024-01-11 14:58:00,167.6,167.6,167.6,167.6,0.0,0.0
2024-01-11 14:59:00,167.6,167.6,167.6,167.6,0.0,0.0
2024-01-11 15:00:00,167.6,167.6,167.6,167.6,5400.0,910068.0
2024-01-12 09:31:00,166.59,166.59,165.87,165.88,5200.0,858206.0
2024-01-12 09:32:00,165.87,165.87,165.01,165.2,6200.0,1029307.0
2024-01-12 09:33:00,165.69,165.69,165.61,165.61,1100.0,186543.0
2024-01-12 09:34:00,165.25,165.63,165.21,165.28,4000.0,660362.0
2024-01-12 09:35:00,165.28,165.78,165.21,165.78,3300.0,546836.0
2024-01-12 09:36:00,165.8,166.88,165.8,166.2,1400.0,232734.0
2024-01-12 09:37:00,166.0,166.48,165.8,166.48,800.0,135844.0
2024-01-12 09:38:00,166.48,167.0,166.48,167.0,1700.0,277877.0
2024-01-12 09:39:00,167.53,167.53,167.53,167.53,400.0,67010.0
2024-01-12 09:40:00,167.15,167.15,166.55,166.81,6200.0,1040556.0
2024-01-12 09:41:00,166.8,167.1,166.8,167.1,1300.0,217058.0
2024-01-12 09:42:00,167.11,167.42,167.11,167.42,4400.0,726238.0
2024-01-12 09:43:00,167.42,167.55,167.42,167.42,2400.0,408032.0
2024-01-12 09:44:00,167.42,167.43,166.8,166.8,7200.0,1198087.0
2024-01-12 09:45:00,166.81,166.81,166.79,166.79,500.0,83397.0
2024-01-12 09:46:00,166.78,166.78,166.1,166.1,1000.0,166276.0
2024-01-12 09:47:00,166.1,166.44,166.1,166.44,300.0,53220.0
2024-01-12 09:48:00,166.31,166.31,166.24,166.24,1400.0,232794.0
2024-01-12 09:49:00,166.24,166.24,166.24,166.24,0.0,0.0
2024-01-12 09:50:00,166.07,166.15,166.0,166.15,3400.0,561281.0
2024-01-12 09:51:00,166.14,166.14,165.7,165.79,4400.0,726621.0
2024-01-12 09:52:00,165.66,165.67,165.65,165.66,3100.0,513602.0
2024-01-12 09:53:00,165.62,165.8,165.62,165.62,2500.0,422814.0
2024-01-12 09:54:00,165.62,165.63,165.62,165.62,1000.0,171423.0
2024-01-12 09:55:00,165.8,165.98,165.7,165.98,1100.0,179567.0
2024-01-12 09:56:00,165.98,166.23,165.98,166.23,3300.0,535277.0
2024-01-12 09:57:00,166.23,166.24,166.23,166.24,1500.0,261302.0
2024-01-12 09:58:00,166.27,166.27,166.15,166.15,700.0,105033.0
2024-01-12 09:59:00,166.14,166.22,166.14,166.22,1400.0,232612.0
2024-01-12 10:00:00,166.08,166.08,165.71,165.71,1800.0,307889.0
2024-01-12 10:01:00,165.72,165.72,165.72,165.72,200.0,34966.0
2024-01-12 10:02:00,165.8,165.98,165.8,165.81,1500.0,248736.0
2024-01-12 10:03:00,165.99,166.18,165.99,166.18,800.0,135507.0
2024-01-12 10:04:00,166.27,166.27,166.27,166.27,200.0,33254.0
2024-01-12 10:05:00,166.45,167.11,166.45,167.11,3100.0,505342.0
2024-01-12 10:06:00,166.49,167.2,166.49,166.5,2600.0,432121.0
2024-01-12 10:07:00,166.84,167.15,166.84,167.15,1400.0,245047.0
2024-01-12 10:08:00,166.82,166.82,166.82,166.82,200.0,33364.0
2024-01-12 10:09:00,166.82,166.82,166.82,166.82,0.0,0.0
2024-01-12 10:10:00,166.42,166.42,166.42,166.42,1000.0,168269.0
2024-01-12 10:11:00,166.78,166.79,166.21,166.79,1100.0,168798.0
2024-01-12 10:12:00,166.82,166.82,166.35,166.36,1100.0,189251.0
2024-01-12 10:13:00,166.36,166.36,166.36,166.36,500.0,83180.0
2024-01-12 10:14:00,166.36,166.36,166.36,166.36,0.0,0.0
2024-01-12 10:15:00,166.38,166.38,166.29,166.29,4100.0,680684.0
2024-01-12 10:16:00,166.29,166.29,166.29,166.29,0.0,0.0
2024-01-12 10:17:00,166.33,166.33,166.15,166.15,500.0,83117.0
2024-01-12 10:18:00,166.34,166.34,166.09,166.09,2000.0,341767.0
2024-01-12 10:19:00,166.09,166.1,166.09,166.09,600.0,93012.0
2024-01-12 10:20:00,166.35,166.35,166.35,166.35,200.0,33270.0
2024-01-12 10:21:00,166.59,166.59,166.14,166.47,3500.0,574913.0
2024-01-12 10:22:00,166.19,166.41,166.0,166.0,3900.0,649770.0
2024-01-12 10:23:00,166.0,166.0,165.71,165.96,10500.0,1751159.0
2024-01-12 10:24:00,165.79,165.79,165.78,165.78,600.0,92341.0
2024-01-12 10:25:00,165.76,165.97,165.76,165.96,1200.0,209752.0
2024-01-12 10:26:00,166.18,166.5,166.18,166.5,6200.0,1018959.0
2024-01-12 10:27:00,166.18,166.18,166.15,166.15,600.0,111007.0
2024-01-12 10:28:00,166.12,166.12,166.12,166.12,200.0,33722.0
2024-01-12 10:29:00,166.12,166.12,166.12,166.12,200.0,33224.0
2024-01-12 10:30:00,166.12,166.12,166.12,166.12,200.0,33888.0
2024-01-12 10:31:00,166.2,166.2,166.2,166.2,2700.0,434427.0
2024-01-12 10:32:00,166.2,166.2,165.9,165.9,1600.0,271138.0
2024-01-12 10:33:00,165.9,165.9,165.85,165.85,600.0,96709.0
2024-01-12 10:34:00,165.77,165.77,165.77,165.77,1000.0,165776.0
2024-01-12 10:35:00,165.77,165.77,165.35,165.35,9700.0,1619265.0
2024-01-12 10:36:00,165.3,165.35,165.21,165.21,3000.0,485327.0
2024-01-12 10:37:00,165.2,165.2,165.03,165.19,6000.0,996716.0
2024-01-12 10:38:00,165.34,165.66,165.34,165.66,2100.0,344836.0
2024-01-12 10:39:00,165.66,165.66,165.66,165.66,0.0,0.0
2024-01-12 10:40:00,165.4,165.4,165.32,165.32,1000.0,165384.0
2024-01-12 10:41:00,165.58,165.58,165.58,165.58,200.0,39889.0
2024-01-12 10:42:00,165.4,165.4,165.28,165.4,1000.0,161079.0
2024-01-12 10:43:00,165.5,165.5,165.5,165.5,200.0,33100.0
2024-01-12 10:44:00,165.28,165.28,165.28,165.28,400.0,66112.0
2024-01-12 10:45:00,165.28,165.28,165.28,165.28,200.0,33056.0
2024-01-12 10:46:00,165.52,165.52,165.52,165.52,900.0,148968.0
2024-01-12 10:47:00,165.5,165.5,165.36,165.36,1200.0,198460.0
2024-01-12 10:48:00,165.35,165.35,165.28,165.3,1500.0,239052.0
2024-01-12 10:49:00,165.3,165.3,164.9,164.9,9200.0,1520608.0
2024-01-12 10:50:00,164.9,164.9,164.9,164.9,0.0,0.0
2024-01-12 10:51:00,164.9,164.98,164.9,164.9,1300.0,225456.0
2024-01-12 10:52:00,164.72,164.72,164.59,164.59,1900.0,300879.0
2024-01-12 10:53:00,164.59,164.59,164.19,164.19,1600.0,268473.0
2024-01-12 10:54:00,164.19,164.19,164.03,164.03,2000.0,334008.0
2024-01-12 10:55:00,164.19,164.58,164.19,164.58,400.0,65754.0
2024-01-12 10:56:00,164.3,164.3,164.29,164.29,400.0,65718.0
2024-01-12 10:57:00,164.31,164.31,164.3,164.3,700.0,112883.0
2024-01-12 10:58:00,164.47,164.48,164.47,164.48,600.0,98684.0
2024-01-12 10:59:00,164.32,164.32,164.3,164.3,800.0,132269.0
2024-01-12 11:00:00,164.22,164.3,164.18,164.18,1500.0,246653.0
2024-01-12 11:01:00,164.03,164.1,164.01,164.01,1400.0,229652.0
2024-01-12 11:02:00,164.01,164.01,163.5,163.5,4000.0,646789.0
2024-01-12 11:03:00,163.78,163.78,163.58,163.58,1000.0,172881.0
2024-01-12 11:04:00,163.66,163.66,163.5,163.58,1800.0,291637.0
2024-01-12 11:05:00,163.6,163.6,163.33,163.33,1500.0,245230.0
2024-01-12 11:06:00,163.14,163.14,162.68,162.68,8600.0,1406909.0
2024-01-12 11:07:00,162.68,163.05,162.6,163.05,4100.0,656367.0
2024-01-12 11:08:00,163.6,163.6,162.67,162.78,3300.0,537983.0
2024-01-12 11:09:00,162.8,163.45,162.79,162.82,7500.0,1232801.0
2024-01-12 11:10:00,163.37,163.37,163.37,163.37,400.0,66151.0
2024-01-12 11:11:00,163.37,163.37,162.83,162.84,8000.0,1298498.0
2024-01-12 11:12:00,163.3,163.37,163.0,163.0,5300.0,867065.0
2024-01-12 11:13:00,163.02,163.1,163.02,163.1,400.0,65224.0
2024-01-12 11:14:00,163.1,163.1,163.1,163.1,600.0,98513.0
2024-01-12 11:15:00,163.1,163.37,163.1,163.37,1100.0,170874.0
2024-01-12 11:16:00,163.37,163.37,163.37,163.37,400.0,65348.0
2024-01-12 11:17:00,163.3,163.66,163.3,163.66,4400.0,722324.0
2024-01-12 11:18:00,164.04,164.25,164.04,164.25,500.0,82041.0
2024-01-12 11:19:00,164.16,164.16,164.16,164.16,200.0,32832.0
2024-01-12 11:20:00,164.21,164.3,164.21,164.21,2900.0,474781.0
2024-01-12 11:21:00,164.3,165.22,164.3,164.91,5000.0,818904.0
2024-01-12 11:22:00,164.91,164.91,164.91,164.91,200.0,32982.0
2024-01-12 11:23:00,164.6,164.6,164.6,164.6,700.0,127236.0
2024-01-12 11:24:00,164.6,164.6,164.6,164.6,0.0,0.0
2024-01-12 11:25:00,164.6,164.6,164.6,164.6,400.0,64523.0
2024-01-12 11:26:00,164.6,164.6,164.6,164.6,800.0,133161.0
2024-01-12 11:27:00,164.6,164.6,164.3,164.3,700.0,105776.0
2024-01-12 11:28:00,164.3,164.3,164.3,164.3,200.0,45018.0
2024-01-12 11:29:00,164.29,164.29,164.29,164.29,300.0,49289.0
2024-01-12 11:30:00,164.5,164.81,164.5,164.81,400.0,65862.0
2024-01-12 13:01:00,164.81,164.81,164.81,164.81,600.0,93283.0
2024-01-12 13:02:00,164.82,164.82,164.81,164.81,3100.0,501848.0
2024-01-12 13:03:00,164.81,164.81,164.81,164.81,0.0,0.0
2024-01-12 13:04:00,164.81,164.81,164.81,164.81,500.0,92294.0
2024-01-12 13:05:00,164.81,164.81,164.81,164.81,0.0,0.0
2024-01-12 13:06:00,164.55,164.55,164.55,164.55,200.0,32910.0
2024-01-12 13:07:00,164.29,164.29,164.29,164.29,1500.0,238525.0
2024-01-12 13:08:00,164.29,164.29,164.29,164.29,0.0,0.0
2024-01-12 13:09:00,164.29,164.29,164.29,164.29,0.0,0.0
2024-01-12 13:10:00,164.36,164.36,164.36,164.36,1200.0,197234.0
2024-01-12 13:11:00,164.36,164.37,164.36,164.37,1500.0,259034.0
2024-01-12 13:12:00,164.69,164.69,164.69,164.69,1000.0,150197.0
2024-01-12 13:13:00,164.29,164.29,164.22,164.22,2400.0,393415.0
2024-01-12 13:14:00,164.12,164.12,164.12,164.12,1200.0,202524.0
2024-01-12 13:15:00,164.12,164.12,164.12,164.12,0.0,0.0
2024-01-12 13:16:00,164.12,164.12,164.12,164.12,0.0,0.0
2024-01-12 13:17:00,164.18,164.18,164.18,164.18,300.0,49254.0
2024-01-12 13:18:00,164.18,164.18,164.15,164.15,1100.0,190594.0
2024-01-12 13:19:00,164.11,164.11,164.11,164.11,200.0,32822.0
2024-01-12 13:20:00,164.11,164.11,164.11,164.11,0.0,0.0
2024-01-12 13:21:00,164.11,164.11,164.11,164.11,0.0,0.0
2024-01-12 13:22:00,164.03,164.03,163.99,163.99,1000.0,155316.0
2024-01-12 13:23:00,164.03,164.03,163.8,163.8,900.0,147537.0
2024-01-12 13:24:00,163.81,163.81,163.8,163.81,1500.0,242110.0
2024-01-12 13:25:00,163.81,163.81,163.81,163.81,0.0,0.0
2024-01-12 13:26:00,163.81,163.81,163.81,163.81,0.0,0.0
2024-01-12 13:27:00,163.81,163.81,163.81,163.81,0.0,0.0
2024-01-12 13:28:00,164.03,164.03,164.03,164.03,700.0,123514.0
2024-01-12 13:29:00,164.03,164.03,164.03,164.03,0.0,0.0
2024-01-12 13:30:00,164.03,164.03,164.03,164.03,0.0,0.0
2024-01-12 13:31:00,164.13,164.13,164.13,164.13,100.0,7714.0
2024-01-12 13:32:00,164.03,164.03,164.03,164.03,200.0,32806.0
2024-01-12 13:33:00,164.1,164.1,164.1,164.1,200.0,32820.0
2024-01-12 13:34:00,164.11,164.11,163.83,163.83,1100.0,182578.0
2024-01-12 13:35:00,163.83,163.83,163.83,163.83,0.0,0.0
2024-01-12 13:36:00,163.82,163.82,163.82,163.82,200.0,39317.0
2024-01-12 13:37:00,164.0,164.0,164.0,164.0,200.0,32800.0
2024-01-12 13:38:00,163.9,163.9,163.82,163.82,1700.0,277399.0
2024-01-12 13:39:00,163.81,164.24,163.81,164.24,500.0,71021.0
2024-01-12 13:40:00,164.26,164.26,164.26,164.26,200.0,32851.0
2024-01-12 13:41:00,164.26,164.26,164.26,164.26,0.0,0.0
2024-01-12 13:42:00,164.26,164.26,164.26,164.26,0.0,0.0
2024-01-12 13:43:00,164.26,164.26,164.26,164.26,0.0,0.0
2024-01-12 13:44:00,164.02,164.02,163.66,163.66,3100.0,522643.0
2024-01-12 13:45:00,163.77,163.77,163.77,163.77,200.0,32754.0
2024-01-12 13:46:00,163.77,163.77,163.77,163.77,0.0,0.0
2024-01-12 13:47:00,163.78,163.78,163.78,163.78,800.0,121033.0
2024-01-12 13:48:00,163.81,163.81,163.81,163.81,400.0,65524.0
2024-01-12 13:49:00,163.81,163.85,163.78,163.85,600.0,98289.0
2024-01-12 13:50:00,163.85,163.85,163.85,163.85,0.0,0.0
2024-01-12 13:51:00,163.85,163.85,163.85,163.85,0.0,0.0
2024-01-12 13:52:00,163.76,164.09,163.76,164.09,1700.0,275689.0
2024-01-12 13:53:00,163.66,163.66,163.66,163.66,300.0,50263.0
2024-01-12 13:54:00,163.66,163.66,163.66,163.66,1700.0,277076.0
2024-01-12 13:55:00,163.68,164.19,163.68,164.19,900.0,152421.0
2024-01-12 13:56:00,164.19,164.19,164.19,164.19,0.0,0.0
2024-01-12 13:57:00,164.09,164.09,163.67,163.67,3200.0,521436.0
2024-01-12 13:58:00,163.69,163.99,163.69,163.99,400.0,65536.0
2024-01-12 13:59:00,164.08,164.19,164.08,164.11,1300.0,219126.0
2024-01-12 14:00:00,164.11,164.11,164.11,164.11,0.0,0.0
2024-01-12 14:01:00,164.11,164.11,164.11,164.11,0.0,0.0
2024-01-12 14:02:00,164.11,164.11,164.11,164.11,0.0,0.0
2024-01-12 14:03:00,164.11,164.11,164.06,164.06,1200.0,188374.0
2024-01-12 14:04:00,164.06,164.06,164.06,164.06,0.0,0.0
2024-01-12 14:05:00,164.06,164.06,164.06,164.06,200.0,32812.0
2024-01-12 14:06:00,164.06,164.06,164.06,164.06,0.0,0.0
2024-01-12 14:07:00,164.06,164.06,164.06,164.06,0.0,0.0
2024-01-12 14:08:00,164.06,164.34,164.06,164.34,400.0,65680.0
2024-01-12 14:09:00,164.33,164.35,164.33,164.35,1000.0,164338.0
2024-01-12 14:10:00,164.47,164.62,164.36,164.62,2600.0,427929.0
2024-01-12 14:11:00,164.62,164.62,164.62,164.62,0.0,13334.0
2024-01-12 14:12:00,164.34,164.36,164.34,164.34,800.0,133473.0
2024-01-12 14:13:00,163.9,163.9,163.89,163.9,1700.0,263713.0
2024-01-12 14:14:00,164.01,164.3,164.01,164.3,400.0,65662.0
2024-01-12 14:15:00,164.69,164.69,164.69,164.69,200.0,32938.0
2024-01-12 14:16:00,164.27,164.6,164.17,164.6,1200.0,197296.0
2024-01-12 14:17:00,164.54,164.54,164.0,164.0,2000.0,334235.0
2024-01-12 14:18:00,164.17,164.19,164.17,164.19,400.0,65672.0
2024-01-12 14:19:00,164.54,164.54,164.19,164.19,400.0,65910.0
2024-01-12 14:20:00,164.57,164.57,164.19,164.19,700.0,120472.0
2024-01-12 14:21:00,164.18,164.19,164.07,164.07,600.0,99842.0
2024-01-12 14:22:00,164.49,164.49,164.49,164.49,400.0,65796.0
2024-01-12 14:23:00,164.19,164.57,164.19,164.57,1100.0,169755.0
2024-01-12 14:24:00,164.59,164.59,164.25,164.27,1900.0,324636.0
2024-01-12 14:25:00,164.27,164.27,164.27,164.27,0.0,0.0
2024-01-12 14:26:00,164.29,164.29,164.29,164.29,200.0,32858.0
2024-01-12 14:27:00,164.26,164.26,164.21,164.21,800.0,131386.0
2024-01-12 14:28:00,164.11,164.11,164.11,164.11,400.0,64495.0
2024-01-12 14:29:00,163.9,164.23,163.9,164.21,1100.0,181149.0
2024-01-12 14:30:00,163.9,163.92,163.9,163.92,400.0,66551.0
2024-01-12 14:31:00,163.92,163.92,163.92,163.92,0.0,0.0
2024-01-12 14:32:00,163.69,164.0,163.69,163.69,6500.0,1056417.0
2024-01-12 14:33:00,163.69,163.69,163.69,163.69,0.0,0.0
2024-01-12 14:34:00,163.7,164.04,163.26,163.31,4400.0,723931.0
2024-01-12 14:35:00,163.33,163.45,163.31,163.36,1100.0,183480.0
2024-01-12 14:36:00,163.37,163.37,163.27,163.27,2300.0,371561.0
2024-01-12 14:37:00,163.26,163.26,163.01,163.01,1400.0,227503.0
2024-01-12 14:38:00,163.0,163.0,162.83,162.85,7500.0,1220980.0
2024-01-12 14:39:00,162.83,163.14,162.71,163.14,2900.0,476938.0
2024-01-12 14:40:00,162.7,162.7,162.68,162.7,3000.0,478165.0
2024-01-12 14:41:00,162.68,163.0,162.68,163.0,1300.0,214651.0
2024-01-12 14:42:00,162.95,162.95,162.7,162.77,2500.0,414274.0
2024-01-12 14:43:00,162.7,163.17,162.68,163.17,4200.0,671006.0
2024-01-12 14:44:00,163.17,163.17,163.17,163.17,0.0,0.0
2024-01-12 14:45:00,162.76,162.76,162.76,162.76,800.0,137255.0
2024-01-12 14:46:00,162.78,162.78,162.76,162.76,400.0,65108.0
2024-01-12 14:47:00,162.76,162.76,162.72,162.76,1300.0,207344.0
2024-01-12 14:48:00,162.81,162.81,162.81,162.81,700.0,115345.0
2024-01-12 14:49:00,162.8,163.0,162.8,163.0,600.0,97761.0
2024-01-12 14:50:00,162.83,163.14,162.83,163.14,1400.0,225067.0
2024-01-12 14:51:00,162.83,162.83,162.83,162.83,900.0,146549.0
2024-01-12 14:52:00,162.84,163.09,162.84,163.09,1000.0,162939.0
2024-01-12 14:53:00,163.1,163.14,163.1,163.14,3600.0,586729.0
2024-01-12 14:54:00,162.86,162.86,162.86,162.86,500.0,81434.0
2024-01-12 14:55:00,162.88,162.88,162.54,162.54,8600.0,1403664.0
2024-01-12 14:56:00,162.35,162.35,161.83,162.0,6100.0,988379.0
2024-01-12 14:57:00,161.99,162.54,161.99,162.0,5100.0,828208.0
2024-01-12 14:58:00,162.0,162.0,162.0,162.0,0.0,0.0
2024-01-12 14:59:00,162.0,162.0,162.0,162.0,0.0,0.0
2024-01-12 15:00:00,162.6,162.6,162.6,162.6,3700.0,596742.0
